# swapstamp frames 2000 skip 150 peer 1109
# f t_ms gap_us swap_us crend_us cswap_us clr_us nclr vcs_r ivcs_r vcs_s ivcs_s minf majf cpu0 cpu1 pticks pcpu pstate
0 0 28960 1183 29072 1063 7924 1 0 0 0 0 0 0 1 1 0 0 R
1 25 24141 725 21597 693 5413 1 1 2 0 0 0 0 0 0 2 1 R
2 43 17058 767 17106 721 3187 1 0 0 0 0 0 0 0 0 1 1 R
3 66 22576 609 21423 570 5655 1 0 4 0 0 0 0 0 0 1 1 R
4 88 20995 557 21025 532 3756 1 0 0 0 0 1 0 0 0 2 1 R
5 107 18522 1507 18582 1457 3859 1 0 0 0 0 0 0 0 0 1 1 R
6 125 16595 791 16678 698 3299 1 0 0 0 0 0 0 0 0 2 1 R
7 150 24716 554 22179 527 4895 1 0 5 0 0 0 0 0 0 2 1 R
8 170 18892 570 18930 541 3784 1 0 0 0 0 0 0 0 0 1 1 R
9 190 20024 586 20054 553 3826 1 0 0 0 0 0 0 0 0 1 1 R
10 212 21567 712 20585 661 3931 1 0 4 0 0 0 0 0 0 2 1 R
11 231 17806 660 17845 619 3501 1 0 0 0 0 0 0 0 0 2 1 R
12 249 17371 891 17443 826 3839 1 0 0 0 0 0 0 0 0 1 1 R
13 273 23298 821 22182 790 5524 1 0 4 0 0 0 0 0 0 2 1 R
14 293 18708 590 18731 551 4321 1 0 0 0 0 0 0 0 0 1 1 R
15 316 22733 583 22769 548 7711 1 0 0 0 0 0 0 0 0 1 1 R
16 335 18079 778 17366 723 3615 1 0 1 0 0 0 0 0 0 2 1 R
17 359 23994 733 21658 686 5015 1 0 5 0 0 0 0 0 0 2 1 R
18 380 19394 575 19427 548 3275 1 0 0 0 0 0 0 0 0 1 1 R
19 400 19394 608 19425 583 3776 1 0 0 0 0 0 0 0 0 1 1 R
20 423 23209 661 21872 608 4365 1 0 4 0 0 0 0 0 0 2 1 R
21 445 20640 594 20237 564 5241 1 0 1 0 0 0 0 0 0 1 1 R
22 464 18427 612 18457 576 3771 1 0 0 0 0 0 0 0 0 1 1 R
23 486 21830 590 20704 560 3912 1 0 4 0 0 0 0 0 0 1 1 R
24 505 18547 712 18674 574 3734 1 0 0 0 0 0 0 0 0 2 1 R
25 523 17237 810 17298 752 3259 1 0 0 0 0 0 0 0 0 2 1 R
26 542 18244 723 18316 659 4921 1 0 0 0 0 0 0 0 0 2 1 R
27 566 23461 976 21056 950 8452 1 0 4 0 0 0 0 0 0 2 1 R
28 586 18594 577 18627 543 3795 1 0 0 0 0 0 0 0 0 1 1 R
29 606 19407 774 19480 697 3770 1 0 0 0 0 0 0 0 0 1 1 R
30 631 24547 653 23429 600 6047 1 0 4 0 0 0 0 0 0 1 1 R
31 650 17790 683 17835 640 3111 1 0 0 0 0 0 0 0 0 2 1 R
32 668 17750 668 17802 621 3244 1 0 0 0 0 0 0 0 0 1 1 R
33 693 23785 557 22574 525 4983 1 0 4 0 0 0 0 0 0 2 1 R
34 712 19024 578 19063 539 4199 1 0 0 0 0 0 0 0 0 1 1 R
35 745 31645 755 20893 709 3781 1 0 4 0 0 0 0 0 0 2 1 R
36 776 30502 885 21704 823 7064 1 0 7 0 0 0 0 0 0 2 1 R
37 802 25122 830 24526 776 5913 1 0 1 0 0 0 0 0 0 1 1 R
38 823 20245 697 19799 653 5792 1 0 1 0 0 0 0 0 0 2 1 R
39 844 20911 1456 20108 1422 6172 1 0 4 0 0 1 0 0 0 2 1 R
40 863 17316 825 17365 760 3238 1 0 0 0 0 0 0 0 0 2 1 R
41 886 21690 666 21736 606 6355 1 0 0 0 0 0 0 0 0 1 1 R
42 908 21839 591 20654 554 3842 1 0 4 0 0 0 0 0 0 2 1 R
43 929 19947 700 19995 653 3851 1 0 0 0 0 0 0 0 0 2 1 R
44 946 16473 1526 16560 1479 3176 1 0 0 0 0 0 0 0 0 1 1 R
45 974 26562 596 24193 559 9317 1 0 5 0 0 0 0 0 0 2 1 R
46 994 19352 582 19383 553 4412 1 0 0 0 0 0 0 0 0 1 1 R
47 1014 19332 592 19361 559 4203 1 0 0 0 0 0 0 0 0 1 1 R
48 1033 18094 779 18167 712 3792 1 0 0 0 0 0 0 0 0 2 1 R
49 1054 20429 818 19393 758 5768 1 0 4 0 0 0 0 0 0 1 1 R
50 1072 17430 738 17505 677 3607 1 0 0 0 0 0 0 0 0 2 1 R
51 1094 21539 565 21554 536 6030 1 0 0 0 0 0 0 0 0 2 1 R
52 1116 21090 596 19832 560 4334 1 0 4 0 0 0 0 0 0 1 1 R
53 1135 17980 854 18041 798 3253 1 0 0 0 0 0 0 0 0 2 1 R
54 1156 20164 662 18700 641 3179 1 0 1 0 0 0 0 0 0 2 1 R
55 1174 18046 772 18075 738 3298 1 0 0 0 0 0 0 0 0 1 1 R
56 1198 23403 571 21967 539 5556 1 0 4 0 0 0 0 0 0 2 1 R
57 1218 19270 591 19306 561 3740 1 0 0 0 0 0 0 0 0 1 1 R
58 1236 17454 1354 17504 1317 3369 1 0 0 0 0 0 0 0 0 1 1 R
59 1260 22540 845 21557 804 3391 1 0 4 0 0 0 0 0 0 2 1 R
60 1283 21562 830 21611 775 6656 1 0 0 0 0 0 0 0 0 2 1 R
61 1303 19111 787 19163 752 3869 1 0 0 0 0 0 0 0 0 1 1 R
62 1324 21094 594 19830 566 4250 1 0 4 0 0 0 0 0 0 1 1 R
63 1343 18232 755 18292 700 3119 1 0 0 0 0 0 0 0 0 2 1 R
64 1366 22253 1429 21038 1390 5761 1 0 2 0 0 0 0 0 0 2 1 R
65 1387 18866 2974 18894 1948 3505 1 0 0 0 3 0 0 0 0 1 1 R
66 1410 20460 568 19533 537 4499 1 0 1 0 0 0 0 0 0 1 1 R
67 1431 20151 582 20181 544 3904 1 0 0 0 0 0 0 0 0 2 1 R
68 1449 17379 804 17428 772 3263 1 0 0 0 0 0 0 0 0 1 1 R
69 1472 22194 695 21136 630 4461 1 0 4 0 0 0 0 0 0 2 1 R
70 1492 19086 803 19147 745 3647 1 0 0 0 0 0 0 0 0 2 1 R
71 1512 19431 591 19460 556 4463 1 0 0 0 0 0 0 0 0 1 1 R
72 1534 21640 594 20676 559 4218 1 0 4 0 0 0 0 0 0 1 1 R
73 1552 17435 705 17488 663 3646 1 0 0 0 0 0 0 0 0 2 1 R
74 1573 20124 722 18102 681 6393 1 0 1 0 0 0 0 0 0 1 1 R
75 1597 23193 1993 23218 1313 7663 1 0 1 0 3 0 0 0 0 2 1 R
76 1619 20333 630 20012 597 3769 1 0 0 0 0 0 0 0 0 2 1 R
77 1639 19094 558 19127 524 3286 1 0 0 0 0 0 0 0 0 1 1 R
78 1655 16120 717 16196 660 3239 1 0 0 0 0 0 0 0 0 1 1 R
79 1681 24782 576 23879 542 4772 1 0 4 0 0 0 0 0 0 3 1 R
80 1701 19190 608 19239 562 4264 1 0 0 0 0 0 0 0 0 1 1 R
81 1721 19766 636 19799 599 3826 1 0 0 0 0 0 0 0 0 1 1 R
82 1743 20933 600 19607 571 3391 1 0 4 0 0 0 0 0 0 1 1 R
83 1763 19412 658 18123 632 3729 1 0 1 0 0 0 0 0 0 2 1 R
84 1781 17538 717 17618 646 4203 1 0 0 0 0 0 0 0 0 1 1 R
85 1803 21366 585 21382 552 5923 1 0 0 0 0 0 0 0 0 2 1 R
86 1825 21344 588 20233 551 6566 1 0 4 0 0 0 0 0 0 1 1 R
87 1844 18658 710 18728 650 3224 1 0 0 0 0 0 0 0 0 2 1 R
88 1863 18213 745 18260 695 3110 1 0 0 0 0 2 0 0 0 2 1 R
89 1886 21893 687 20939 645 4864 1 0 4 0 0 0 0 0 0 2 1 R
90 1910 23752 568 23781 532 7497 1 0 0 0 0 0 0 0 0 1 1 R
91 1931 20244 568 20275 538 3844 1 0 0 0 0 0 0 0 0 2 1 R
92 1953 21398 555 20260 525 4249 1 0 4 0 0 0 0 0 0 1 1 R
93 1973 19446 683 18522 642 3637 1 0 1 0 0 0 0 0 0 2 1 R
94 1993 19141 1132 19213 1068 4645 1 0 0 0 0 0 0 0 0 2 1 R
95 2015 20752 591 20399 553 5258 1 0 1 0 0 0 0 0 0 1 1 R
96 2037 21433 1069 20467 1049 6532 1 0 4 0 0 0 0 0 0 1 1 R
97 2056 17896 688 17933 646 3460 1 0 0 0 0 0 0 0 0 1 1 R
98 2074 17701 708 17769 629 3218 1 0 0 0 0 0 0 0 0 2 1 R
99 2101 26248 594 25049 555 7363 1 0 4 0 0 0 0 0 0 2 1 R
100 2120 18635 668 18689 624 3498 1 0 0 0 0 0 0 0 0 2 1 R
101 2141 20069 642 20097 605 3746 1 0 0 0 0 0 0 0 0 1 1 R
102 2164 22364 568 19819 538 3381 1 0 4 0 0 0 0 0 0 2 1 R
103 2187 22265 1818 23173 936 3582 1 0 0 0 0 0 0 0 0 2 1 R
104 2209 20641 739 20662 712 3858 1 0 0 0 0 0 0 0 0 2 1 R
105 2234 23780 590 23062 558 8325 1 0 4 0 0 0 0 0 0 1 1 R
106 2253 18928 669 19039 554 3768 1 0 0 0 0 0 0 0 0 2 1 R
107 2272 18136 696 18188 656 3668 1 0 0 0 0 0 0 0 0 2 1 R
108 2291 17795 694 17845 639 4084 1 0 0 0 0 0 0 0 0 0 1 R
109 2314 22349 596 21332 563 6764 1 0 4 0 0 0 0 0 0 2 1 R
110 2334 19984 604 19558 572 5277 1 0 1 0 0 0 0 0 0 1 1 R
111 2355 20210 638 20243 598 4170 1 0 0 0 0 0 0 0 0 2 1 R
112 2379 23745 652 21911 632 3293 1 0 5 0 0 0 0 0 0 2 1 R
113 2399 18785 665 18815 625 3114 1 0 0 0 0 0 0 0 0 1 1 R
114 2419 19615 582 19639 554 4181 1 0 0 0 0 0 0 0 0 1 1 R
115 2443 23425 664 22414 606 3808 1 0 5 0 0 0 0 0 0 2 1 R
116 2463 18711 569 18742 534 4268 1 0 0 0 0 0 0 0 0 2 1 R
117 2481 17564 651 17610 619 3902 1 0 0 0 0 0 0 0 0 1 1 R
118 2499 17949 705 17988 660 4924 1 0 0 0 0 0 0 0 0 1 1 R
119 2524 23583 599 22397 566 8062 1 0 4 0 0 0 0 0 0 3 1 R
120 2546 22134 892 22168 869 7963 1 0 0 0 0 0 0 0 0 1 1 R
121 2568 20939 697 19866 586 3878 1 0 1 0 0 0 0 0 0 1 1 R
122 2590 21206 794 20278 746 3144 1 0 4 0 0 0 0 0 0 2 1 R
123 2609 18119 698 18167 651 3227 1 0 0 0 0 0 0 0 0 1 1 R
124 2630 19967 572 19994 539 4281 1 0 0 0 0 0 0 0 0 1 1 R
125 2652 21383 617 20501 591 3729 1 0 4 0 0 0 0 0 0 1 1 R
126 2671 18723 819 18771 776 4013 1 0 0 0 0 0 0 0 0 2 1 R
127 2690 18449 795 18530 735 3059 1 0 0 0 0 0 0 0 0 2 1 R
128 2710 18529 689 18555 634 3495 1 0 0 0 0 0 0 0 0 2 1 R
129 2732 21922 590 20777 555 3285 1 0 4 0 0 0 0 0 0 2 1 R
130 2751 18678 625 18715 589 4196 1 0 0 0 0 0 0 0 0 1 1 R
131 2773 21244 625 19703 584 4486 1 0 1 0 0 0 0 0 0 1 1 R
132 2794 20192 698 18957 657 3604 1 0 4 0 0 0 0 0 0 2 1 R
133 2812 17218 854 17258 818 3764 1 0 0 0 0 0 0 0 0 1 1 R
134 2867 53733 1221 22532 1195 36684 1 2 7 0 1 0 0 0 0 2 0 R
135 2896 28441 1673 19109 1430 4261 1 0 2 0 2 0 0 0 0 1 1 R
136 2915 17406 997 17090 927 3154 1 0 0 0 0 0 0 0 0 2 1 R
137 2941 25164 588 22642 554 5237 1 0 6 0 0 0 0 0 0 2 1 R
138 2961 18954 593 18991 561 4434 1 0 0 0 0 0 0 0 0 1 1 R
139 2981 19033 764 17768 700 4821 1 0 1 0 0 0 0 0 0 2 1 R
140 3002 20616 953 19265 945 3289 1 0 4 0 0 0 0 0 0 1 1 R
141 3021 18062 1415 18067 1400 3654 1 0 0 0 0 1 0 0 0 2 1 R
142 3042 19275 576 19278 541 4273 1 0 0 0 0 0 0 0 0 1 1 R
143 3062 19754 574 19788 544 4314 1 0 0 0 0 0 0 0 0 2 1 R
144 3083 20061 814 19188 755 5401 1 0 4 0 0 0 0 0 0 2 1 R
145 3101 17781 741 17826 692 3898 1 0 0 0 0 0 0 0 0 1 1 R
146 3120 18394 674 18451 623 4859 1 0 0 0 0 0 0 0 0 1 1 R
147 3144 23295 581 22088 547 5738 1 0 4 0 0 0 0 0 0 2 1 R
148 3164 19347 580 19380 546 4238 1 0 0 0 0 0 0 0 0 1 1 R
149 3184 19195 732 18226 667 4724 1 0 1 0 0 0 0 0 0 1 1 R
150 3205 20438 766 20507 698 6674 1 0 0 0 0 0 0 0 0 2 1 R
151 3227 21430 627 19914 611 3769 1 0 4 0 0 0 0 0 0 3 1 R
152 3246 18131 1380 18169 1338 3377 1 0 0 0 0 0 0 0 0 1 1 R
153 3266 18711 931 18726 912 3822 1 0 0 0 0 0 0 0 0 1 1 R
154 3288 21221 679 20135 632 3324 1 0 4 0 0 0 0 0 0 1 1 R
155 3306 17300 1663 17354 1619 3186 1 0 0 0 0 0 0 0 0 2 1 R
156 3326 17805 706 17862 651 4070 1 0 0 0 0 0 0 0 0 2 1 R
157 3350 23444 697 22689 677 4737 1 0 4 0 0 0 0 0 0 1 1 R
158 3373 22117 598 20831 549 3741 1 0 2 0 0 0 0 0 0 1 1 R
159 3393 19435 730 19091 685 4549 1 0 1 0 0 0 0 0 0 2 1 R
160 3413 18988 796 18674 740 4700 1 0 1 0 0 0 0 0 0 2 1 R
161 3434 20682 782 19910 713 6036 1 0 4 0 0 0 0 0 0 2 1 R
162 3454 19412 573 19446 543 4685 1 0 0 0 0 0 0 0 0 1 1 R
163 3474 19191 585 19223 552 4311 1 0 0 0 0 0 0 0 0 1 1 R
164 3495 19831 884 18671 828 3676 1 0 4 0 0 0 0 0 0 2 1 R
165 3516 20967 1465 21001 1436 6146 1 0 0 0 0 0 0 0 0 2 1 R
166 3534 16151 762 16217 695 3190 1 0 0 0 0 0 0 0 0 2 1 R
167 3557 21805 1124 21819 1105 6374 1 0 0 0 2 0 0 0 0 1 1 R
168 3580 22593 588 19535 547 3804 1 0 3 0 0 0 0 0 0 2 1 R
169 3601 19740 1026 19837 940 3146 1 0 0 0 0 0 0 0 0 1 1 R
170 3628 26337 1725 22829 1163 4422 1 0 6 0 3 0 0 0 0 1 1 R
171 3649 19730 578 19331 544 3608 1 0 0 0 0 0 0 0 0 2 1 R
172 3669 19166 574 19199 545 3766 1 0 0 0 0 0 0 0 0 1 1 R
173 3690 19775 566 19805 529 3433 1 0 0 0 0 0 0 0 0 2 1 R
174 3711 20615 718 19820 648 3229 1 0 4 0 0 0 0 0 0 1 1 R
175 3730 18088 733 18167 663 3115 1 0 0 0 0 0 0 0 0 2 1 R
176 3749 19057 688 19113 626 4484 1 0 0 0 0 0 0 0 0 2 1 R
177 3774 23559 563 21428 535 3743 1 0 5 0 0 0 0 0 0 1 1 R
178 3793 19052 588 19085 556 4331 1 0 0 0 0 0 0 0 0 1 1 R
179 3812 18486 657 18531 611 3946 1 0 0 0 0 0 0 0 0 2 1 R
180 3834 21045 773 21143 699 6959 1 0 0 0 0 0 0 0 0 1 1 R
181 3858 23013 575 21711 551 5267 1 0 4 0 0 1 0 0 0 2 1 R
182 3878 19224 635 19262 594 3868 1 0 0 0 0 0 0 0 0 1 1 R
183 3896 18169 1789 18236 1728 3791 1 0 0 0 0 0 0 0 0 2 1 R
184 3919 20388 731 19377 672 3173 1 0 4 0 0 0 0 0 0 2 1 R
185 3936 17193 1485 17254 1448 3106 1 0 0 0 0 0 0 0 0 2 1 R
186 3958 20013 574 20016 542 4625 1 0 0 0 0 0 0 0 0 1 1 R
187 3982 23884 581 22070 549 3827 1 0 5 0 0 0 0 0 0 1 1 R
188 4001 18162 776 18240 700 4067 1 0 0 0 0 0 0 0 0 2 1 R
189 4019 17243 725 17355 633 3167 1 0 0 0 0 0 0 0 0 1 1 R
190 4039 19490 717 19559 643 5012 1 0 0 0 0 0 0 0 0 3 1 R
191 4063 22443 600 21325 565 4366 1 0 4 0 0 0 0 0 0 1 1 R
192 4082 18918 820 18987 752 4174 1 0 0 0 0 0 0 0 0 1 1 R
193 4105 22170 670 21488 634 4578 1 0 1 0 0 0 0 0 0 1 1 R
194 4126 20354 743 19336 682 3141 1 0 4 0 0 0 0 0 0 2 1 R
195 4149 22500 686 22544 654 6128 1 0 0 0 0 0 0 0 0 2 1 R
196 4169 19453 572 19471 539 3867 1 0 0 0 0 0 0 0 0 1 1 R
197 4194 23492 734 21671 705 5750 1 0 5 0 0 0 0 0 0 2 1 R
198 4212 17254 658 17276 628 3549 1 0 0 0 0 0 0 0 0 1 1 R
199 4231 18365 794 18460 710 4609 1 0 0 0 0 0 0 0 0 2 1 R
200 4253 21933 584 21563 553 6751 1 0 1 0 0 0 0 0 0 2 1 R
201 4275 21059 601 19910 566 6203 1 0 4 0 0 0 0 0 0 1 1 R
202 4294 18944 599 18976 578 3783 1 0 0 0 0 0 0 0 0 1 1 R
203 4314 19035 587 19059 555 4238 1 0 0 0 0 0 0 0 0 1 1 R
204 4337 22095 1015 20457 994 5368 1 0 5 0 0 0 0 0 0 1 1 R
205 4357 19654 555 19661 533 3835 1 0 0 0 0 0 0 0 0 2 1 R
206 4378 19910 567 18959 541 3792 1 0 1 0 0 0 0 0 0 1 1 R
207 4403 24437 577 23065 541 3800 1 0 4 0 0 0 0 0 0 1 1 R
208 4423 19549 792 19294 759 4758 1 0 1 0 0 0 0 0 0 2 1 R
209 4443 18988 763 18473 724 4732 1 0 2 0 0 0 0 0 0 2 1 R
210 4468 24261 1511 24283 909 8523 1 0 1 0 3 0 0 0 0 1 1 R
211 4490 20680 792 20342 747 3811 1 0 0 0 0 0 0 0 0 1 1 R
212 4510 18888 577 18924 543 3792 1 0 0 0 0 0 0 0 0 2 1 R
213 4528 17767 728 17835 664 3177 1 0 0 0 0 0 0 0 0 1 1 R
214 4552 22876 862 22036 774 4312 1 0 4 0 0 0 0 0 0 2 1 R
215 4572 19894 599 19911 565 4453 1 0 0 0 0 1 0 0 0 2 1 R
216 4595 22057 651 19135 617 5560 1 0 2 0 0 0 0 0 0 1 1 R
217 4618 21853 612 20578 564 3815 1 0 4 0 0 0 0 0 0 2 1 R
218 4635 16667 799 16771 693 3240 1 0 0 0 0 0 0 0 0 2 1 R
219 4654 18382 773 18488 678 4332 1 0 0 0 0 0 0 0 0 1 1 R
220 4674 19354 722 19420 655 5282 1 0 0 0 0 0 0 0 0 2 1 R
221 4697 22365 721 21426 700 5898 1 0 4 0 0 0 0 0 0 0 1 R
222 4716 17575 839 17622 777 3767 1 0 0 0 0 0 0 0 0 3 1 R
223 4734 17333 843 17421 761 3238 1 0 0 0 0 0 0 0 0 1 1 R
224 4756 21343 755 20316 679 5309 1 0 4 0 0 0 0 0 0 2 1 R
225 4781 23845 587 22773 555 6241 1 0 1 0 0 0 0 0 0 2 1 R
226 4800 18597 630 18637 594 3695 1 0 0 0 0 0 0 0 0 1 1 R
227 4823 22437 557 21307 537 3806 1 0 4 0 0 0 0 0 0 1 1 R
228 4842 18536 586 18568 549 4242 1 0 0 0 0 0 0 0 0 1 1 R
229 4863 20939 863 21005 794 4302 1 0 0 0 0 0 0 0 0 2 1 R
230 4896 31692 3477 23714 1656 8293 1 0 7 0 1 0 0 0 0 2 0 R
231 4931 31468 2375 20919 668 3815 1 0 4 0 1 0 0 0 0 1 0 R
232 4957 23243 3175 16050 1402 7999 1 0 2 0 2 0 0 0 0 0 0 R
233 4984 24487 578 19279 543 5318 1 0 3 0 0 0 0 0 0 2 1 R
234 5004 19152 593 19186 560 4392 1 0 0 0 0 0 0 0 0 1 1 R
235 5025 20144 565 20175 535 4291 1 0 0 0 0 0 0 0 0 2 1 R
236 5045 19417 723 18410 669 5532 1 0 4 0 0 0 0 0 0 2 1 R
237 5064 18383 655 18425 615 3278 1 0 0 0 0 0 0 0 0 1 1 R
238 5085 21089 563 21113 534 3850 1 0 0 0 0 0 0 0 0 1 1 R
239 5108 21864 580 20798 546 3809 1 0 4 0 0 0 0 0 0 1 1 R
240 5132 23171 588 23206 558 8323 1 0 0 0 0 0 0 0 0 2 1 R
241 5150 17818 687 17865 642 3618 1 0 0 0 0 0 0 0 0 2 1 R
242 5172 21616 754 20308 686 3913 1 0 4 0 0 0 0 0 0 1 1 R
243 5194 21045 1201 19992 1178 4165 1 0 1 0 0 1 0 0 0 2 1 R
244 5214 18959 579 18987 542 3757 1 0 0 0 0 0 0 0 0 1 1 R
245 5232 17404 886 17465 820 3603 1 0 0 0 0 0 0 0 0 2 1 R
246 5254 21229 695 20468 652 6831 1 0 4 0 0 0 0 0 0 1 1 R
247 5273 17720 830 17774 774 3092 1 0 0 0 0 0 0 0 0 2 1 R
248 5294 20422 568 20440 538 5006 1 0 0 0 0 0 0 0 0 1 1 R
249 5316 21339 588 19995 558 4345 1 0 4 0 0 0 0 0 0 1 1 R
250 5334 17688 727 17758 667 4008 1 0 0 0 0 0 0 0 0 3 1 R
251 5354 19482 778 19532 730 5500 1 0 0 0 0 0 0 0 0 2 1 R
252 5375 20088 805 19208 753 3843 1 0 1 0 0 0 0 0 0 2 1 R
253 5400 23960 933 21722 855 4592 1 0 4 0 0 0 0 0 0 1 1 R
254 5420 19025 846 19063 817 3763 1 0 0 0 0 0 0 0 0 0 1 R
255 5441 20481 691 20532 642 6495 1 0 0 0 0 0 0 0 0 2 1 R
256 5462 20194 812 19240 745 4973 1 0 4 0 0 0 0 0 0 2 1 R
257 5481 17694 823 17774 735 3974 1 0 0 0 0 0 0 0 0 2 1 R
258 5502 20484 581 20514 549 5457 1 0 0 0 0 0 0 0 0 1 1 R
259 5525 22207 576 20810 538 4303 1 0 4 0 0 0 0 0 0 1 1 R
260 5542 16653 812 16742 739 3164 1 0 0 0 0 0 0 0 0 2 1 R
261 5563 19659 671 19696 624 5448 1 0 0 0 0 0 0 0 0 2 1 R
262 5581 17979 705 18026 660 4271 1 0 0 0 0 0 0 0 0 1 1 R
263 5607 24748 1007 22210 986 6724 1 0 5 0 0 0 0 0 0 2 1 R
264 5625 17680 735 17744 672 3787 1 0 0 0 0 0 0 0 0 1 1 R
265 5643 17194 907 17265 838 3273 1 0 0 0 0 0 0 0 0 2 1 R
266 5666 21670 705 20706 664 5000 1 0 4 0 0 0 0 0 0 2 1 R
267 5684 17235 757 17297 686 3272 1 0 0 0 0 0 0 0 0 2 1 R
268 5705 20347 697 20406 636 6070 1 0 0 0 0 0 0 0 0 1 1 R
269 5726 19895 563 19916 532 3861 1 0 0 0 0 0 0 0 0 2 1 R
270 5750 23608 685 22419 636 7511 1 0 4 0 0 0 0 0 0 1 1 R
271 5768 18084 823 18152 764 3098 1 0 0 0 0 0 0 0 0 2 1 R
272 5790 20730 830 19200 725 3867 1 0 1 0 0 0 0 0 0 1 1 R
273 5813 21820 637 20628 601 3848 1 0 4 0 0 0 0 0 0 3 1 R
274 5832 19124 576 19159 545 4185 1 0 0 0 0 1 0 0 0 1 1 R
275 5851 18330 711 18382 677 3648 1 0 0 0 0 0 0 0 0 1 1 R
276 5883 31107 723 28902 689 8094 1 0 4 0 0 0 0 0 0 1 1 R
277 5927 42777 1150 19724 1132 30858 1 2 3 0 1 0 0 0 0 2 0 R
278 5946 18077 564 15511 512 2155 1 0 4 0 0 0 0 0 0 0 1 R
279 5967 20355 1520 21261 612 6011 1 0 0 0 0 0 0 0 0 3 1 R
280 5990 21671 716 19764 680 5238 1 0 1 0 0 0 0 0 0 1 1 R
281 6013 22007 589 20924 561 3780 1 0 4 0 0 0 0 0 0 3 1 R
282 6033 19555 588 19583 555 4186 1 0 0 0 0 0 0 0 0 1 1 R
283 6051 17594 694 17655 650 3527 1 0 0 0 0 0 0 0 0 1 1 R
284 6069 17481 759 17551 673 4403 1 0 0 0 0 0 0 0 0 1 1 R
285 6095 24807 601 23835 568 9793 1 0 4 0 0 0 0 0 0 2 1 R
286 6115 19548 588 19584 555 3761 1 0 0 0 0 0 0 0 0 2 1 R
287 6135 19235 657 19266 623 3781 1 0 0 0 0 0 0 0 0 2 1 R
288 6156 20446 687 19376 646 3139 1 0 4 0 0 0 0 0 0 2 1 R
289 6174 17368 760 17434 690 3174 1 0 0 0 0 0 0 0 0 1 1 R
290 6195 20572 717 19704 659 5252 1 0 1 0 0 0 0 0 0 2 1 R
291 6216 20345 1946 20371 1488 3784 1 0 0 0 2 0 0 0 0 1 1 R
292 6238 20145 626 18989 587 3713 1 0 2 0 0 0 0 0 0 1 1 R
293 6256 17391 1268 17444 1242 3120 1 0 0 0 0 0 0 0 0 2 1 R
294 6275 17467 680 17505 622 3108 1 0 0 0 0 0 0 0 0 1 1 R
295 6299 23313 589 22100 558 4226 1 0 4 0 0 0 0 0 0 2 1 R
296 6320 20191 744 19888 724 3806 1 0 1 0 0 0 0 0 0 1 1 R
297 6341 20085 633 20112 599 3779 1 0 0 0 0 0 0 0 0 2 1 R
298 6364 22460 758 21062 707 4854 1 0 4 0 0 0 0 0 0 1 1 R
299 6382 17400 739 17470 683 3655 1 0 0 0 0 0 0 0 0 2 1 R
300 6408 25224 577 23938 547 10058 1 0 1 0 0 0 0 0 0 2 1 R
301 6431 22059 563 21318 537 3748 1 0 4 0 0 0 0 0 0 1 1 R
302 6450 19024 558 19053 525 3581 1 0 0 0 0 0 0 0 0 1 1 R
303 6469 17977 754 18035 707 3184 1 0 0 0 0 0 0 0 0 2 1 R
304 6488 18472 671 18549 591 3979 1 0 0 0 0 0 0 0 0 2 1 R
305 6512 23027 588 21718 553 3999 1 0 4 0 0 0 0 0 0 2 1 R
306 6532 19329 579 19364 551 4247 1 0 0 0 0 0 0 0 0 1 1 R
307 6552 19601 680 19628 645 4408 1 0 0 0 0 0 0 0 0 1 1 R
308 6574 21581 593 20433 561 3640 1 0 4 0 0 0 0 0 0 1 1 R
309 6595 20652 588 19466 556 4283 1 0 1 0 0 0 0 0 0 1 1 R
310 6615 19365 585 19400 549 3752 1 0 0 0 0 0 0 0 0 1 1 R
311 6635 19029 618 19064 584 3734 1 0 0 0 0 0 0 0 0 2 1 R
312 6658 22543 628 21279 592 4823 1 0 4 0 0 0 0 0 0 2 1 R
313 6676 17422 616 17465 587 3235 1 0 0 0 0 0 0 0 0 1 1 R
314 6695 18424 853 18515 775 3568 1 0 0 0 0 0 0 0 0 2 1 R
315 6721 25278 596 24010 563 6580 1 0 4 0 0 0 0 0 0 1 1 R
316 6742 19827 694 19858 672 4276 1 0 0 0 0 0 0 0 0 2 1 R
317 6762 19404 686 19487 590 4139 1 0 0 0 0 0 0 0 0 1 1 R
318 6784 21615 664 20236 617 3689 1 0 4 0 0 0 0 0 0 2 1 R
319 6804 19155 753 18231 694 3632 1 0 1 0 0 0 0 0 0 2 1 R
320 6824 19461 589 19494 556 4841 1 0 0 0 0 0 0 0 0 1 1 R
321 6844 19767 1006 19840 932 4334 1 0 0 0 0 0 0 0 0 1 1 R
322 6866 20779 1193 19596 1178 5615 1 0 4 0 0 0 0 0 0 2 1 R
323 6885 17192 727 17237 666 3232 1 0 0 0 0 0 0 0 0 1 1 R
324 6903 17432 763 17517 689 3694 1 0 0 0 0 0 0 0 0 2 1 R
325 6931 27478 750 26416 675 6019 1 0 4 0 0 0 0 0 0 1 1 R
326 6965 33672 719 20512 715 2808 1 0 2 0 0 0 0 0 0 2 1 R
327 6984 18095 818 18135 759 3223 1 0 0 0 0 0 0 0 0 2 1 R
328 7008 22860 873 20890 824 8137 1 0 5 0 0 0 0 0 0 2 1 R
329 7030 21077 624 21098 588 4329 1 0 0 0 0 0 0 0 0 1 1 R
330 7054 23435 606 23008 567 8831 1 0 1 0 0 0 0 0 0 1 1 R
331 7077 22664 658 21217 631 7402 1 0 4 0 0 0 0 0 0 2 1 R
332 7094 16402 1088 16462 1026 3179 1 0 0 0 0 0 0 0 0 2 1 R
333 7116 20260 736 20305 699 4382 1 0 0 0 0 0 0 0 0 2 1 R
334 7140 23528 628 21877 590 3718 1 0 4 0 0 0 0 0 0 1 1 R
335 7160 19939 576 19974 552 3831 1 0 0 0 0 0 0 0 0 1 1 R
336 7179 17596 807 17659 741 3217 1 0 0 0 0 0 0 0 0 2 1 R
337 7205 25751 600 23218 565 4347 1 0 5 0 0 0 0 0 0 2 1 R
338 7225 19485 631 19521 602 3786 1 0 0 0 0 0 0 0 0 1 1 R
339 7245 19314 642 19346 602 3782 1 0 0 0 0 0 0 0 0 2 1 R
340 7264 18381 781 18442 821 3750 1 0 0 0 0 0 0 0 0 1 1 R
341 7285 19704 887 18672 822 5355 1 0 4 0 0 0 0 0 0 2 1 R
342 7303 17408 681 17442 671 3312 1 0 0 0 0 1 0 0 0 2 1 R
343 7324 20100 818 20136 779 6730 1 0 0 0 0 0 0 0 0 2 1 R
344 7348 23787 641 22383 609 5686 1 0 4 0 0 0 0 0 0 0 1 R
345 7372 23157 593 22797 558 8414 1 0 1 0 0 0 0 0 0 3 1 R
346 7389 16375 1860 16467 1786 3660 1 0 0 0 0 1 0 0 0 0 1 R
347 7414 23296 716 20484 667 6169 1 0 5 0 0 0 0 0 0 2 1 R
348 7433 17660 684 17717 641 3275 1 0 0 0 0 0 0 0 0 2 1 R
349 7454 20821 604 20856 553 5469 1 0 0 0 0 0 0 0 0 1 1 R
350 7474 18899 592 18932 559 4257 1 0 0 0 0 0 0 0 0 2 1 R
351 7494 19422 688 18615 656 5201 1 0 4 0 0 0 0 0 0 1 1 R
352 7514 19821 589 19845 552 4531 1 0 0 0 0 0 0 0 0 2 1 R
353 7534 19276 639 19310 604 4254 1 0 0 0 0 0 0 0 0 1 1 R
354 7556 21479 944 19877 927 4197 1 0 4 0 0 0 0 0 0 1 1 R
355 7576 18380 793 18524 633 3738 1 0 0 0 0 0 0 0 0 2 1 R
356 7593 16853 1154 16919 1093 3291 1 0 0 0 0 0 0 0 0 1 1 R
357 7614 20051 681 18255 622 3270 1 0 1 0 0 0 0 0 0 2 1 R
358 7637 21509 983 20660 963 5264 1 0 4 0 0 0 0 0 0 2 1 R
359 7658 20042 567 20056 539 3886 1 0 0 0 0 0 0 0 0 1 1 R
360 7680 21953 759 22000 725 8014 1 0 0 0 0 0 0 0 0 1 1 R
361 7703 22035 591 20808 551 3669 1 0 4 0 0 0 0 0 0 1 1 R
362 7723 19818 588 19853 557 4413 1 0 0 0 0 0 0 0 0 1 1 R
363 7744 19736 593 19768 560 4549 1 0 0 0 0 0 0 0 0 2 1 R
364 7765 21011 595 19553 561 4332 1 0 4 0 0 0 0 0 0 1 1 R
365 7786 19868 625 19898 583 3730 1 0 0 0 0 0 0 0 0 2 1 R
366 7807 20313 1583 19225 1555 3193 1 0 1 0 0 0 0 0 0 1 1 R
367 7826 17903 3051 17926 2508 3021 1 0 0 0 3 1 0 0 0 2 1 R
368 7850 20445 580 19220 547 4042 1 0 1 0 0 0 0 0 0 1 1 R
369 7870 19378 570 19410 533 3744 1 0 0 0 0 0 0 0 0 1 1 R
370 7890 19650 637 19693 599 3832 1 0 0 0 0 0 0 0 0 1 1 R
371 7912 21324 715 20462 676 3192 1 0 4 0 0 0 0 0 0 2 1 R
372 7929 16682 805 16771 717 3663 1 0 0 0 0 0 0 0 0 2 1 R
373 7952 21640 608 21663 575 6374 1 0 0 0 0 0 0 0 0 1 1 R
374 7974 21307 581 20010 551 4238 1 0 4 0 0 0 0 0 0 1 1 R
375 7997 22601 1008 22632 992 7310 1 0 0 0 0 0 0 0 0 2 1 R
376 8016 18359 1276 17344 1225 3101 1 0 1 0 0 0 0 0 0 3 1 R
377 8035 17867 764 17925 698 3809 1 0 0 0 0 0 0 0 0 1 1 R
378 8059 23242 583 21646 550 4417 1 0 4 0 0 0 0 0 0 1 1 R
379 8079 19445 594 19484 559 3781 1 0 0 0 0 0 0 0 0 1 1 R
380 8099 19067 840 19145 772 3306 1 0 0 0 0 0 0 0 0 2 1 R
381 8121 21433 885 20605 837 3139 1 0 4 0 0 0 0 0 0 2 1 R
382 8140 17364 683 17417 638 3794 1 0 0 0 0 0 0 0 0 1 1 R
383 8161 20749 684 20768 653 5000 1 0 0 0 0 0 0 0 0 2 1 R
384 8183 20867 1055 19744 992 4231 1 0 4 0 0 0 0 0 0 1 1 R
385 8204 20535 843 19189 787 3974 1 0 1 0 0 0 0 0 0 2 1 R
386 8222 17288 684 17311 648 3685 1 0 0 0 0 0 0 0 0 1 1 R
387 8242 18874 700 18977 597 4583 1 0 0 0 0 0 0 0 0 2 1 R
388 8264 21947 612 20858 576 7056 1 0 4 0 0 0 0 0 0 2 1 R
389 8284 19079 589 19113 556 4297 1 0 0 0 0 0 0 0 0 1 1 R
390 8305 20726 864 20785 815 6617 1 0 0 0 0 0 0 0 0 2 1 R
391 8327 20372 1456 19209 1429 3213 1 0 4 0 0 0 0 0 0 2 1 R
392 8345 17131 808 17184 735 3284 1 0 0 0 0 0 0 0 0 1 1 R
393 8366 19860 887 19918 1268 4424 1 0 0 0 0 0 0 0 0 2 1 R
394 8387 19692 1622 19284 1298 3755 1 0 0 0 1 0 0 0 0 1 1 R
395 8410 21985 585 18972 550 3166 1 0 4 0 0 0 0 0 0 2 1 R
396 8430 19438 584 19475 551 3766 1 0 0 0 0 0 0 0 0 1 1 R
397 8450 19249 773 19281 744 3724 1 0 0 0 0 0 0 0 0 1 1 R
398 8472 21340 589 20374 553 3405 1 0 4 0 0 0 0 0 0 1 1 R
399 8493 19808 694 19882 620 4328 1 0 0 0 0 0 0 0 0 1 1 R
400 8510 16800 946 16874 884 3670 1 0 0 0 0 0 0 0 0 2 1 R
401 8533 21590 719 20191 648 5164 1 0 4 0 0 0 0 0 0 2 1 R
402 8551 18074 751 18141 694 3655 1 0 0 0 0 0 0 0 0 2 1 R
403 8573 20534 576 20564 542 4832 1 0 0 0 0 0 0 0 0 1 1 R
404 8592 18831 590 18863 556 4293 1 0 0 0 0 0 0 0 0 1 1 R
405 8619 26213 599 24445 566 8733 1 0 5 0 0 0 0 0 0 2 1 R
406 8636 16742 1470 16839 1398 3120 1 0 0 0 0 0 0 0 0 2 1 R
407 8656 18758 1539 18807 1491 4156 1 0 0 0 0 0 0 0 0 2 1 R
408 8680 22074 591 20390 556 3835 1 0 4 0 0 0 0 0 0 1 1 R
409 8700 19413 574 19448 540 3764 1 0 0 0 0 0 0 0 0 1 1 R
410 8720 19090 592 19125 564 3861 1 0 0 0 0 0 0 0 0 2 1 R
411 8742 22118 681 21172 627 3449 1 0 4 0 0 0 0 0 0 1 1 R
412 8762 18477 592 18495 559 3612 1 0 0 0 0 0 0 0 0 1 1 R
413 8781 18904 583 18940 549 4275 1 0 0 0 0 0 0 0 0 1 1 R
414 8801 18965 574 18998 539 4314 1 0 0 0 0 0 0 0 0 2 1 R
415 8823 21647 704 19528 650 6315 1 0 5 0 0 0 0 0 0 1 1 R
416 8840 16856 815 16963 705 3652 1 0 0 0 0 0 0 0 0 2 1 R
417 8862 20889 943 20970 856 5422 1 0 0 0 0 0 0 0 0 2 1 R
418 8884 20993 584 20031 556 4167 1 0 4 0 0 0 0 0 0 1 1 R
419 8905 19942 581 19974 551 4296 1 0 0 0 0 0 0 0 0 1 1 R
420 8925 20196 699 20259 644 6579 1 0 0 0 0 0 0 0 0 2 1 R
421 8944 17687 1071 17769 981 3231 1 0 0 0 0 0 0 0 0 2 1 R
422 8972 26808 1037 22832 961 7005 1 0 5 0 0 0 0 0 0 2 1 R
423 9000 27745 738 23378 695 4297 1 0 1 0 0 0 0 0 0 1 1 R
424 9023 21719 526 18826 500 2989 1 0 5 0 0 0 0 0 0 1 1 R
425 9064 40232 679 17993 653 29675 1 2 1 0 1 0 0 0 0 3 0 R
426 9085 20270 591 18640 558 3482 1 0 0 0 0 0 0 0 0 1 1 R
427 9109 23549 619 22320 559 6505 1 0 4 0 0 0 0 0 0 1 1 R
428 9126 16881 1352 16931 1334 3474 1 0 0 0 0 0 0 0 0 1 1 R
429 9145 17765 702 17780 663 3407 1 0 0 0 0 0 0 0 0 2 1 R
430 9170 23752 584 22692 571 4101 1 0 4 0 0 0 0 0 0 2 1 R
431 9190 19590 589 19608 551 3883 1 0 0 0 0 0 0 0 0 1 1 R
432 9211 20758 592 19835 555 3743 1 0 1 0 0 0 0 0 0 1 1 R
433 9233 21306 757 19658 721 3225 1 0 4 0 0 0 0 0 0 2 1 R
434 9251 16889 1208 16983 1112 3663 1 0 0 0 0 0 0 0 0 2 1 R
435 9275 22565 925 22642 849 8033 1 0 0 0 0 0 0 0 0 2 1 R
436 9295 18977 593 19015 555 3743 1 0 0 0 0 0 0 0 0 1 1 R
437 9317 21658 1099 20743 1078 6369 1 0 4 0 0 0 0 0 0 2 1 R
438 9334 15872 781 15932 716 3206 1 0 0 0 0 0 0 0 0 1 1 R
439 9354 19237 925 19330 824 5666 1 0 0 0 0 0 0 0 0 2 1 R
440 9378 22917 803 21399 751 5496 1 0 5 0 0 0 0 0 0 2 1 R
441 9399 20376 575 20400 544 4087 1 0 0 0 0 0 0 0 0 1 1 R
442 9420 20688 577 19709 540 3729 1 0 1 0 0 0 0 0 0 2 1 R
443 9442 21804 560 20060 541 3183 1 0 5 0 0 0 0 0 0 1 1 R
444 9462 18622 639 18648 602 4241 1 0 0 0 0 0 0 0 0 1 1 R
445 9482 19663 578 19702 545 4272 1 0 0 0 0 0 0 0 0 1 1 R
446 9501 18634 588 18668 551 4240 1 0 0 0 0 0 0 0 0 3 1 R
447 9524 22717 582 21790 553 4639 1 0 4 0 0 0 0 0 0 1 1 R
448 9543 17803 1472 17846 1435 4168 1 0 0 0 0 1 0 0 0 1 1 R
449 9562 17428 760 17517 673 3646 1 0 0 0 0 0 0 0 0 2 1 R
450 9590 27217 598 26013 558 9348 1 0 4 0 0 0 0 0 0 1 1 R
451 9612 21761 780 20662 735 3763 1 0 1 0 0 0 0 0 0 1 1 R
452 9632 18848 756 18907 720 4331 1 0 0 0 0 0 0 0 0 2 1 R
453 9654 22057 806 20348 750 3929 1 0 5 0 0 0 0 0 0 2 1 R
454 9672 17060 909 17125 853 3142 1 0 0 0 0 0 0 0 0 2 1 R
455 9695 21603 578 21625 544 6055 1 0 0 0 0 0 0 0 0 1 1 R
456 9714 18579 567 18612 534 3741 1 0 0 0 0 0 0 0 0 1 1 R
457 9736 21856 969 20919 942 6213 1 0 4 0 0 0 0 0 0 2 1 R
458 9753 16006 753 16103 664 3309 1 0 0 0 0 0 0 0 0 1 1 R
459 9774 19470 785 19529 715 5830 1 0 0 0 0 0 0 0 0 2 1 R
460 9795 20959 704 19644 652 4535 1 0 4 0 0 0 0 0 0 2 1 R
461 9818 22068 613 21000 577 3816 1 0 1 0 0 1 0 0 0 1 1 R
462 9837 17850 1523 17906 1491 3865 1 0 0 0 0 0 0 0 0 2 1 R
463 9855 16671 1065 16710 1011 3208 1 0 0 0 0 0 0 0 0 1 1 R
464 9877 20635 1550 19388 1509 5798 1 0 4 0 0 0 0 0 0 2 1 R
465 9901 23246 569 23254 535 7800 1 0 0 0 0 0 0 0 0 1 1 R
466 9921 18872 609 18907 574 4265 1 0 0 0 0 0 0 0 0 3 1 R
467 9943 21703 590 20634 561 3770 1 0 4 0 0 0 0 0 0 1 1 R
468 9960 16615 703 16706 623 3760 1 0 0 0 0 0 0 0 0 2 1 R
469 9981 20147 702 20205 644 5690 1 0 0 0 0 1 0 0 0 2 1 R
470 10004 22289 586 21227 550 5101 1 0 4 0 0 0 0 0 0 1 1 R
471 10026 20851 584 19807 549 4078 1 0 1 0 0 0 0 0 0 0 1 R
472 10043 17263 677 17310 645 3112 1 0 0 0 0 0 0 0 0 2 1 R
473 10063 18662 672 18702 628 4212 1 0 0 0 0 0 0 0 0 2 1 R
474 10084 20440 721 19536 653 6898 1 0 4 0 0 0 0 0 0 2 1 R
475 10106 21116 580 21142 549 3771 1 0 0 0 0 0 0 0 0 1 1 R
476 10126 19581 582 19612 545 3775 1 0 0 0 0 0 0 0 0 1 1 R
477 10148 21569 587 20455 555 3573 1 0 4 0 0 0 0 0 0 2 1 R
478 10165 16728 722 16774 685 3254 1 0 0 0 0 0 0 0 0 2 1 R
479 10185 18649 727 18701 665 4100 1 0 0 0 0 0 0 0 0 2 1 R
480 10211 25910 781 25159 772 8380 1 0 4 0 0 0 0 0 0 1 1 R
481 10233 20366 588 19377 553 4230 1 0 1 0 0 0 0 0 0 1 1 R
482 10250 16541 776 16620 709 3772 1 0 0 0 0 0 0 0 0 2 1 R
483 10270 19639 769 19668 723 5541 1 0 0 0 0 0 0 0 0 2 1 R
484 10292 21215 762 20255 706 3860 1 0 4 0 0 0 0 0 0 2 1 R
485 10312 18997 546 19018 517 3778 1 0 0 0 0 0 0 0 0 1 1 R
486 10332 20160 932 19751 855 4980 1 0 1 0 0 0 0 0 0 1 1 R
487 10357 23976 612 22618 574 5572 1 0 4 0 0 0 0 0 0 2 1 R
488 10375 16598 954 16673 880 3196 1 0 0 0 0 0 0 0 0 2 1 R
489 10396 20886 1381 20943 1337 5091 1 0 0 0 0 0 0 0 0 1 1 R
490 10421 22782 778 20948 739 3543 1 0 5 0 0 0 0 0 0 2 1 R
491 10442 20938 662 20977 627 3875 1 0 0 0 0 0 0 0 0 2 1 R
492 10460 16498 744 16554 677 3511 1 0 0 0 0 0 0 0 0 2 1 R
493 10481 21169 575 21199 543 4515 1 0 0 0 0 0 0 0 0 1 1 R
494 10502 20403 588 19220 553 5643 1 0 4 0 0 0 0 0 0 1 1 R
495 10526 22834 588 22875 551 7773 1 0 0 0 0 0 0 0 0 1 1 R
496 10545 18231 977 18352 863 3664 1 0 0 0 0 0 0 0 0 2 1 R
497 10568 22312 864 21337 790 3102 1 0 4 0 0 0 0 0 0 2 1 R
498 10585 16486 671 16563 598 3274 1 0 0 0 0 0 0 0 0 1 1 R
499 10607 20603 1011 20633 989 4637 1 0 0 0 0 0 0 0 0 2 1 R
500 10630 22910 579 21050 539 3880 1 0 5 0 0 0 0 0 0 1 1 R
501 10651 19472 565 19507 533 3278 1 0 0 0 0 0 0 0 0 1 1 R
502 10668 17311 627 17357 580 3229 1 0 0 0 0 0 0 0 0 2 1 R
503 10688 18995 732 19058 669 4196 1 0 0 0 0 0 0 0 0 2 1 R
504 10711 22114 586 20980 546 3432 1 0 4 0 0 0 0 0 0 1 1 R
505 10731 19702 589 19743 549 4489 1 0 0 0 0 0 0 0 0 1 1 R
506 10750 18455 845 18543 758 4053 1 0 0 0 0 0 0 0 0 2 1 R
507 10773 21933 608 20132 576 3160 1 0 4 0 0 0 0 0 0 1 1 R
508 10791 17743 693 17804 631 3714 1 0 0 0 0 0 0 0 0 2 1 R
509 10811 19129 671 19196 616 4555 1 0 0 0 0 0 0 0 0 2 1 R
510 10837 24894 1175 23619 1156 10011 1 0 1 0 2 0 0 0 0 1 1 R
511 10859 21357 612 19623 573 3787 1 0 2 0 0 0 0 0 0 3 1 R
512 10876 16553 1374 16650 1302 3141 1 0 0 0 0 0 0 0 0 1 1 R
513 10896 18069 1820 18114 1774 4476 1 0 0 0 0 0 0 0 0 2 1 R
514 10920 22734 596 21131 559 5009 1 0 4 0 0 0 0 0 0 1 1 R
515 10941 19994 734 20073 654 3823 1 0 0 0 0 0 0 0 0 1 1 R
516 10960 18635 892 18707 826 4105 1 0 0 0 0 0 0 0 0 2 1 R
517 10983 21441 752 19949 705 3239 1 0 4 0 0 0 0 0 0 1 1 R
518 11001 17155 730 17240 644 3555 1 0 0 0 0 0 0 0 0 2 1 R
519 11022 20714 713 19349 677 4736 1 0 1 0 0 0 0 0 0 2 1 R
520 11042 19257 618 19284 588 4211 1 0 0 0 0 0 0 0 0 1 1 R
521 11069 25957 619 23949 557 10143 1 0 5 0 0 0 0 0 0 2 1 R
522 11114 45223 2926 21259 1154 31892 1 2 5 0 1 0 0 0 0 1 0 R
523 11141 23260 598 18589 563 4634 1 0 5 0 0 0 0 1 1 1 0 R
524 11168 27225 742 18490 716 6202 1 1 4 0 1 0 0 0 0 2 0 R
525 11199 29885 679 19321 656 4231 1 0 6 0 1 0 0 0 0 1 0 R
526 11228 27804 633 18197 618 2233 1 0 4 0 1 0 0 0 0 1 0 R
527 11252 24243 687 16526 663 2197 1 0 1 0 1 0 0 0 0 0 0 R
528 11275 21477 1339 18960 1279 5182 1 0 4 0 0 0 0 0 0 3 1 R
529 11295 18746 569 17776 2619 3173 1 0 1 0 3 0 0 0 0 1 1 R
530 11324 28999 576 19593 541 3440 1 0 1 0 0 0 0 0 0 1 1 R
531 11346 20927 595 19763 562 6339 1 0 4 0 0 0 0 0 0 1 1 R
532 11368 21433 571 20884 537 3526 1 0 1 0 0 0 0 0 0 2 1 R
533 11386 17324 858 17397 791 3235 1 0 0 0 0 0 0 0 0 1 1 R
534 11408 21820 692 20795 644 4092 1 0 4 0 0 0 0 0 0 2 1 R
535 11430 20857 748 19971 688 3193 1 0 1 0 0 0 0 0 0 3 1 R
536 11450 19518 587 19551 548 3725 1 0 0 0 0 0 0 0 0 1 1 R
537 11473 22276 550 21027 525 3286 1 0 4 0 0 0 0 0 0 1 1 R
538 11491 17338 796 17425 705 3677 1 0 0 0 0 0 0 0 0 2 1 R
539 11511 19335 748 19426 661 5281 1 0 0 0 0 0 0 0 0 2 1 R
540 11534 22022 721 22084 668 8002 1 0 0 0 0 0 0 0 0 2 1 R
541 11558 23114 647 22231 595 6471 1 0 4 0 0 0 0 0 0 1 1 R
542 11576 17739 689 17790 634 3739 1 0 0 0 0 0 0 0 0 2 1 R
543 11596 19036 692 19096 639 3532 1 0 0 0 0 0 0 0 0 1 1 R
544 11619 22326 958 20817 873 3766 1 0 4 0 0 0 0 0 0 2 1 R
545 11640 20260 612 19070 576 4689 1 0 1 0 0 0 0 0 0 1 1 R
546 11660 19550 563 19584 531 3735 1 0 0 0 0 0 0 0 0 1 1 R
547 11683 22079 566 21058 539 3862 1 0 4 0 0 0 0 0 0 1 1 R
548 11701 17921 772 18007 698 3798 1 0 0 0 0 0 0 0 0 2 1 R
549 11720 17946 914 18022 835 4702 1 0 0 0 0 0 0 0 0 2 1 R
550 11741 20467 1545 20522 1493 5480 1 0 0 0 0 1 0 0 0 1 1 R
551 11764 21203 590 20044 559 6333 1 0 4 0 0 0 0 0 0 2 1 R
552 11783 18235 826 18328 740 3944 1 0 0 0 0 0 0 0 0 1 1 R
553 11802 17685 878 17733 821 3479 1 0 0 0 0 0 0 0 0 2 1 R
554 11825 22912 703 20570 689 4143 1 0 5 0 0 1 0 0 0 2 1 R
555 11850 23514 583 23526 543 7407 1 0 0 0 0 0 0 0 0 1 1 R
556 11869 19008 578 19046 538 3753 1 0 0 0 0 0 0 0 0 1 1 R
557 11889 19012 2118 18518 1437 3086 1 0 1 0 3 0 0 0 0 2 1 R
558 11909 18498 715 18079 643 3169 1 0 0 0 0 0 0 0 0 2 1 R
559 11929 18962 783 19047 705 3246 1 0 0 0 0 0 0 0 0 1 1 R
560 11949 19657 574 19699 520 3996 1 0 0 0 0 0 0 0 0 1 1 R
561 11971 21458 591 19856 553 3759 1 0 4 0 0 0 0 0 0 2 1 R
562 11990 17600 632 17640 595 3639 1 0 0 0 0 0 0 0 0 1 1 R
563 12009 18990 886 19060 809 4058 1 0 0 0 0 0 0 0 0 2 1 R
564 12034 24124 583 21999 555 4204 1 0 5 0 0 0 0 0 0 2 1 R
565 12055 19655 598 19688 560 4544 1 0 0 0 0 0 0 0 0 1 1 R
566 12075 19364 574 19402 538 3799 1 0 0 0 0 0 0 0 0 1 1 R
567 12094 18717 709 18451 666 4354 1 0 1 0 0 0 0 0 0 2 1 R
568 12115 20187 759 19256 706 5552 1 0 4 0 0 0 0 0 0 2 1 R
569 12133 17675 687 17721 646 3036 1 0 0 0 0 0 0 0 0 1 1 R
570 12157 22907 1017 22936 996 8680 1 0 0 0 0 0 0 0 0 2 1 R
571 12181 23118 583 21182 542 3784 1 0 4 0 0 0 0 0 0 1 1 R
572 12199 17787 699 17865 633 3124 1 0 0 0 0 0 0 0 0 2 1 R
573 12219 18882 752 18934 684 3707 1 0 0 0 0 0 0 0 0 2 1 R
574 12243 23618 585 21531 544 3627 1 0 5 0 0 0 0 0 0 2 1 R
575 12263 19239 585 19275 550 4263 1 0 0 0 0 0 0 0 0 1 1 R
576 12283 19514 580 19549 540 4210 1 0 0 0 0 0 0 0 0 1 1 R
577 12302 17876 769 17931 722 3651 1 0 0 0 0 0 0 0 0 2 1 R
578 12324 21495 847 20239 773 5508 1 0 5 0 0 0 0 0 0 2 1 R
579 12344 19270 716 19319 667 3639 1 0 0 0 0 0 0 0 0 1 1 R
580 12363 18808 589 18835 548 4219 1 0 0 0 0 0 0 0 0 2 1 R
581 12386 22229 935 20840 908 4304 1 0 4 0 0 0 0 0 0 1 1 R
582 12405 17537 708 17599 636 3424 1 0 0 0 0 0 0 0 0 1 1 R
583 12424 18408 733 18456 700 3317 1 0 0 0 0 0 0 0 0 2 1 R
584 12445 20498 1104 18730 1042 3253 1 0 1 0 0 0 0 0 0 2 1 R
585 12470 24202 579 23187 541 11001 1 0 4 0 0 0 0 0 0 1 1 R
586 12491 20234 675 20318 594 3923 1 0 0 0 0 0 0 0 0 2 1 R
587 12509 17034 695 17120 620 3208 1 0 0 0 0 0 0 0 0 1 1 R
588 12532 22397 697 21420 628 5273 1 0 4 0 0 0 0 0 0 2 1 R
589 12550 17629 820 17722 737 3669 1 0 0 0 0 0 0 0 0 2 1 R
590 12572 20860 618 20886 591 5639 1 0 0 0 0 0 0 0 0 2 1 R
591 12594 21780 582 20518 547 4440 1 0 4 0 0 0 0 0 0 1 1 R
592 12613 17540 691 17601 630 3672 1 0 0 0 0 0 0 0 0 2 1 R
593 12634 20360 657 19284 619 4663 1 0 1 0 0 0 0 0 0 2 1 R
594 12654 19375 775 19468 686 4344 1 0 0 0 0 0 0 0 0 1 1 R
595 12676 21545 596 20501 563 6168 1 0 4 0 0 0 0 0 0 1 1 R
596 12695 18438 998 18543 905 3699 1 0 0 0 0 1 0 0 0 1 1 R
597 12713 17257 868 17294 817 3199 1 0 0 0 0 0 0 0 0 2 1 R
598 12737 22577 1363 21494 1349 5084 1 0 4 0 0 0 0 0 0 2 1 R
599 12756 18111 632 18147 1027 3094 1 0 0 0 0 0 0 0 0 2 1 R
600 12779 22217 572 21778 536 7488 1 0 0 0 0 0 0 0 0 1 1 R
601 12801 21452 641 20149 621 3667 1 0 4 0 0 0 0 0 0 1 1 R
602 12820 18192 749 18237 698 3732 1 0 0 0 0 0 0 0 0 2 1 R
603 12841 20246 700 19259 660 3492 1 0 1 0 0 0 0 0 0 2 1 R
604 12859 17394 842 17455 779 3424 1 0 0 0 0 0 0 0 0 2 1 R
605 12883 22930 735 21771 697 7022 1 0 4 0 0 0 0 0 0 1 1 R
606 12902 18304 621 18323 588 3876 1 0 0 0 0 0 0 0 0 1 1 R
607 12922 19618 670 19674 615 4306 1 0 0 0 0 0 0 0 0 1 1 R
608 12943 20684 576 19452 543 3579 1 0 4 0 0 0 0 0 0 2 1 R
609 12963 19385 582 19423 545 4062 1 0 0 0 0 0 0 0 0 1 1 R
610 12983 18550 578 18589 541 4174 1 0 0 0 0 0 0 0 0 1 1 R
611 13003 19468 593 19510 548 4361 1 0 0 0 0 0 0 0 0 1 1 R
612 13023 19979 690 19159 615 3995 1 0 4 0 0 0 0 0 0 2 1 R
613 13043 19562 728 18658 651 3866 1 0 1 0 0 0 0 0 0 2 1 R
614 13062 17706 856 17773 797 4379 1 0 0 0 0 0 0 0 0 2 1 R
615 13090 26879 585 25694 549 9304 1 0 4 0 0 0 0 0 0 1 1 R
616 13110 19657 700 19733 629 3254 1 0 0 0 0 0 0 0 0 2 1 R
617 13129 18245 602 18295 547 3205 1 0 0 0 0 0 0 0 0 1 1 R
618 13184 54543 791 20144 768 41889 1 2 3 0 1 0 0 0 0 2 0 R
619 13210 25106 3440 16989 872 2315 1 0 2 0 2 0 0 0 0 1 0 R
620 13240 26679 593 18497 553 6916 1 0 5 0 0 0 0 0 0 0 1 R
621 13261 20947 633 20603 594 3792 1 0 1 0 0 0 0 0 0 2 1 R
622 13280 18374 789 18463 710 3724 1 0 0 0 0 0 0 0 0 1 1 R
623 13303 22100 589 20954 556 3777 1 0 4 0 0 0 0 0 0 1 1 R
624 13324 20142 742 19570 671 4460 1 0 1 0 0 0 0 0 0 2 1 R
625 13343 18554 788 18236 748 3642 1 0 1 0 0 0 0 0 0 2 1 R
626 13368 23689 752 22316 698 5132 1 0 4 0 0 0 0 0 0 2 1 R
627 13388 19079 555 19100 627 3833 1 0 0 0 0 0 0 0 0 1 1 R
628 13407 18307 939 18239 913 3732 1 0 0 0 0 0 0 0 0 1 1 R
629 13424 16798 883 16842 832 3176 1 0 0 0 0 0 0 0 0 2 1 R
630 13451 26143 671 23938 629 9420 1 0 5 0 0 0 0 0 0 2 1 R
631 13471 18785 840 18847 782 3403 1 0 0 0 0 0 0 0 0 2 1 R
632 13491 19353 570 19382 535 4436 1 0 0 0 0 0 0 0 0 1 1 R
633 13513 21173 596 19978 561 5319 1 0 4 0 0 0 0 0 0 1 1 R
634 13530 17035 948 17108 877 3636 1 0 0 0 0 0 0 0 0 2 1 R
635 13550 18559 1160 18646 1074 5357 1 0 0 0 0 0 0 0 0 2 1 R
636 13573 22232 696 20616 654 5108 1 0 4 0 0 0 0 0 0 2 1 R
637 13594 19613 593 19640 553 4309 1 0 0 0 0 0 0 0 0 1 1 R
638 13614 19502 571 19536 540 4370 1 0 0 0 0 0 0 0 0 1 1 R
639 13632 17497 694 17547 646 3690 1 0 0 0 0 0 0 0 0 2 1 R
640 13654 22021 743 19715 679 5357 1 0 5 0 0 0 0 0 0 2 1 R
641 13674 18836 896 18887 853 3202 1 0 0 0 0 0 0 0 0 1 1 R
642 13694 19091 619 19110 578 4282 1 0 0 0 0 0 0 0 0 1 1 R
643 13716 21576 589 20197 554 4323 1 0 4 0 0 0 0 0 0 1 1 R
644 13733 16679 953 16751 884 3265 1 0 0 0 0 0 0 0 0 3 1 R
645 13758 23307 844 23414 742 8002 1 0 0 0 0 0 0 0 0 1 1 R
646 13776 17188 748 17263 672 3355 1 0 0 0 0 0 0 0 0 1 1 R
647 13800 23194 623 21272 587 4020 1 0 4 0 0 1 0 0 0 2 1 R
648 13820 19295 949 19365 879 3781 1 0 0 0 0 0 0 0 0 2 1 R
649 13841 20714 873 18681 789 3332 1 0 1 0 0 0 0 0 0 1 1 R
650 13873 30537 724 18697 681 16230 1 1 0 0 0 2 0 0 0 2 1 R
651 13893 20004 584 20027 551 4314 1 0 0 0 0 0 0 0 0 1 1 R
652 13913 18649 1219 18687 1188 4242 1 0 0 0 0 1 0 0 0 1 1 R
653 13936 21727 612 20854 581 5928 1 0 4 0 0 0 0 0 0 2 1 R
654 13953 17113 1176 17217 1184 3150 1 0 0 0 0 0 0 0 0 2 1 R
655 13973 18688 802 18639 750 4684 1 0 0 0 0 0 0 0 0 2 1 R
656 13996 21947 602 20799 566 5453 1 0 4 0 0 0 0 0 0 1 1 R
657 14016 19468 1296 19538 1261 3775 1 0 0 0 0 0 0 0 0 1 1 R
658 14035 17746 845 17784 786 3692 1 0 0 0 0 0 0 0 0 1 1 R
659 14056 20256 2350 19109 2009 3273 1 0 1 0 3 0 0 0 0 3 1 R
660 14081 22334 698 21488 636 6750 1 0 1 0 0 0 0 0 0 1 1 R
661 14101 19341 560 19364 526 4205 1 0 0 0 0 0 0 0 0 1 1 R
662 14120 18623 812 18662 774 3808 1 0 0 0 0 0 0 0 0 1 1 R
663 14143 21944 745 20917 691 3607 1 0 4 0 0 0 0 0 0 2 1 R
664 14161 17337 782 17391 726 3652 1 0 0 0 0 0 0 0 0 2 1 R
665 14180 18048 747 18087 698 3496 1 0 0 0 0 0 0 0 0 1 1 R
666 14203 22700 874 21774 805 5344 1 0 4 0 0 0 0 0 0 2 1 R
667 14224 19702 583 19744 542 4298 1 0 0 0 0 0 0 0 0 1 1 R
668 14247 22259 1255 20444 1205 4782 1 0 2 0 0 0 0 0 0 2 1 R
669 14266 18179 749 17934 693 3053 1 0 1 0 1 0 0 0 0 1 1 R
670 14289 22323 768 20605 737 3667 1 0 3 0 0 0 0 0 0 2 1 R
671 14310 19763 583 19797 549 3815 1 0 0 0 0 0 0 0 0 1 1 R
672 14331 20482 598 20073 559 3753 1 0 1 0 0 0 0 0 0 2 1 R
673 14353 21505 894 20628 832 3185 1 0 4 0 0 0 0 0 0 2 1 R
674 14371 17053 810 17118 739 3675 1 0 0 0 0 0 0 0 0 2 1 R
675 14394 22446 986 22515 925 8020 1 0 0 0 0 0 0 0 0 1 1 R
676 14416 21133 601 19432 568 4199 1 0 4 0 0 0 0 0 0 1 1 R
677 14436 19309 1108 19352 1071 3933 1 0 0 0 0 0 0 0 0 1 1 R
678 14455 18272 796 17311 712 4595 1 0 1 0 0 0 0 0 0 2 1 R
679 14475 18672 686 18732 638 3785 1 0 0 0 0 0 0 0 0 2 1 R
680 14498 22450 618 21162 582 4508 1 0 4 0 0 0 0 0 0 1 1 R
681 14518 19418 563 19458 523 3778 1 0 0 0 0 0 0 0 0 1 1 R
682 14536 17703 1388 17754 1350 3730 1 0 0 0 0 0 0 0 0 2 1 R
683 14559 21243 777 20212 829 3235 1 0 4 0 0 0 0 0 0 2 1 R
684 14576 16475 1357 16437 1313 3187 1 0 0 0 0 0 0 0 0 1 1 R
685 14600 21993 842 20969 803 4719 1 0 1 0 0 0 0 0 0 3 1 R
686 14623 22278 586 21539 553 3787 1 0 4 0 0 0 0 0 0 1 1 R
687 14644 20705 559 19522 533 4104 1 0 1 0 0 0 0 0 0 1 1 R
688 14663 18821 586 18864 547 4128 1 0 0 0 0 0 0 0 0 1 1 R
689 14683 18614 699 18681 631 4053 1 0 0 0 0 0 0 0 0 2 1 R
690 14708 25222 978 24254 923 9319 1 0 4 0 0 0 0 0 0 2 1 R
691 14729 19271 771 19359 702 3782 1 0 0 0 0 0 0 0 0 1 1 R
692 14749 18982 800 19021 749 3578 1 0 0 0 0 0 0 0 0 1 1 R
693 14771 21758 792 20701 756 3259 1 0 4 0 0 0 0 0 0 2 1 R
694 14789 17038 1260 17087 1201 3219 1 0 0 0 0 0 0 0 0 1 1 R
695 14812 21480 605 21507 570 6097 1 0 0 0 0 0 0 0 0 2 1 R
696 14833 21197 583 20081 552 4231 1 0 4 0 0 0 0 0 0 1 1 R
697 14855 20896 708 19944 670 4325 1 0 1 0 0 0 0 0 0 2 1 R
698 14873 17294 687 17347 638 3335 1 0 0 0 0 0 0 0 0 1 1 R
699 14893 18916 664 18951 632 4845 1 0 0 0 0 0 0 0 0 2 1 R
700 14916 22390 588 21185 552 7439 1 0 4 0 0 0 0 0 0 1 1 R
701 14936 19700 646 19747 605 3797 1 0 0 0 0 0 0 0 0 1 1 R
702 14955 18387 650 18442 597 3755 1 0 0 0 0 0 0 0 0 2 1 R
703 14977 21269 1634 20965 887 3400 1 0 4 0 0 0 0 0 0 2 1 R
704 14995 16141 1303 16221 1225 3218 1 0 0 0 0 0 0 0 0 2 1 R
705 15021 24951 578 24983 543 9063 1 0 0 0 0 0 0 0 0 1 1 R
706 15043 21982 1657 20576 819 3758 1 0 4 0 1 0 0 0 0 2 1 R
707 15064 18606 735 18265 658 4356 1 0 1 0 0 0 0 0 0 1 1 R
708 15082 17614 703 17688 632 3979 1 0 0 0 0 0 0 0 0 2 1 R
709 15102 19712 696 19759 659 3696 1 0 0 0 0 1 0 0 0 1 1 R
710 15125 21987 584 20708 550 6730 1 0 4 0 0 0 0 0 0 2 1 R
711 15145 19697 574 19734 538 3803 1 0 0 0 0 0 0 0 0 1 1 R
712 15164 17638 714 17691 671 3265 1 0 0 0 0 0 0 0 0 1 1 R
713 15185 20409 677 19315 632 4044 1 0 4 0 0 0 0 0 0 2 1 R
714 15206 20280 725 19853 677 6109 1 0 1 0 0 0 0 0 0 1 1 R
715 15261 54198 2391 21147 678 34564 1 2 7 0 1 0 0 0 0 2 0 R
716 15285 21954 830 16917 767 2325 1 0 1 0 0 0 0 0 0 2 0 D
717 15311 25047 511 20831 459 3605 1 0 3 0 0 0 0 0 0 1 1 S
718 15354 42974 631 18693 593 26371 1 1 3 0 0 0 0 0 0 1 1 R
719 15373 18376 733 18021 686 4417 1 0 1 0 0 0 0 0 0 2 1 R
720 15399 24733 761 23771 673 6817 1 0 4 0 0 0 0 0 0 2 1 R
721 15416 16763 1445 16881 1347 3168 1 0 0 0 0 1 0 0 0 2 1 R
722 15438 20490 569 20507 531 5193 1 0 0 0 0 0 0 0 0 1 1 R
723 15463 24337 575 21506 541 3786 1 0 5 0 0 0 0 0 0 2 1 R
724 15481 17223 797 17288 728 3600 1 0 0 0 0 0 0 0 0 1 1 R
725 15503 21332 605 21370 579 5739 1 0 0 0 0 0 0 0 0 2 1 R
726 15523 19158 572 19185 537 3859 1 0 0 0 0 0 0 0 0 1 1 R
727 15544 20567 591 19423 557 6258 1 0 4 0 0 0 0 0 0 1 1 R
728 15564 19821 587 19858 548 4085 1 0 0 0 0 0 0 0 0 2 1 R
729 15586 20699 659 20752 614 4230 1 0 0 0 0 0 0 0 0 1 1 R
730 15610 23978 593 22095 554 3723 1 0 4 0 0 0 0 0 0 1 1 R
731 15632 20933 586 20975 549 4789 1 0 0 0 0 0 0 0 0 1 1 R
732 15653 20232 593 19144 557 4235 1 0 1 0 0 0 0 0 0 1 1 R
733 15676 22373 584 21218 548 4325 1 0 4 0 0 0 0 0 0 2 1 R
734 15693 16709 745 16816 649 3362 1 0 0 0 0 0 0 0 0 2 1 R
735 15716 22674 1566 22730 1534 8352 1 0 0 0 0 0 0 0 0 2 1 R
736 15739 21497 548 20708 528 3732 1 0 4 0 0 0 0 0 0 1 1 R
737 15760 19793 602 19826 570 3787 1 0 0 0 0 0 0 0 0 1 1 R
738 15778 17794 656 17836 616 3228 1 0 0 0 0 0 0 0 0 2 1 R
739 15798 19516 755 19554 723 3645 1 0 0 0 0 0 0 0 0 1 1 R
740 15820 20970 788 20060 750 3103 1 0 4 0 0 1 0 0 0 3 1 R
741 15840 19511 577 19550 540 3789 1 0 0 0 0 0 0 0 0 1 1 R
742 15862 21128 585 20121 549 3737 1 0 1 0 0 0 0 0 0 1 1 R
743 15884 21260 589 19652 559 3697 1 0 4 0 0 0 0 0 0 2 1 R
744 15902 17222 860 17287 805 3812 1 0 0 0 0 0 0 0 0 1 1 R
745 15922 19255 651 19294 619 5160 1 0 0 0 0 0 0 0 0 2 1 R
746 15942 19857 572 19877 537 5249 1 0 0 0 0 0 0 0 0 1 1 R
747 15964 21277 586 20142 553 6213 1 0 4 0 0 0 0 0 0 1 1 R
748 15982 17465 658 17507 626 3779 1 0 0 0 0 0 0 0 0 2 1 R
749 16001 18164 672 18213 620 4087 1 0 0 0 0 0 0 0 0 2 1 R
750 16027 25546 652 24315 624 8023 1 0 4 0 0 0 0 0 0 2 1 R
751 16047 18774 1002 19233 544 3293 1 0 0 0 0 0 0 0 0 1 1 R
752 16068 19957 573 18901 541 5181 1 0 1 0 0 0 0 0 0 2 1 R
753 16086 17243 700 17307 644 3129 1 0 0 0 0 0 0 0 0 1 1 R
754 16109 22885 567 21021 538 3509 1 0 4 0 0 0 0 0 0 2 1 R
755 16127 16947 2401 17033 2363 3119 1 0 0 0 0 1 0 0 0 1 1 R
756 16149 20203 572 20184 541 4272 1 0 0 0 0 0 0 0 0 2 1 R
757 16171 21450 588 19921 552 3746 1 0 4 0 0 0 0 0 0 1 1 R
758 16189 17043 758 17111 701 3113 1 0 0 0 0 0 0 0 0 2 1 R
759 16209 19628 649 19666 598 4552 1 0 0 0 0 0 0 0 0 1 1 R
760 16228 18219 3439 18302 1890 3925 1 0 3 0 1 0 0 0 0 2 1 R
761 16250 18903 1915 18953 944 3048 1 0 0 0 1 0 0 0 0 2 1 R
762 16272 19903 592 19932 552 4206 1 0 0 0 0 0 0 0 0 1 1 R
763 16291 18191 662 18240 627 3606 1 0 0 0 0 0 0 0 0 2 1 R
764 16312 19917 690 18923 657 3326 1 0 4 0 0 0 0 0 0 2 1 R
765 16335 22853 851 22199 765 8228 1 0 1 0 0 0 0 0 0 1 1 R
766 16356 19534 571 19551 537 3752 1 0 0 0 0 0 0 0 0 2 1 R
767 16380 24295 586 23112 550 3829 1 0 4 0 0 0 0 0 0 1 1 R
768 16400 19076 988 18745 934 3086 1 0 1 0 0 0 0 0 0 2 1 R
769 16421 19402 839 19093 775 3204 1 0 1 0 0 0 0 0 0 2 1 R
770 16444 22948 601 21578 570 4707 1 0 4 0 0 0 0 0 0 1 1 R
771 16466 20988 645 19888 600 4418 1 0 1 0 0 0 0 0 0 2 1 R
772 16485 18173 823 18283 712 3560 1 0 0 0 0 0 0 0 0 1 1 R
773 16503 17369 781 17420 730 3226 1 0 0 0 0 0 0 0 0 1 1 R
774 16525 21464 709 20392 655 6889 1 0 4 0 0 0 0 0 0 2 1 R
775 16545 19011 907 19069 860 3244 1 0 0 0 0 0 0 0 0 1 1 R
776 16565 18828 587 18855 552 3815 1 0 0 0 0 0 0 0 0 1 1 R
777 16588 22310 720 20645 680 4348 1 0 4 0 0 0 0 0 0 2 1 R
778 16605 16560 743 16630 675 3200 1 0 0 0 0 0 0 0 0 1 1 R
779 16625 19206 694 19250 655 4304 1 0 0 0 0 0 0 0 0 2 1 R
780 16652 26221 797 25642 620 6946 1 0 4 0 0 0 0 0 0 2 1 R
781 16673 20790 609 19511 573 4302 1 0 1 0 0 0 0 0 0 1 1 R
782 16693 18750 878 18807 832 3687 1 0 0 0 0 0 0 0 0 2 1 R
783 16711 17681 648 17716 604 3684 1 0 0 0 0 0 0 0 0 1 1 R
784 16733 20909 723 19912 655 6533 1 0 4 0 0 0 0 0 0 2 1 R
785 16752 18736 988 18807 930 4100 1 0 0 0 0 0 0 0 0 2 1 R
786 16773 19743 581 19767 546 4830 1 0 0 0 0 0 0 0 0 1 1 R
787 16796 22745 591 21714 958 4060 1 0 4 0 0 0 0 0 0 2 1 R
788 16819 22548 594 22174 562 4495 1 0 0 0 0 0 0 0 0 1 1 R
789 16841 20961 568 20999 534 4576 1 0 0 0 0 0 0 0 0 2 1 R
790 16864 22139 601 19934 566 4832 1 0 5 0 0 0 0 0 0 1 1 R
791 16884 19908 584 19943 547 4381 1 0 0 0 0 0 0 0 0 2 1 R
792 16903 17848 657 17884 625 3947 1 0 0 0 0 0 0 0 0 1 1 R
793 16921 18092 820 18185 731 3676 1 0 0 0 0 0 0 0 0 2 1 R
794 16944 21460 1040 20682 955 6280 1 0 4 0 0 0 0 0 0 2 1 R
795 16968 23094 562 23115 537 7962 1 0 0 0 0 0 0 0 0 1 1 R
796 16988 19808 586 19841 549 3771 1 0 0 0 0 0 0 0 0 2 1 R
797 17013 24390 594 22054 554 3548 1 0 4 0 0 0 0 0 0 1 1 R
798 17030 16344 740 16433 665 3721 1 0 0 0 0 0 0 0 0 2 1 R
799 17052 21591 669 21618 644 5749 1 0 0 0 0 0 0 0 0 1 1 R
800 17076 23292 949 21273 935 5631 1 0 5 0 0 0 0 0 0 2 1 R
801 17096 18342 884 18378 831 3791 1 0 0 0 0 0 0 0 0 0 1 R
802 17114 17208 700 17284 641 3244 1 0 0 0 0 0 0 0 0 3 1 R
803 17134 19627 785 18985 749 5482 1 0 1 0 0 0 0 0 0 2 1 R
804 17155 20591 755 19744 715 6217 1 0 4 0 0 0 0 0 0 1 1 R
805 17176 19626 583 19649 546 3841 1 0 0 0 0 0 0 0 0 1 1 R
806 17195 18886 583 18925 546 3843 1 0 0 0 0 0 0 0 0 1 1 R
807 17216 20355 1381 19336 1346 3168 1 0 4 0 0 0 0 0 0 2 1 R
808 17234 16390 814 16479 715 3193 1 0 0 0 0 0 0 0 0 1 1 R
809 17254 19204 573 19274 499 5592 1 0 0 0 0 0 0 0 0 2 1 R
810 17306 50956 705 24280 683 38783 1 2 4 0 1 0 0 0 0 2 0 R
811 17332 25843 2440 16456 682 2144 1 0 2 0 1 0 0 0 0 2 0 R
812 17360 25436 790 19235 768 7700 1 0 6 0 0 0 0 0 0 1 1 R
813 17382 21070 934 20716 886 3894 1 0 1 0 0 0 0 0 0 1 1 R
814 17402 19048 1526 19082 1510 4212 1 0 0 0 0 0 0 0 0 1 1 R
815 17425 21926 794 19957 702 4571 1 0 5 0 0 0 0 0 0 2 1 R
816 17445 18516 691 18097 651 3142 1 0 1 0 0 0 0 0 0 2 1 R
817 17467 21294 1318 19905 1231 3394 1 0 1 0 0 0 0 0 0 2 1 R
818 17486 18461 1145 18448 1137 3706 1 0 0 0 1 0 0 0 0 1 1 R
819 17510 22234 602 20235 559 4575 1 0 3 0 0 0 0 0 0 1 1 R
820 17528 17372 753 17422 704 3080 1 0 0 0 0 0 0 0 0 2 1 R
821 17548 19489 676 19547 621 4317 1 0 0 0 0 0 0 0 0 1 1 R
822 17570 21716 587 20585 560 3759 1 0 4 0 0 0 0 0 0 2 1 R
823 17591 19617 562 19637 531 3815 1 0 0 0 0 0 0 0 0 1 1 R
824 17610 18709 650 18764 601 3744 1 0 0 0 0 0 0 0 0 1 1 R
825 17635 24195 579 22937 547 6610 1 0 4 0 0 0 0 0 0 2 1 R
826 17652 17194 1282 17271 1223 3627 1 0 0 0 0 0 0 0 0 2 1 R
827 17676 22507 581 21317 546 6646 1 0 1 0 0 0 0 0 0 2 1 R
828 17696 19350 581 18707 550 3759 1 0 1 0 0 0 0 0 0 1 1 R
829 17719 22733 583 21388 543 3774 1 0 4 0 0 0 0 0 0 1 1 R
830 17738 17621 803 17685 758 3241 1 0 0 0 0 0 0 0 0 2 1 R
831 17756 17933 1536 17996 1491 4334 1 0 0 0 0 0 0 0 0 2 1 R
832 17781 23104 597 21884 561 4997 1 0 4 0 0 0 0 0 0 1 1 R
833 17801 19402 793 19439 886 4237 1 0 0 0 0 1 0 0 0 1 1 R
834 17821 18674 695 18604 643 4161 1 0 0 0 0 0 0 0 0 2 1 R
835 17843 21984 589 20847 547 3111 1 0 4 0 0 0 0 0 0 1 1 R
836 17861 17147 2647 17215 1211 3799 1 0 1 0 0 0 0 0 0 2 1 R
837 17884 20117 580 20131 552 4677 1 0 0 0 0 0 0 0 0 1 1 R
838 17904 19462 1002 19534 932 4339 1 0 0 0 0 0 0 0 0 1 1 R
839 17926 20851 609 19783 571 6212 1 0 4 0 0 0 0 0 0 2 1 R
840 17948 21970 648 22013 610 6014 1 0 0 0 0 0 0 0 0 2 1 R
841 17965 16425 756 16481 706 3027 1 0 0 0 0 0 0 0 0 1 1 R
842 17989 22870 569 21796 540 3773 1 0 4 0 0 0 0 0 0 2 1 R
843 18009 19973 586 20004 549 3784 1 0 0 0 0 0 0 0 0 2 1 R
844 18029 18888 694 18955 646 3770 1 0 0 0 0 0 0 0 0 1 1 R
845 18049 19623 1433 18800 1132 3105 1 0 3 0 1 0 0 0 0 2 1 R
846 18072 21490 671 20227 615 3822 1 0 1 0 0 0 0 0 0 1 1 R
847 18092 19215 579 19241 541 4246 1 0 0 0 0 0 0 0 0 2 1 R
848 18112 18983 577 19022 542 4229 1 0 0 0 0 0 0 0 0 1 1 R
849 18134 21872 692 20950 640 4550 1 0 4 0 0 0 0 0 0 1 1 R
850 18152 17415 797 17494 722 3793 1 0 0 0 0 0 0 0 0 2 1 R
851 18171 17880 1041 17972 955 4324 1 0 0 0 0 0 0 0 0 1 1 R
852 18194 22555 655 21510 605 5664 1 0 4 0 0 0 0 0 0 2 1 R
853 18214 19277 583 19312 548 4377 1 0 0 0 0 0 0 0 0 1 1 R
854 18233 17737 713 17819 637 4185 1 0 0 0 0 0 0 0 0 2 1 R
855 18255 21861 745 21905 704 6476 1 0 0 0 0 0 0 0 0 2 1 R
856 18279 22579 704 19982 646 4858 1 0 5 0 0 0 0 0 0 1 1 R
857 18299 19232 1439 19334 1369 3241 1 0 0 0 0 1 0 0 0 2 1 R
858 18320 20012 865 19597 836 3706 1 0 1 0 0 0 0 0 0 1 1 R
859 18344 23065 588 22096 554 7289 1 0 4 0 0 0 0 0 0 1 1 R
860 18362 17918 1161 17651 1052 4590 1 0 1 0 0 0 0 0 0 2 1 R
861 18383 19232 717 19306 663 5159 1 0 0 0 0 0 0 0 0 2 1 R
862 18405 21648 605 20580 576 4394 1 0 4 0 0 0 0 0 0 1 1 R
863 18426 20210 623 20242 587 3805 1 0 0 0 0 0 0 0 0 1 1 R
864 18445 18760 786 18829 722 4123 1 0 0 0 0 0 0 0 0 2 1 R
865 18464 17725 828 17793 778 3183 1 0 0 0 0 0 0 0 0 2 1 R
866 18489 23996 581 19516 545 3115 1 0 4 0 0 0 0 0 0 2 1 R
867 18509 19669 565 19705 532 3820 1 0 0 0 0 0 0 0 0 1 1 R
868 18529 19077 565 19108 538 3729 1 0 0 0 0 0 0 0 0 1 1 R
869 18546 16770 839 16855 753 3324 1 0 0 0 2 0 0 0 0 2 1 R
870 18572 25712 558 23087 541 6673 1 0 2 0 0 0 0 0 0 2 1 R
871 18592 18661 717 18717 659 3654 1 0 0 0 0 0 0 0 0 1 1 R
872 18612 19637 582 19661 544 4230 1 0 0 0 0 0 0 0 0 1 1 R
873 18634 21209 580 20155 543 6089 1 0 4 0 0 0 0 0 0 1 1 R
874 18651 16696 1239 16789 1153 3677 1 0 0 0 0 0 0 0 0 2 1 R
875 18673 20724 655 19646 611 5196 1 0 1 0 0 0 0 0 0 2 1 R
876 18696 21827 586 19994 556 4251 1 0 4 0 0 0 0 0 0 2 1 R
877 18716 19688 580 19722 545 3830 1 0 0 0 0 0 0 0 0 1 1 R
878 18735 18463 904 18519 850 3755 1 0 0 0 0 0 0 0 0 2 1 R
879 18753 16930 804 17007 732 3275 1 0 0 0 0 0 0 0 0 1 1 R
880 18774 20731 725 19451 661 7136 1 0 4 0 0 0 0 0 0 2 1 R
881 18792 17508 752 17569 697 3889 1 0 0 0 0 0 0 0 0 2 1 R
882 18814 20560 609 20578 576 5853 1 0 0 0 0 0 0 0 0 1 1 R
883 18836 21363 592 20014 555 4243 1 0 4 0 0 0 0 0 0 2 1 R
884 18854 17545 724 17635 630 3263 1 0 0 0 0 0 0 0 0 2 1 R
885 18879 24858 582 23849 542 7280 1 0 1 0 0 0 0 0 0 1 1 R
886 18899 18773 2722 19561 797 3168 1 0 2 0 2 0 0 0 0 2 1 R
887 18921 19558 617 19568 577 4395 1 0 0 0 0 0 0 0 0 1 1 R
888 18941 19698 566 19734 534 4215 1 0 0 0 0 0 0 0 0 1 1 R
889 18960 17983 708 18061 636 3786 1 0 0 0 0 0 0 0 0 2 1 R
890 18982 21438 723 20423 656 3669 1 0 4 0 0 0 0 0 0 2 1 R
891 19003 19663 873 19788 748 3651 1 0 0 0 0 0 0 0 0 1 1 R
892 19022 18443 583 18476 544 4220 1 0 0 0 0 0 0 0 0 1 1 R
893 19046 23738 1152 21826 1132 4457 1 0 4 0 0 0 0 0 0 2 1 R
894 19063 15850 730 15912 650 3212 1 0 0 0 0 0 0 0 0 1 1 R
895 19085 20889 667 19774 621 7064 1 0 1 0 0 0 0 0 0 2 1 R
896 19105 19775 972 19861 901 3839 1 0 0 0 0 0 0 0 0 1 1 R
897 19128 21569 573 20566 546 5994 1 0 4 0 0 0 0 0 0 1 1 R
898 19147 18454 1279 19140 591 3684 1 0 0 0 0 0 0 0 0 2 1 R
899 19164 15833 742 15919 662 3165 1 0 0 0 0 0 0 0 0 1 1 R
900 19191 25877 578 24848 540 8681 1 0 4 0 0 0 0 0 0 2 1 R
901 19210 18396 690 18441 647 3218 1 0 0 0 0 0 0 0 0 2 1 R
902 19230 20183 576 20219 537 4637 1 0 0 0 0 0 0 0 0 1 1 R
903 19253 21770 567 20802 541 3672 1 0 4 0 0 0 0 0 0 2 1 R
904 19270 16916 3187 17019 1646 3770 1 0 0 0 1 0 0 0 0 1 1 R
905 19291 17330 792 17355 725 3550 1 0 0 0 0 0 0 0 0 2 1 R
906 19315 23290 7592 21238 2286 5679 1 0 3 0 1 0 0 0 0 2 1 R
907 19363 40649 689 28477 643 13584 1 0 11 0 0 0 0 0 0 2 1 R
908 19384 20303 763 19799 658 4632 1 0 1 0 0 0 0 0 0 1 1 R
909 19409 24404 844 22358 760 5411 1 0 6 0 0 0 0 0 0 2 1 R
910 19430 20067 878 19775 845 3553 1 0 1 0 0 0 0 0 0 1 1 R
911 19452 21236 677 20799 629 3808 1 0 1 0 0 0 0 0 0 1 1 R
912 19472 19358 2802 18414 1381 5256 1 0 4 0 1 0 0 0 0 2 1 R
913 19493 17684 698 17686 660 3586 1 0 0 0 0 0 0 0 0 2 1 R
914 19513 19252 815 19307 762 4266 1 0 0 0 0 0 0 0 0 1 1 R
915 19539 25538 591 24335 551 8000 1 0 4 0 0 0 0 0 0 1 1 R
916 19559 19630 572 19668 534 3354 1 0 0 0 0 0 0 0 0 2 1 R
917 19577 16681 1426 16783 1347 3134 1 0 0 0 0 0 0 0 0 1 1 R
918 19595 17280 797 17358 706 4514 1 0 0 0 0 0 0 0 0 2 1 R
919 19620 23484 560 21740 532 3681 1 0 4 0 0 0 0 0 0 2 1 R
920 19639 19057 588 19090 551 3766 1 0 0 0 0 0 0 0 0 1 1 R
921 19660 19972 956 20059 871 3815 1 0 0 0 0 0 0 0 0 1 1 R
922 19683 21992 910 19866 862 3142 1 0 5 0 0 0 0 0 0 2 1 R
923 19701 17698 764 17746 711 3670 1 0 0 0 0 0 0 0 0 2 1 R
924 19722 20199 933 20279 850 5494 1 0 0 0 0 0 0 0 0 1 1 R
925 19744 20809 594 19694 558 4319 1 0 4 0 0 0 0 0 0 1 1 R
926 19764 19455 728 19498 695 3901 1 0 0 0 0 1 0 0 0 2 1 R
927 19782 16962 703 17010 648 3455 1 0 0 0 0 0 0 0 0 1 1 R
928 19800 18044 842 18102 786 4559 1 0 0 0 0 0 0 0 0 2 1 R
929 19824 22479 595 21427 557 7446 1 0 4 0 0 0 0 0 0 2 1 R
930 19846 22003 989 22042 972 7999 1 0 0 0 0 0 0 0 0 1 1 R
931 19866 18502 822 18571 739 3228 1 0 0 0 0 0 0 0 0 1 1 R
932 19890 23307 581 20771 543 3222 1 0 5 0 0 0 0 0 0 2 1 R
933 19909 18008 811 18078 750 3146 1 0 0 0 0 0 0 0 0 2 1 R
934 19930 20658 574 20685 535 4976 1 0 0 0 0 0 0 0 0 1 1 R
935 19952 20958 940 20182 912 3825 1 0 4 0 0 0 0 0 0 1 1 R
936 19972 19329 898 19432 793 4174 1 0 0 0 0 0 0 0 0 3 1 R
937 19990 17681 814 17747 743 3698 1 0 0 0 0 0 0 0 0 2 1 R
938 20009 18140 708 18216 643 4857 1 0 0 0 0 0 0 0 0 0 1 R
939 20033 22854 840 21907 778 5821 1 0 4 0 0 0 0 0 0 2 1 R
940 20053 19327 587 19350 552 4209 1 0 0 0 0 0 0 0 0 3 1 R
941 20073 19209 855 19262 808 3928 1 0 0 0 0 0 0 0 0 0 1 R
942 20095 21170 754 19212 672 4784 1 0 5 0 0 0 0 0 0 2 1 R
943 20114 18762 873 18849 792 3092 1 0 0 0 0 0 0 0 0 2 1 R
944 20135 19904 618 19933 581 4784 1 0 0 0 0 0 0 0 0 2 1 R
945 20161 25108 730 24415 653 7569 1 0 4 0 0 0 0 0 0 1 1 R
946 20180 18445 940 18495 882 4048 1 0 0 0 0 0 0 0 0 1 1 R
947 20199 17749 734 17800 697 3185 1 0 0 0 0 0 0 0 0 2 1 R
948 20218 18642 1031 18708 960 4239 1 0 0 0 0 0 0 0 0 2 1 R
949 20242 22957 594 21802 558 4866 1 0 4 0 0 0 0 0 0 1 1 R
950 20262 19312 584 19350 544 4226 1 0 0 0 0 0 0 0 0 1 1 R
951 20283 20776 571 19731 540 4313 1 0 1 0 0 0 0 0 0 1 1 R
952 20306 21552 576 20204 540 3835 1 0 4 0 0 0 0 0 0 2 1 R
953 20325 19273 841 18877 790 3326 1 0 1 0 0 0 0 0 0 2 1 R
954 20346 19243 575 19268 543 3806 1 0 0 0 0 0 0 0 0 2 1 R
955 20366 19452 758 19530 677 3838 1 0 0 0 0 0 0 0 0 1 1 R
956 20391 24959 576 22914 542 6180 1 0 5 0 0 0 0 0 0 2 1 R
957 20411 19487 706 19140 666 3189 1 0 1 0 0 0 0 0 0 1 1 R
958 20429 16718 831 16779 786 3668 1 0 0 0 0 0 0 0 0 2 1 R
959 20456 26762 2211 25555 2171 6222 1 0 4 0 0 1 0 0 0 3 1 R
960 20482 23283 620 22432 571 7316 1 0 1 0 0 0 0 0 0 2 1 R
961 20500 17430 731 17559 605 3494 1 0 0 0 0 0 0 0 0 1 1 R
962 20522 20923 722 19892 680 3975 1 0 4 0 0 0 0 0 0 2 1 R
963 20542 20184 577 20218 536 4716 1 0 0 0 0 0 0 0 0 1 1 R
964 20562 18809 563 18843 529 4247 1 0 0 0 0 0 0 0 0 2 1 R
965 20584 21624 582 20473 553 4159 1 0 4 0 0 0 0 0 0 1 1 R
966 20605 19874 830 19922 773 4503 1 0 0 0 0 0 0 0 0 1 1 R
967 20622 17139 1062 17196 1011 3200 1 0 0 0 0 0 0 0 0 2 1 R
968 20644 20239 580 20272 542 5406 1 0 0 0 0 0 0 0 0 2 1 R
969 20666 21145 596 19949 557 6360 1 0 4 0 0 0 0 0 0 1 1 R
970 20686 20098 576 18996 539 3273 1 0 1 0 0 0 0 0 0 1 1 R
971 20704 17159 903 17225 854 3312 1 0 0 0 0 0 0 0 0 2 1 R
972 20728 22803 776 21874 725 5247 1 0 4 0 0 0 0 0 0 2 1 R
973 20746 17356 649 17397 625 3118 1 0 0 0 0 0 0 0 0 2 1 R
974 20767 20298 1166 20354 1123 4666 1 0 0 0 0 0 0 0 0 1 1 R
975 20793 24702 604 23569 566 6873 1 0 4 0 0 0 0 0 0 1 1 R
976 20811 17318 661 17378 609 3672 1 0 0 0 0 0 0 0 0 2 1 R
977 20830 18823 898 18904 821 4660 1 0 0 0 0 0 0 0 0 2 1 R
978 20851 20309 586 20338 549 5507 1 0 0 0 0 0 0 0 0 1 1 R
979 20874 22307 614 21091 571 5100 1 0 4 0 0 0 0 0 0 1 1 R
980 20895 20331 828 19387 685 4405 1 0 1 0 0 0 0 0 0 2 1 R
981 20913 17127 761 17186 704 3237 1 0 0 0 0 0 0 0 0 2 1 R
982 20935 21322 890 20481 811 5158 1 0 4 0 0 0 0 0 0 2 1 R
983 20956 20043 589 20071 555 3770 1 0 0 0 0 0 0 0 0 1 1 R
984 20975 18679 806 18742 761 3801 1 0 0 0 0 0 0 0 0 1 1 R
985 20995 18836 759 18921 667 3637 1 0 0 0 0 0 0 0 0 1 1 R
986 21016 19880 791 18785 729 4583 1 0 4 0 0 0 0 0 0 2 1 R
987 21034 17619 744 17674 686 3207 1 0 0 0 0 0 0 0 0 2 1 R
988 21054 19100 680 19140 647 4967 1 0 0 0 0 0 0 0 0 2 1 R
989 21077 22125 951 21111 929 5228 1 0 4 0 0 0 0 0 0 1 1 R
990 21102 23934 591 22913 552 8666 1 0 1 0 0 0 0 0 0 2 1 R
991 21119 17256 1090 17334 1022 3160 1 0 0 0 0 0 0 0 0 1 1 R
992 21143 22227 827 20852 809 4088 1 0 4 0 0 0 0 0 0 2 1 R
993 21163 19827 573 19845 536 4317 1 0 0 0 0 0 0 0 0 2 1 R
994 21183 18963 572 18995 541 4291 1 0 0 0 0 0 0 0 0 1 1 R
995 21203 19491 810 19592 724 4441 1 0 0 0 0 0 0 0 0 1 1 R
996 21223 19727 716 18773 650 5437 1 0 4 0 0 0 0 0 0 2 1 R
997 21241 17242 681 17294 630 3721 1 0 0 0 0 0 0 0 0 2 1 R
998 21263 20979 627 21009 589 6336 1 0 0 0 0 0 0 0 0 1 1 R
999 21288 24320 578 22284 544 4268 1 0 5 0 0 0 0 0 0 1 1 R
1000 21306 17849 1600 17909 1568 3597 1 0 0 0 0 0 0 0 0 2 1 R
1001 21325 17003 793 17039 740 3045 1 0 0 0 0 0 0 0 0 2 1 R
1002 21344 18292 677 18355 609 4264 1 0 0 0 0 0 0 0 0 1 1 R
1003 21370 24926 626 22105 591 7586 1 0 5 0 0 0 0 0 0 2 1 R
1004 21405 34692 750 21920 712 3776 1 0 5 0 0 0 0 0 0 1 1 R
1005 21434 28201 743 24671 704 6452 1 0 6 0 0 0 0 0 0 2 1 R
1006 21454 19017 698 18531 617 3377 1 0 1 0 0 0 0 0 0 1 1 R
1007 21499 44489 673 21439 651 27973 1 2 5 0 1 0 0 0 0 2 0 R
1008 21525 25804 2386 16873 684 2140 1 0 3 0 1 0 0 0 0 1 0 R
1009 21542 14265 525 14292 488 2375 1 0 0 0 0 0 0 0 0 0 1 R
1010 21578 35294 767 17270 755 24122 1 2 2 0 1 0 0 0 0 3 0 R
1011 21595 16119 828 14576 769 2082 1 0 0 0 0 0 0 0 0 0 1 R
1012 21616 20466 666 20499 618 5748 1 0 0 0 0 0 0 0 0 2 1 R
1013 21639 22382 673 21316 619 3777 1 0 4 0 0 0 0 0 0 3 1 R
1014 21658 18528 834 18622 749 3134 1 0 0 0 0 0 0 0 0 1 1 R
1015 21679 19613 619 19639 581 3925 1 0 0 0 0 0 0 0 0 1 1 R
1016 21702 22852 675 20820 586 3792 1 0 5 0 0 0 0 0 0 2 1 R
1017 21721 17707 802 17768 751 3690 1 0 0 0 0 0 0 0 0 1 1 R
1018 21740 18368 1123 18445 1037 4544 1 0 0 0 0 0 0 0 0 2 1 R
1019 21761 19950 679 20002 635 4783 1 0 0 0 0 1 0 0 0 2 1 R
1020 21786 24654 928 23719 912 9605 1 0 4 0 0 0 0 0 0 2 1 R
1021 21807 19348 981 19362 953 3826 1 0 0 0 0 0 0 0 0 1 1 R
1022 21824 16295 685 16362 625 3241 1 0 0 0 0 0 0 0 0 2 1 R
1023 21847 22193 1580 21255 1551 5359 1 0 4 0 0 0 0 0 0 2 1 R
1024 21866 17774 694 17787 658 3187 1 0 0 0 0 0 0 0 0 1 1 R
1025 21889 22427 590 21308 559 3997 1 0 1 0 0 0 0 0 0 2 1 R
1026 21911 21601 908 20514 862 3746 1 0 4 0 0 0 0 0 0 1 1 R
1027 21930 17294 1063 17340 1007 3693 1 0 0 0 0 0 0 0 0 2 1 R
1028 21949 18484 788 18538 732 4899 1 0 0 0 0 0 0 0 0 1 1 R
1029 21970 19764 802 19844 719 4612 1 0 0 0 0 0 0 0 0 2 1 R
1030 21993 22699 708 21684 637 6864 1 0 4 0 0 0 0 0 0 2 1 R
1031 22013 19291 565 19329 526 4284 1 0 0 0 0 0 0 0 0 1 1 R
1032 22031 16889 821 16979 737 3713 1 0 0 0 0 0 0 0 0 2 1 R
1033 22054 22840 703 21372 649 5219 1 0 4 0 0 0 0 0 0 2 1 R
1034 22073 18269 703 18314 651 3617 1 0 0 0 0 0 0 0 0 1 1 R
1035 22098 24493 648 23500 617 7947 1 0 1 0 0 0 0 0 0 1 1 R
1036 22119 20148 670 19365 665 3739 1 0 4 0 0 0 0 0 0 2 1 R
1037 22140 20035 580 20055 541 3773 1 0 0 0 0 0 0 0 0 1 1 R
1038 22160 19608 1061 19466 1045 3447 1 0 1 0 0 0 0 0 0 1 1 R
1039 22181 19866 573 19886 538 3850 1 0 0 0 0 0 0 0 0 1 1 R
1040 22203 21185 573 20032 538 5372 1 0 4 0 0 0 0 0 0 1 1 R
1041 22225 21688 598 21731 555 4357 1 0 0 0 0 0 0 0 0 2 1 R
1042 22246 20393 1662 20480 1606 3801 1 0 0 0 0 0 0 0 0 2 1 R
1043 22270 22551 810 21650 738 3132 1 0 4 0 0 0 0 0 0 1 1 R
1044 22291 20354 606 19522 568 3783 1 0 1 0 0 0 0 0 0 1 1 R
1045 22312 19550 591 19588 551 4293 1 0 0 0 0 0 0 0 0 1 1 R
1046 22335 23133 672 21594 630 5057 1 0 5 0 0 0 0 0 0 2 1 R
1047 22354 17861 830 17917 778 3395 1 0 0 0 0 0 0 0 0 2 1 R
1048 22373 17951 884 18049 786 4574 1 0 0 0 0 0 0 0 0 2 1 R
1049 22394 20241 816 20293 781 5131 1 0 0 0 0 0 0 0 0 1 1 R
1050 22419 24846 589 23864 550 11955 1 0 4 0 0 0 0 0 0 2 1 R
1051 22438 17749 782 17832 710 3206 1 0 0 0 0 0 0 0 0 2 1 R
1052 22457 18127 1557 18174 1536 4110 1 0 0 0 0 0 0 0 0 1 1 R
1053 22480 22154 578 21007 542 3820 1 0 4 0 0 0 0 0 0 2 1 R
1054 22502 21431 578 20154 543 3743 1 0 1 0 0 0 0 0 0 1 1 R
1055 22522 19472 585 19508 549 4226 1 0 0 0 0 0 0 0 0 1 1 R
1056 22543 20311 671 18803 616 3815 1 0 4 0 0 0 0 0 0 2 1 R
1057 22562 18216 775 18294 689 3593 1 0 0 0 0 0 0 0 0 1 1 R
1058 22582 18756 668 18791 643 4055 1 0 0 0 0 0 0 0 0 2 1 R
1059 22602 19693 592 19716 551 4260 1 0 0 0 0 0 0 0 0 1 1 R
1060 22624 21362 693 20418 653 5451 1 0 4 0 0 0 0 0 0 2 1 R
1061 22643 18546 763 18602 709 3689 1 0 0 0 0 0 0 0 0 2 1 R
1062 22662 18085 1705 18133 1686 4074 1 0 0 0 0 1 0 0 0 1 1 R
1063 22685 21188 918 19806 859 3500 1 0 4 0 0 0 0 0 0 2 1 R
1064 22706 20366 1075 19303 1066 5178 1 0 1 0 0 0 0 0 0 1 1 R
1065 22730 22255 573 22267 534 8554 1 0 0 0 0 0 0 0 0 2 1 R
1066 22748 17506 1614 17613 805 3139 1 0 1 0 2 0 0 0 0 1 1 R
1067 22770 20755 795 19748 710 3091 1 0 1 0 0 0 0 0 0 2 1 R
1068 22790 18572 899 18676 804 3049 1 0 0 0 0 0 0 0 0 2 1 R
1069 22809 19045 741 19078 705 3834 1 0 0 0 0 0 0 0 0 1 1 R
1070 22832 21438 631 20226 549 3908 1 0 4 0 0 0 0 0 0 1 1 R
1071 22850 17598 996 17684 906 3544 1 0 0 0 0 0 0 0 0 2 1 R
1072 22869 18261 837 18326 781 3922 1 0 0 0 0 0 0 0 0 1 1 R
1073 22894 24379 553 22144 524 4377 1 0 5 0 0 0 0 0 0 2 1 R
1074 22914 18746 577 18782 545 4212 1 0 0 0 0 0 0 0 0 1 1 R
1075 22933 19131 577 19165 541 4325 1 0 0 0 0 0 0 0 0 1 1 R
1076 22951 17494 784 17566 718 3767 1 0 0 0 0 0 0 0 0 2 1 R
1077 22973 21057 729 20145 666 6834 1 0 4 0 0 0 0 0 0 2 1 R
1078 22992 17928 710 17995 656 3984 1 0 0 0 0 0 0 0 0 2 1 R
1079 23012 19786 574 19809 539 4386 1 0 0 0 0 0 0 0 0 1 1 R
1080 23038 25411 588 24074 547 7952 1 0 4 0 0 0 0 0 0 1 1 R
1081 23056 16743 782 16799 745 3172 1 0 0 0 0 0 0 0 0 2 1 R
1082 23075 18561 798 18651 705 4188 1 0 0 0 0 0 0 0 0 1 1 R
1083 23099 22814 2054 20874 1393 4424 1 0 2 0 3 0 0 0 0 2 1 R
1084 23120 19238 853 18944 810 4188 1 0 0 0 0 0 0 0 0 1 1 R
1085 23140 19618 688 19696 612 3794 1 0 0 0 0 0 0 0 0 1 1 R
1086 23159 17482 723 17554 671 3102 1 0 0 0 0 0 0 0 0 2 1 R
1087 23183 23607 586 22472 551 4814 1 0 4 0 0 0 0 0 0 2 1 R
1088 23201 17446 720 17505 659 3774 1 0 0 0 0 0 0 0 0 1 1 R
1089 23222 20724 583 20764 545 5570 1 0 0 0 0 0 0 0 0 2 1 R
1090 23245 21969 592 20694 556 4279 1 0 4 0 0 0 0 0 0 1 1 R
1091 23263 17265 810 17320 758 3228 1 0 0 0 0 0 0 0 0 2 1 R
1092 23285 21191 560 21221 528 5501 1 0 0 0 0 0 0 0 0 2 1 R
1093 23306 20587 601 18242 562 3790 1 0 1 0 0 0 0 0 0 1 1 R
1094 23329 22114 580 21053 549 4114 1 0 4 0 0 0 0 0 0 2 1 R
1095 23353 23707 580 23743 538 7293 1 0 0 0 0 0 0 0 0 1 1 R
1096 23372 18701 812 18435 746 4597 1 0 1 0 0 0 0 0 0 2 1 R
1097 23394 21103 694 20013 643 7101 1 0 4 0 0 0 0 0 0 2 1 R
1098 23414 19228 662 19259 630 4678 1 0 0 0 0 0 0 0 0 1 1 R
1099 23435 19719 568 19751 533 4420 1 0 0 0 0 0 0 0 0 1 1 R
1100 23456 20964 614 19714 587 4274 1 0 4 0 0 0 0 0 0 2 1 R
1101 23476 19643 13461 17844 2286 3218 1 0 2 0 0 0 0 0 0 2 1 R
1102 23522 31978 647 19566 519 3031 1 0 4 0 0 0 0 0 0 1 1 R
1103 23547 24175 1341 21305 1321 5114 1 0 5 0 0 0 0 0 0 1 1 R
1104 23566 17965 700 17577 635 3182 1 0 1 0 0 0 0 0 0 2 1 R
1105 23586 19524 3747 19178 2468 3347 1 0 1 0 4 0 0 0 0 2 1 R
1106 23611 20912 594 20071 558 3015 1 0 1 0 0 0 0 0 0 1 1 R
1107 23630 19098 573 19133 538 3882 1 0 0 0 0 0 0 0 0 1 1 R
1108 23650 18803 628 18890 543 3740 1 0 0 0 0 0 0 0 0 1 1 R
1109 23671 20811 703 19814 643 3115 1 0 4 0 0 0 0 0 0 2 1 R
1110 23693 20560 729 20617 662 6520 1 0 0 0 0 0 0 0 0 2 1 R
1111 23712 18788 753 17915 677 5022 1 0 1 0 0 0 0 0 0 2 1 R
1112 23735 22649 630 21526 580 5486 1 0 4 0 0 1 0 0 0 1 1 R
1113 23756 19953 563 19989 523 3734 1 0 0 0 0 0 0 0 0 2 1 R
1114 23774 17129 670 17190 618 3211 1 0 0 0 0 0 0 0 0 2 1 R
1115 23792 17985 1153 18050 1083 4386 1 0 0 0 0 0 0 0 0 1 1 R
1116 23815 21800 585 20523 553 6918 1 0 4 0 0 0 0 0 0 2 1 R
1117 23835 19348 619 19384 586 3776 1 0 0 0 0 0 0 0 0 1 1 R
1118 23854 18509 841 18549 797 3791 1 0 0 0 0 0 0 0 0 2 1 R
1119 23875 20227 761 19230 697 3648 1 0 4 0 0 0 0 0 0 2 1 R
1120 23893 17110 741 17193 656 3139 1 0 0 0 0 0 0 0 0 1 1 R
1121 23915 20523 779 19608 734 6401 1 0 1 0 0 0 0 0 0 2 1 R
1122 23935 19406 593 19442 559 3787 1 0 0 0 0 0 0 0 0 1 1 R
1123 23958 22772 623 21575 588 5717 1 0 4 0 0 0 0 0 0 2 1 R
1124 23975 16558 813 16628 760 3357 1 0 0 0 0 0 0 0 0 2 1 R
1125 24000 23465 719 23541 637 7602 1 0 0 0 0 0 0 0 0 2 1 R
1126 24022 21825 594 20626 557 3103 1 0 4 0 0 0 0 0 0 1 1 R
1127 24042 19594 581 19628 543 4357 1 0 0 0 0 0 0 0 0 1 1 R
1128 24061 18337 934 18439 840 4160 1 0 0 0 0 0 0 0 0 1 1 R
1129 24083 20838 870 19161 810 3567 1 0 4 0 0 0 0 0 0 2 1 R
1130 24104 19777 683 18385 645 3668 1 0 1 0 0 0 0 0 0 2 1 R
1131 24124 19234 579 19257 543 3449 1 0 0 0 0 0 0 0 0 2 1 R
1132 24143 18622 666 18673 628 4216 1 0 0 0 0 0 0 0 0 1 1 R
1133 24165 21369 708 20404 674 6178 1 0 4 0 0 0 0 0 0 1 1 R
1134 24182 16911 718 16953 669 3106 1 0 0 0 0 0 0 0 0 2 1 R
1135 24201 18264 798 18339 719 4397 1 0 0 0 0 0 0 0 0 1 1 R
1136 24225 22502 595 20979 562 5016 1 0 4 0 0 0 0 0 0 1 1 R
1137 24245 19164 571 19200 532 3861 1 0 0 0 0 0 0 0 0 1 1 R
1138 24264 18851 648 18961 542 4323 1 0 0 0 0 0 0 0 0 2 1 R
1139 24282 17395 761 17467 693 3627 1 0 0 0 0 0 0 0 0 1 1 R
1140 24309 26378 673 24225 631 9654 1 0 5 0 0 0 0 0 0 2 1 R
1141 24331 21027 577 20531 546 3236 1 0 1 0 0 0 0 0 0 2 1 R
1142 24350 18829 562 18860 531 3726 1 0 0 0 0 0 0 0 0 1 1 R
1143 24373 21795 590 20733 557 3696 1 0 4 0 0 0 0 0 0 1 1 R
1144 24390 16769 783 16847 712 3754 1 0 0 0 0 0 0 0 0 2 1 R
1145 24410 19226 831 19283 781 5605 1 0 0 0 0 0 0 0 0 2 1 R
1146 24433 22372 852 20904 798 4973 1 0 4 0 0 0 0 0 0 2 1 R
1147 24453 19252 592 19286 555 4432 1 0 0 0 0 0 0 0 0 1 1 R
1148 24473 19480 657 19517 638 3947 1 0 0 0 0 0 0 0 0 1 1 R
1149 24491 17089 757 17126 705 3454 1 0 0 0 0 0 0 0 0 2 1 R
1150 24515 23030 704 21274 648 6044 1 0 5 0 0 0 0 0 0 2 1 R
1151 24533 17856 691 17899 645 3171 1 0 0 0 0 0 0 0 0 2 1 R
1152 24555 20397 625 20434 585 5489 1 0 0 0 0 0 0 0 0 1 1 R
1153 24577 21628 1081 19939 1064 4326 1 0 4 0 0 0 0 0 0 2 1 R
1154 24595 16720 728 16780 659 3205 1 0 0 0 0 0 0 0 0 1 1 R
1155 24621 25377 580 23539 539 9495 1 0 1 0 0 0 0 0 0 2 1 R
1156 24643 21778 582 20384 550 3767 1 0 4 0 0 0 0 0 0 1 1 R
1157 24663 19141 671 19228 582 4205 1 0 0 0 0 0 0 0 0 1 1 R
1158 24683 19573 573 19612 543 4165 1 0 0 0 0 0 0 0 0 2 1 R
1159 24701 17243 788 17296 739 3728 1 0 0 0 0 0 0 0 0 1 1 R
1160 24724 22224 828 19842 786 8035 1 0 5 0 0 0 0 0 0 3 1 R
1161 24745 19887 579 19906 543 4280 1 0 0 0 0 0 0 0 0 1 1 R
1162 24764 18357 654 18396 622 4150 1 0 0 0 0 0 0 0 0 1 1 R
1163 24786 22321 1017 21166 998 4183 1 0 4 0 0 0 0 0 0 2 1 R
1164 24805 17018 1496 17085 1420 3226 1 0 0 0 0 1 0 0 0 1 1 R
1165 24824 17918 1119 18003 1040 3398 1 0 0 0 0 0 0 0 0 2 1 R
1166 24846 20851 544 20871 513 4931 1 0 0 0 0 0 0 0 0 2 1 R
1167 24869 22097 637 20668 600 3748 1 0 4 0 0 0 0 0 0 1 1 R
1168 24889 19512 552 19543 529 3862 1 0 0 0 0 0 0 0 0 1 1 R
1169 24906 16898 2791 16936 1394 3242 1 0 0 0 1 0 0 0 0 2 1 R
1170 24933 24492 633 23478 595 6757 1 0 4 0 0 0 0 0 0 2 1 R
1171 24953 19087 580 19121 544 4472 1 0 0 0 0 0 0 0 0 1 1 R
1172 24973 19349 630 19379 599 4422 1 0 0 0 0 0 0 0 0 1 1 R
1173 24995 21568 593 20161 553 4393 1 0 4 0 0 0 0 0 0 2 1 R
1174 25013 16918 1009 16993 934 3259 1 0 0 0 0 0 0 0 0 1 1 R
1175 25033 19290 688 19336 648 4961 1 0 0 0 0 0 0 0 0 2 1 R
1176 25052 18593 736 18668 654 4425 1 0 0 0 0 0 0 0 0 2 1 R
1177 25075 21409 585 20266 553 6382 1 0 4 0 0 0 0 0 0 1 1 R
1178 25093 18193 719 18269 649 4354 1 0 0 0 0 0 0 0 0 1 1 R
1179 25115 21284 665 20197 624 3088 1 0 1 0 0 0 0 0 0 2 1 R
1180 25138 21688 624 20621 593 3224 1 0 4 0 0 0 0 0 0 2 1 R
1181 25158 19635 565 19664 536 3769 1 0 0 0 0 0 0 0 0 1 1 R
1182 25177 18314 1048 18705 675 3824 1 0 0 0 0 0 0 0 0 2 1 R
1183 25196 18174 725 18211 673 3844 1 0 0 0 0 0 0 0 0 0 1 R
1184 25216 19523 1477 17952 1447 3286 1 0 4 0 0 0 0 0 0 3 1 R
1185 25240 22233 794 22274 748 6169 1 0 0 0 0 0 0 0 0 2 1 R
1186 25260 18843 577 18865 542 3712 1 0 0 0 0 0 0 0 0 1 1 R
1187 25283 22325 597 21061 556 3800 1 0 4 0 0 0 0 0 0 0 1 R
1188 25301 17448 666 17497 635 3770 1 0 0 0 0 0 0 0 0 2 1 R
1189 25322 20755 823 19814 761 4453 1 0 1 0 0 0 0 0 0 2 1 R
1190 25343 20624 851 19297 773 3567 1 0 4 0 0 0 0 0 0 2 1 R
1191 25365 20673 604 20321 569 4283 1 0 1 0 0 0 0 0 0 1 1 R
1192 25385 19465 601 19499 562 3783 1 0 0 0 0 0 0 0 0 1 1 R
1193 25410 24113 571 22855 545 4278 1 0 5 0 0 0 0 0 0 2 1 R
1194 25429 18913 846 18587 794 3283 1 0 1 0 0 0 0 0 0 2 1 R
1195 25449 18817 718 18854 664 3394 1 0 0 0 0 0 0 0 0 1 1 R
1196 25469 19590 595 19626 559 3809 1 0 0 0 0 0 0 0 0 1 1 R
1197 25492 22450 559 20820 522 3792 1 0 4 0 0 0 0 0 0 3 1 R
1198 25510 17477 2068 17545 951 3617 1 0 0 0 1 0 0 0 0 1 1 R
1199 25534 21736 4334 19613 736 3803 1 0 2 0 0 0 0 0 0 2 1 R
1200 25575 36950 755 27160 678 20203 1 0 7 0 0 0 0 0 0 2 1 R
1201 25596 19361 888 19428 822 4187 1 0 0 0 0 0 0 0 0 1 1 R
1202 25614 17373 774 17446 718 3310 1 0 0 0 0 0 0 0 0 1 1 R
1203 25637 22019 1589 20415 1553 7646 1 0 4 0 0 0 0 0 0 2 1 R
1204 25656 18241 1586 18271 1574 3507 1 0 0 0 0 0 0 0 0 2 1 R
1205 25678 20476 567 20474 532 3854 1 0 0 0 0 1 0 0 0 1 1 R
1206 25701 21502 599 20476 563 3763 1 0 4 0 0 0 0 0 0 1 1 R
1207 25722 20446 692 19573 646 3197 1 0 1 0 0 0 0 0 0 2 1 R
1208 25742 19283 765 19354 680 4296 1 0 0 0 0 0 0 0 0 1 1 R
1209 25764 22045 588 20584 555 3747 1 0 4 0 0 0 0 0 0 3 1 R
1210 25783 18426 586 18464 550 4219 1 0 0 0 0 0 0 0 0 1 1 R
1211 25804 19728 643 19778 589 4374 1 0 0 0 0 0 0 0 0 1 1 R
1212 25823 18836 590 18874 554 4213 1 0 0 0 0 0 0 0 0 1 1 R
1213 25844 20118 710 19343 669 5528 1 0 4 0 0 0 0 0 0 2 1 R
1214 25863 18525 719 18576 663 3662 1 0 0 0 0 0 0 0 0 1 1 R
1215 25886 22478 914 22501 896 7932 1 0 0 0 0 0 0 0 0 2 1 R
1216 25908 20715 618 19148 578 3590 1 0 4 0 0 0 0 0 0 1 1 R
1217 25928 18946 740 17916 690 4677 1 0 1 0 0 0 0 0 0 2 1 R
1218 25946 17635 1591 17737 1518 4037 1 0 0 0 0 0 0 0 0 1 1 R
1219 25968 20567 2038 20576 1221 4622 1 0 1 0 3 0 0 0 0 1 1 R
1220 25990 19876 576 19531 541 3757 1 0 0 0 0 0 0 0 0 2 1 R
1221 26010 19917 574 19952 538 3832 1 0 0 0 0 0 0 0 0 1 1 R
1222 26029 18037 627 18095 580 3528 1 0 0 0 0 0 0 0 0 1 1 R
1223 26052 21951 836 21090 781 3241 1 0 4 0 0 0 0 0 0 2 1 R
1224 26070 17321 671 17379 616 3936 1 0 0 0 0 0 0 0 0 2 1 R
1225 26092 21063 592 21092 555 5767 1 0 0 0 0 0 0 0 0 1 1 R
1226 26113 20851 578 19587 548 4078 1 0 4 0 0 0 0 0 0 1 1 R
1227 26133 19203 768 17610 718 3659 1 0 1 0 0 0 0 0 0 2 1 R
1228 26152 18179 721 18236 665 4476 1 0 0 0 0 0 0 0 0 2 1 R
1229 26173 20446 571 20478 537 5155 1 0 0 0 0 0 0 0 0 1 1 R
1230 26198 24423 806 23403 783 11449 1 0 4 0 0 0 0 0 0 1 1 R
1231 26218 18984 878 19039 818 3588 1 0 0 0 0 0 0 0 0 2 1 R
1232 26235 16712 769 16774 716 3218 1 0 0 0 0 0 0 0 0 2 1 R
1233 26260 23620 587 22464 561 4060 1 0 4 0 0 0 0 0 0 2 1 R
1234 26279 19147 562 19172 531 3773 1 0 0 0 0 0 0 0 0 1 1 R
1235 26300 19721 583 19755 562 3799 1 0 0 0 0 0 0 0 0 1 1 R
1236 26326 25688 766 21434 739 3342 1 0 4 0 0 0 0 0 0 2 1 R
1237 26344 16862 704 16910 668 3278 1 0 0 0 0 0 0 0 0 2 1 R
1238 26364 20045 699 20071 664 6343 1 0 0 0 0 0 0 0 0 1 1 R
1239 26386 20940 576 20966 545 5055 1 0 0 0 0 0 0 0 0 1 1 R
1240 26409 22404 599 20785 564 3825 1 0 4 0 0 0 0 0 0 1 1 R
1241 26428 18694 657 18740 611 3503 1 0 0 0 0 0 0 0 0 2 1 R
1242 26446 17154 665 17210 608 3185 1 0 0 0 0 0 0 0 0 2 1 R
1243 26469 22774 805 21919 741 4037 1 0 4 0 0 0 0 0 0 2 1 R
1244 26490 19819 569 19850 533 3737 1 0 0 0 0 0 0 0 0 1 1 R
1245 26513 22189 591 22227 551 8018 1 0 0 0 0 0 0 0 0 1 1 R
1246 26536 22095 893 19766 794 4919 1 0 5 0 0 0 0 0 0 2 1 R
1247 26554 17721 803 17793 724 3213 1 0 0 0 0 0 0 0 0 2 1 R
1248 26573 18473 701 18519 657 4762 1 0 0 0 0 0 0 0 0 2 1 R
1249 26595 20567 567 20596 533 5025 1 0 0 0 0 0 0 0 0 1 1 R
1250 26616 20951 606 19997 916 5941 1 0 4 0 0 0 0 0 0 1 1 R
1251 26635 17771 687 17481 635 3197 1 0 0 0 0 0 0 0 0 2 1 R
1252 26653 17770 697 17833 634 3754 1 0 0 0 0 0 0 0 0 1 1 R
1253 26676 22129 750 20936 711 5233 1 0 4 0 0 0 0 0 0 2 1 R
1254 26696 19194 554 19204 522 3760 1 0 0 0 0 0 0 0 0 1 1 R
1255 26716 19310 587 19349 548 3814 1 0 0 0 0 0 0 0 0 1 1 R
1256 26736 19773 724 18505 658 4894 1 0 1 0 1 0 0 0 0 2 1 R
1257 26759 22146 682 20310 648 3096 1 0 3 0 0 0 0 0 0 1 1 R
1258 26777 17085 1773 17128 1729 3178 1 0 0 0 0 0 0 0 0 2 1 R
1259 26799 20363 557 20382 524 4157 1 0 0 0 0 0 0 0 0 2 1 R
1260 26823 23860 581 23107 541 7955 1 0 4 0 0 0 0 0 0 1 1 R
1261 26842 17885 756 17965 684 3765 1 0 0 0 0 0 0 0 0 2 1 R
1262 26861 18368 759 18445 682 4561 1 0 0 0 0 0 0 0 0 2 1 R
1263 26881 19155 741 19198 693 4730 1 0 0 0 0 0 0 0 0 1 1 R
1264 26904 22394 579 21282 548 7066 1 0 4 0 0 0 0 0 0 1 1 R
1265 26925 20824 580 19956 540 4265 1 0 1 0 0 0 0 0 0 2 1 R
1266 26943 17484 1815 17578 1747 3286 1 0 0 0 0 1 0 0 0 1 1 R
1267 26966 21079 1501 20011 1467 3150 1 0 4 0 0 0 0 0 0 1 1 R
1268 26985 16798 738 16849 685 3249 1 0 0 0 0 0 0 0 0 2 1 R
1269 27006 20947 1202 21060 1090 4742 1 0 0 0 0 0 0 0 0 2 1 R
1270 27026 18847 1483 18869 1297 3805 1 0 0 0 2 0 0 0 0 1 1 R
1271 27047 18969 1485 17403 1473 3396 1 0 2 0 0 0 0 0 0 2 1 R
1272 27065 16789 777 16857 687 3269 1 0 0 0 0 0 0 0 0 2 1 R
1273 27086 19770 817 19865 722 4644 1 0 0 0 0 0 0 0 0 1 1 R
1274 27109 22503 828 20876 749 3877 1 0 4 0 0 0 0 0 0 1 1 R
1275 27133 23221 582 22143 541 7996 1 0 1 0 0 0 0 0 0 2 1 R
1276 27151 17082 1149 17143 1097 3747 1 0 0 0 0 0 0 0 0 1 1 R
1277 27174 22597 664 21049 615 5038 1 0 4 0 0 0 0 0 0 2 1 R
1278 27193 18122 714 18194 657 3606 1 0 0 0 0 0 0 0 0 2 1 R
1279 27215 21279 587 21030 550 5540 1 0 1 0 0 0 0 0 0 1 1 R
1280 27234 18261 829 18335 758 3722 1 0 0 0 0 0 0 0 0 2 1 R
1281 27255 19728 716 18723 669 5544 1 0 4 0 0 0 0 0 0 1 1 R
1282 27274 18395 688 18453 633 3272 1 0 0 0 0 0 0 0 0 2 1 R
1283 27293 19120 758 19163 730 4475 1 0 0 0 0 0 0 0 0 2 1 R
1284 27317 22270 1071 21098 1048 5325 1 0 4 0 0 0 0 0 0 1 1 R
1285 27339 21227 601 20152 551 3808 1 0 1 0 0 0 0 0 0 1 1 R
1286 27356 16356 794 16453 710 3172 1 0 0 0 0 0 0 0 0 2 1 R
1287 27378 21576 2967 20227 1641 4185 1 0 2 0 3 0 0 0 0 2 1 R
1288 27400 18743 774 18791 733 2993 1 0 0 0 0 0 0 0 0 1 1 R
1289 27422 21708 772 21754 720 3795 1 0 0 0 0 0 0 0 0 2 1 R
1290 27445 22262 584 22282 556 7211 1 0 0 0 0 0 0 0 0 2 1 R
1291 27465 19489 772 18744 689 4962 1 0 4 0 0 0 0 0 0 2 1 R
1292 27485 18956 780 19047 690 4622 1 0 0 0 0 0 0 0 0 2 1 R
1293 27508 21704 562 21728 530 4951 1 0 0 0 0 0 0 0 0 1 1 R
1294 27531 22958 672 20386 615 3824 1 0 5 0 0 0 0 0 0 2 1 R
1295 27551 19333 571 19362 543 4302 1 0 0 0 0 0 0 0 0 1 1 R
1296 27569 17011 851 17062 805 3189 1 0 0 0 0 0 0 0 0 2 1 R
1297 27591 21303 648 20224 579 5119 1 0 4 0 0 0 0 0 0 1 1 R
1298 27640 48067 652 22276 630 32605 1 2 5 0 1 1 0 0 0 3 0 R
1299 27669 28501 805 17872 775 2142 1 0 6 0 1 0 0 0 0 0 0 R
1300 27696 26495 645 17530 623 2182 1 0 3 0 1 0 0 0 1 1 0 R
1301 27721 24494 625 19606 588 5927 1 1 2 0 0 0 0 0 0 1 1 R
1302 27745 22669 640 19832 603 7816 1 0 4 0 0 0 0 0 0 2 1 R
1303 27763 17843 686 17904 628 3269 1 0 0 0 0 0 0 0 0 1 1 R
1304 27782 18592 797 18652 731 4603 1 0 0 0 0 0 0 0 0 2 1 R
1305 27809 26276 590 24810 551 7767 1 0 4 0 0 0 0 0 0 2 1 R
1306 27829 18943 579 18981 540 3801 1 0 0 0 0 0 0 0 0 1 1 R
1307 27850 20178 569 20216 529 3809 1 0 0 0 0 0 0 0 0 2 1 R
1308 27869 18500 1425 17863 1346 3118 1 0 1 0 2 0 0 0 0 1 1 R
1309 27890 20159 870 19154 774 3140 1 0 1 0 0 0 0 0 0 2 1 R
1310 27910 18386 720 18464 654 3149 1 0 0 0 0 0 0 0 0 2 1 R
1311 27931 20746 571 19736 538 3782 1 0 1 0 0 0 0 0 0 1 1 R
1312 27953 21696 708 20690 671 4471 1 0 4 0 0 0 0 0 0 1 1 R
1313 27972 17762 730 17826 671 3645 1 0 0 0 0 0 0 0 0 2 1 R
1314 27991 18075 906 18124 862 4509 1 0 0 0 0 0 0 0 0 2 1 R
1315 28013 21728 805 20473 743 5137 1 0 4 0 0 0 0 0 0 2 1 R
1316 28033 19263 571 19289 535 4364 1 0 0 0 0 0 0 0 0 1 1 R
1317 28053 19193 578 19229 542 4223 1 0 0 0 0 0 0 0 0 1 1 R
1318 28071 17409 773 17507 689 3788 1 0 0 0 0 0 0 0 0 2 1 R
1319 28093 21602 745 20788 677 5964 1 0 4 0 0 0 0 0 0 2 1 R
1320 28115 21142 744 21243 645 6607 1 0 0 0 0 0 0 0 0 1 1 R
1321 28137 20741 975 19184 957 3783 1 0 1 0 0 0 0 0 0 1 1 R
1322 28159 21256 689 20063 655 3759 1 0 4 0 0 0 0 0 0 2 1 R
1323 28178 18165 656 18208 604 3211 1 0 0 0 0 0 0 0 0 2 1 R
1324 28196 17437 688 17495 642 3787 1 0 0 0 0 0 0 0 0 1 1 R
1325 28215 18782 892 18808 852 4316 1 0 0 0 0 0 0 0 0 2 1 R
1326 28239 23166 574 21703 536 3804 1 0 4 0 0 0 0 0 0 2 1 R
1327 28260 19438 625 19473 603 3846 1 0 0 0 0 0 0 0 0 1 1 R
1328 28278 17514 894 17547 873 3194 1 0 0 0 0 0 0 0 0 1 1 R
1329 28302 23643 688 22790 639 4727 1 0 4 0 0 0 0 0 0 2 1 R
1330 28323 20132 600 19417 565 3640 1 0 1 0 0 0 0 0 0 1 1 R
1331 28345 21170 579 20142 546 4291 1 0 1 0 0 0 0 0 0 1 1 R
1332 28369 23332 671 21092 617 3422 1 0 4 0 0 0 0 0 0 2 1 R
1333 28386 17018 1512 17084 1462 3244 1 0 0 0 0 0 0 0 0 1 1 R
1334 28405 16859 731 16910 669 4057 1 0 0 0 0 0 0 0 0 2 1 R
1335 28432 26846 595 25752 563 8347 1 0 4 0 0 0 0 0 0 2 1 R
1336 28452 19297 644 19329 610 4254 1 0 0 0 0 0 0 0 0 1 1 R
1337 28472 19142 912 19195 871 4376 1 0 0 0 0 0 0 0 0 2 1 R
1338 28489 16364 732 16419 675 3716 1 0 0 0 0 0 0 0 0 1 1 R
1339 28512 22052 707 21134 660 4991 1 0 4 0 0 0 0 0 0 2 1 R
1340 28533 20568 561 19732 533 4240 1 0 1 0 0 0 0 0 0 2 1 R
1341 28553 19582 989 19672 899 4412 1 0 0 0 0 0 0 0 0 1 1 R
1342 28576 21326 607 19715 569 4190 1 0 4 0 0 0 0 0 0 1 1 R
1343 28593 17020 722 17095 647 3146 1 0 0 0 0 0 0 0 0 2 1 R
1344 28613 18821 791 18901 716 5297 1 0 0 0 0 0 0 0 0 2 1 R
1345 28635 20800 575 20830 538 5522 1 0 0 0 0 0 0 0 0 2 1 R
1346 28656 21257 1243 20264 1182 6373 1 0 4 0 0 0 0 0 0 1 1 R
1347 28676 18325 796 18371 739 3989 1 0 0 0 0 0 0 0 0 1 1 R
1348 28693 16641 829 16727 731 3203 1 0 0 0 0 0 0 0 0 2 1 R
1349 28718 24247 848 23420 758 5220 1 0 4 0 0 0 0 0 0 2 1 R
1350 28742 22541 595 20866 553 6455 1 0 1 0 0 0 0 0 0 2 1 R
1351 28762 19928 630 19964 596 4313 1 0 0 0 0 0 0 0 0 1 1 R
1352 28784 20644 582 19215 544 4097 1 0 4 0 0 0 0 0 0 2 1 R
1353 28801 17062 837 17183 723 3633 1 0 0 0 0 0 0 0 0 1 1 R
1354 28820 18107 840 18200 759 5393 1 0 0 0 0 0 0 0 0 2 1 R
1355 28843 21891 628 21915 592 6367 1 0 0 0 0 0 0 0 0 2 1 R
1356 28865 21080 597 19938 562 6465 1 0 4 0 0 0 0 0 0 1 1 R
1357 28884 18553 698 18621 644 3698 1 0 0 0 0 0 0 0 0 1 1 R
1358 28902 16980 1338 17058 1255 3600 1 0 0 0 0 0 0 0 0 2 1 R
1359 28924 21372 744 20440 681 5076 1 0 4 0 0 0 0 0 0 2 1 R
1360 28947 21526 966 20380 946 3885 1 0 1 0 0 0 0 0 0 2 1 R
1361 28966 18637 586 18656 553 3751 1 0 0 0 0 0 0 0 0 1 1 R
1362 28985 18490 852 18550 801 3882 1 0 0 0 0 0 0 0 0 1 1 R
1363 29007 20773 1442 20219 805 4508 1 0 4 0 0 0 0 0 0 2 1 R
1364 29025 16885 671 16916 630 3284 1 0 0 0 0 0 0 0 0 2 1 R
1365 29050 24295 581 24319 544 8352 1 0 0 0 0 0 0 0 0 1 1 R
1366 29072 21728 593 20547 559 3783 1 0 4 0 0 0 0 0 0 2 1 R
1367 29091 17971 680 18012 642 3681 1 0 0 0 0 0 0 0 0 1 1 R
1368 29109 17136 672 17196 622 4183 1 0 0 0 0 0 0 0 0 2 1 R
1369 29133 23247 1184 21775 1164 4890 1 0 4 0 0 1 0 0 0 2 1 R
1370 29155 21207 573 20201 538 3822 1 0 1 0 0 0 0 0 0 1 1 R
1371 29175 19097 579 19138 545 3829 1 0 0 0 0 0 0 0 0 1 1 R
1372 29193 17168 690 17218 644 3336 1 0 0 0 0 0 0 0 0 2 1 R
1373 29216 22519 605 21761 540 6572 1 0 4 0 0 0 0 0 0 2 1 R
1374 29233 17042 679 17096 632 3201 1 0 0 0 0 0 0 0 0 1 1 R
1375 29255 20446 622 20475 583 5400 1 0 0 0 0 0 0 0 0 1 1 R
1376 29277 21516 1079 19630 1055 4350 1 0 4 0 0 0 0 0 0 2 1 R
1377 29295 17102 785 17149 726 3100 1 0 0 0 0 0 0 0 0 1 1 R
1378 29314 18759 668 18814 619 4131 1 0 0 0 0 0 0 0 0 2 1 R
1379 29334 18981 680 19040 625 3813 1 0 0 0 0 0 0 0 0 2 1 R
1380 29363 27900 608 24603 574 10471 1 0 5 0 0 0 0 0 0 2 1 R
1381 29383 19877 1318 19912 1305 4228 1 0 0 0 0 0 0 0 0 1 1 R
1382 29401 16551 729 16575 687 3886 1 0 0 0 0 0 0 0 0 2 1 R
1383 29424 22315 772 21549 710 8029 1 0 4 0 0 0 0 0 0 2 1 R
1384 29443 18013 1106 18108 1004 4827 1 0 0 0 0 0 0 0 0 2 1 R
1385 29465 21374 607 21405 572 5792 1 0 0 0 0 0 0 0 0 1 1 R
1386 29488 21674 566 20230 542 3755 1 0 4 0 0 0 0 0 0 1 1 R
1387 29505 16872 821 16950 745 3209 1 0 0 0 0 0 0 0 0 2 1 R
1388 29524 18168 706 18231 639 4448 1 0 0 0 0 0 0 0 0 2 1 R
1389 29546 21393 698 20120 635 5219 1 0 1 0 1 0 0 0 0 2 1 R
1390 29569 22622 626 21049 584 4131 1 0 3 0 0 0 0 0 0 1 1 R
1391 29590 19807 562 19847 525 3848 1 0 0 0 0 1 0 0 0 1 1 R
1392 29606 15927 1326 16007 1269 3269 1 0 0 0 0 0 0 0 0 2 1 R
1393 29631 23684 721 22614 687 4892 1 0 4 0 0 0 0 0 0 1 1 R
1394 29649 16564 776 16630 710 3037 1 0 0 0 0 0 0 0 0 1 1 R
1395 29705 55817 2565 20072 696 44876 1 2 4 0 1 0 0 0 0 3 0 R
1396 29731 23306 2529 15507 753 2156 1 0 2 0 1 0 0 0 0 1 0 R
1397 29756 22578 607 21542 569 4749 1 0 1 0 0 0 0 1 1 1 0 R
1398 29777 19834 10767 13925 1203 7781 1 1 3 0 1 0 0 0 0 1 0 R
1399 29808 20677 1093 20288 1060 2158 1 0 1 0 0 0 0 1 1 1 0 R
1400 29839 29385 693 19099 668 6157 1 1 9 0 1 0 0 0 0 1 0 R
1401 29864 24416 2512 16259 685 2158 1 0 2 0 1 0 0 0 0 1 0 R
1402 29885 18577 986 18658 891 3712 1 0 0 0 0 0 0 0 0 1 1 R
1403 29908 22407 641 21068 593 3887 1 0 4 0 0 0 0 0 0 2 1 R
1404 29925 16234 775 16332 683 3077 1 0 0 0 0 0 0 0 0 1 1 R
1405 29947 20953 1522 19610 1461 4281 1 0 1 0 0 0 0 0 0 2 1 R
1406 29966 17500 668 17530 630 3160 1 0 0 0 0 0 0 0 0 2 1 R
1407 29991 24214 633 21798 594 4587 1 0 4 0 0 0 0 0 0 1 1 R
1408 30009 18092 782 18147 736 3807 1 0 0 0 0 0 0 0 0 1 1 R
1409 30029 19285 807 19356 740 3112 1 0 0 0 0 0 0 0 0 2 1 R
1410 30054 23649 824 22501 743 11047 1 0 4 0 0 0 0 0 0 1 1 R
1411 30074 19577 573 19612 536 4038 1 0 0 0 0 0 0 0 0 1 1 R
1412 30094 18672 631 18711 594 4371 1 0 0 0 0 0 0 0 0 2 1 R
1413 30116 21629 589 20328 555 4094 1 0 4 0 0 0 0 0 0 2 1 R
1414 30135 18104 717 18158 661 3114 1 0 0 0 0 0 0 0 0 1 1 R
1415 30156 20609 807 19583 747 4182 1 0 1 0 0 0 0 0 0 2 1 R
1416 30176 18966 892 19069 806 3880 1 0 0 0 0 0 0 0 0 2 1 R
1417 30202 25835 731 24159 689 5739 1 0 4 0 0 0 0 0 0 2 1 R
1418 30220 16978 665 17029 620 3564 1 0 0 0 0 0 0 0 0 2 1 R
1419 30240 18867 781 18928 720 3681 1 0 0 0 0 0 0 0 0 2 1 R
1420 30263 22123 630 21137 589 3774 1 0 4 0 0 0 0 0 0 2 1 R
1421 30282 19111 589 19142 551 4247 1 0 0 0 0 0 0 0 0 1 1 R
1422 30302 19498 575 19533 539 4343 1 0 0 0 0 0 0 0 0 1 1 R
1423 30325 22230 708 20349 623 3617 1 0 4 0 0 0 0 0 0 2 1 R
1424 30342 16608 1080 16695 1013 3140 1 0 0 0 0 0 0 0 0 2 1 R
1425 30368 24453 601 23006 566 6214 1 0 1 0 0 0 0 0 0 1 1 R
1426 30387 18071 1993 18103 1360 3732 1 0 0 0 1 0 0 0 0 2 1 R
1427 30411 22246 565 21484 532 4021 1 0 3 0 0 0 0 0 0 1 1 R
1428 30429 17042 718 17134 642 3136 1 0 0 0 0 0 0 0 0 2 1 R
1429 30449 19332 814 19399 742 4683 1 0 0 0 0 0 0 0 0 2 1 R
1430 30472 22555 599 21404 555 4438 1 0 4 0 0 0 0 0 0 1 1 R
1431 30492 19414 580 19450 545 4303 1 0 0 0 0 0 0 0 0 1 1 R
1432 30512 19279 838 19344 781 4254 1 0 0 0 0 0 0 0 0 2 1 R
1433 30533 20010 689 18782 633 3707 1 0 4 0 0 0 0 0 0 1 1 R
1434 30553 19703 719 18287 657 3568 1 0 1 0 0 0 0 0 0 2 1 R
1435 30573 19415 747 19505 659 3735 1 0 0 0 0 0 0 0 0 2 1 R
1436 30593 19271 570 19296 537 4207 1 0 0 0 0 0 0 0 0 1 1 R
1437 30624 30140 1708 25474 1684 6653 1 0 6 0 0 0 0 1 1 2 0 S
1438 30658 32705 2782 19680 830 9315 1 1 2 0 1 0 0 0 0 1 0 R
1439 30689 27404 677 18546 653 8355 1 0 6 0 1 0 0 0 0 1 0 R
1440 30711 21476 722 19922 657 4216 1 0 0 0 0 0 0 0 0 1 1 R
1441 30729 18078 677 18124 629 3130 1 0 0 0 0 0 0 0 0 2 1 R
1442 30753 23201 694 20690 663 3524 1 0 5 0 0 0 0 0 0 1 1 R
1443 30772 17952 795 18000 744 3647 1 0 0 0 0 0 0 0 0 2 1 R
1444 30792 19514 919 19605 842 4563 1 0 0 0 0 0 0 0 0 2 1 R
1445 30815 21943 599 20446 569 4346 1 0 4 0 0 0 0 0 0 1 1 R
1446 30833 17517 701 17564 651 3126 1 0 0 0 0 0 0 0 0 1 1 R
1447 30855 20570 562 20603 525 5030 1 0 0 0 0 0 0 0 0 2 1 R
1448 30872 17345 749 17393 713 3635 1 0 0 0 0 0 0 0 0 2 1 R
1449 30896 22562 593 21550 559 6752 1 0 4 0 0 0 0 0 0 1 1 R
1450 30915 18598 581 18635 544 3768 1 0 0 0 0 0 0 0 0 1 1 R
1451 30933 17635 681 17700 631 3148 1 0 0 0 0 0 0 0 0 1 1 R
1452 30958 24139 573 20594 536 4276 1 0 4 0 0 0 0 0 0 2 1 R
1453 30978 19392 557 19423 520 3782 1 0 0 0 0 0 0 0 0 1 1 R
1454 30996 17549 719 17620 660 3312 1 0 0 0 0 0 0 0 0 2 1 R
1455 31022 25554 591 24739 558 7466 1 0 4 0 0 0 0 0 0 1 1 R
1456 31041 17860 711 17924 645 3830 1 0 0 0 0 0 0 0 0 2 1 R
1457 31059 17540 756 17587 717 3311 1 0 0 0 0 0 0 0 0 2 1 R
1458 31079 19508 688 19557 646 4457 1 0 0 0 0 0 0 0 0 2 1 R
1459 31103 22830 582 21581 546 3678 1 0 4 0 0 0 0 0 0 1 1 R
1460 31122 18823 582 18860 544 4193 1 0 0 0 0 0 0 0 0 1 1 R
1461 31141 17967 739 18026 684 3950 1 0 0 0 0 0 0 0 0 2 1 R
1462 31165 23219 822 20877 767 4571 1 0 5 0 0 0 0 0 0 2 1 R
1463 31183 17883 723 17941 665 3156 1 0 0 0 0 0 0 0 0 1 1 R
1464 31204 19908 573 19942 538 4518 1 0 0 0 0 0 0 0 0 2 1 R
1465 31224 19145 583 19181 546 4253 1 0 0 0 0 0 0 0 0 1 1 R
1466 31244 19293 738 18449 698 5189 1 0 4 0 0 0 0 0 0 1 1 R
1467 31262 17987 788 18019 738 3919 1 0 0 0 0 0 0 0 0 2 1 R
1468 31281 17455 675 17499 648 4582 1 0 0 0 0 0 0 0 0 2 1 R
1469 31306 24579 590 23580 555 6865 1 0 4 0 0 0 0 0 0 2 1 R
1470 31330 23208 571 23242 537 7464 1 0 0 0 0 0 0 0 0 1 1 R
1471 31348 17422 669 17479 612 3229 1 0 0 0 0 0 0 0 0 2 1 R
1472 31373 24947 567 21921 534 5794 1 0 6 0 0 0 0 0 0 2 1 R
1473 31393 18972 584 19004 554 3949 1 0 0 0 0 0 0 0 0 1 1 R
1474 31412 18955 624 18987 586 4298 1 0 0 0 0 0 0 0 0 2 1 R
1475 31433 19922 573 19959 546 4285 1 0 0 0 0 0 0 0 0 1 1 R
1476 31452 18796 779 17908 675 5498 1 0 4 0 0 0 0 0 0 2 1 R
1477 31472 19082 640 19120 598 5167 1 0 0 0 0 0 0 0 0 2 1 R
1478 31491 17900 739 17990 652 4787 1 0 0 0 0 0 0 0 0 1 1 R
1479 31515 23882 595 22164 556 5891 1 0 4 0 0 0 0 0 0 2 1 R
1480 31534 18520 892 18582 844 3768 1 0 0 0 0 0 0 0 0 1 1 R
1481 31553 17202 685 17258 638 3258 1 0 0 0 0 0 0 0 0 2 1 R
1482 31573 20192 806 17926 741 3019 1 0 1 0 0 0 0 0 0 2 1 R
1483 31595 20710 814 19946 716 5554 1 0 4 0 0 0 0 0 0 2 1 R
1484 31614 18530 588 18556 554 3784 1 0 0 0 0 0 0 0 0 1 1 R
1485 31639 23600 550 23634 515 7584 1 0 0 0 0 1 0 0 0 1 1 R
1486 31659 20371 693 19314 651 3206 1 0 4 0 0 0 0 0 0 2 1 R
1487 31678 17451 696 17487 667 3205 1 0 0 0 0 0 0 0 0 2 1 R
1488 31696 18202 1051 18232 1013 4956 1 0 0 0 0 0 0 0 0 1 1 R
1489 31729 31307 1850 25758 986 3504 1 0 6 0 1 0 0 0 0 2 1 R
1490 31764 32856 599 18906 563 3364 1 0 2 0 0 0 0 0 0 2 1 R
1491 31784 19931 720 19692 659 3901 1 0 1 0 0 0 0 0 0 2 1 R
1492 31808 23098 570 21235 538 6465 1 0 5 0 0 0 0 0 0 1 1 R
1493 31829 20772 581 20169 544 3805 1 0 1 0 0 0 0 0 0 1 1 R
1494 31849 19220 788 19310 705 3371 1 0 0 0 0 0 0 0 0 1 1 R
1495 31872 22169 692 21160 567 3178 1 0 4 0 0 0 0 0 0 3 1 R
1496 31889 16755 1299 16799 1257 3621 1 0 0 0 0 0 0 0 0 1 1 R
1497 31912 21155 587 21183 554 5969 1 0 0 0 0 0 0 0 0 2 1 R
1498 31935 22131 594 21041 560 4221 1 0 4 0 0 0 0 0 0 1 1 R
1499 31954 19054 825 19113 776 4459 1 0 0 0 0 0 0 0 0 1 1 R
1500 31979 23896 886 22848 842 7401 1 0 1 0 0 0 0 0 0 2 1 R
1501 32001 21466 566 20022 530 3465 1 0 4 0 0 0 0 0 0 2 1 R
1502 32021 18643 656 18700 609 3326 1 0 0 0 0 0 0 0 0 1 1 R
1503 32041 20071 579 20103 540 3819 1 0 0 0 0 0 0 0 0 2 1 R
1504 32060 17890 837 17937 804 3263 1 0 0 0 0 0 0 0 0 2 1 R
1505 32083 21974 725 21120 677 3535 1 0 4 0 0 0 0 0 0 1 1 R
1506 32101 17586 828 17658 761 3719 1 0 0 0 0 0 0 0 0 2 1 R
1507 32122 20707 767 20802 671 5180 1 0 0 0 0 0 0 0 0 2 1 R
1508 32145 21630 590 20124 556 4334 1 0 4 0 0 0 0 0 0 1 1 R
1509 32165 19871 707 18372 656 3095 1 0 1 0 0 0 0 0 0 2 1 R
1510 32186 19658 592 19685 546 3749 1 0 0 0 0 0 0 0 0 0 1 R
1511 32205 19044 572 19078 543 3848 1 0 0 0 0 0 0 0 0 1 1 R
1512 32228 22269 622 21396 589 5321 1 0 4 0 0 0 0 0 0 2 1 R
1513 32249 20472 638 20088 598 3802 1 0 1 0 0 0 0 0 0 1 1 R
1514 32267 16807 1482 16860 1451 3095 1 0 0 0 0 0 0 0 0 1 1 R
1515 32293 24790 628 23757 571 7962 1 0 4 0 0 0 0 0 0 3 1 R
1516 32311 17462 658 17526 619 3761 1 0 0 0 0 0 0 0 0 2 1 R
1517 32334 22287 637 21859 602 6421 1 0 1 0 0 0 0 0 0 1 1 R
1518 32356 21421 579 20152 540 4249 1 0 4 0 0 0 0 0 0 2 1 R
1519 32375 18791 792 17854 733 4498 1 0 1 0 0 0 0 0 0 1 1 R
1520 32395 18633 1016 18702 955 4295 1 0 0 0 0 0 0 0 0 2 1 R
1521 32415 19143 683 19203 628 4178 1 0 0 0 0 0 0 0 0 1 1 R
1522 32439 22977 626 21478 592 4542 1 0 4 0 0 0 0 0 0 2 1 R
1523 32460 20396 574 20430 544 3912 1 0 0 0 0 0 0 0 0 1 1 R
1524 32478 17724 659 17776 612 3211 1 0 0 0 0 0 0 0 0 2 1 R
1525 32502 23477 618 22079 583 4754 1 0 4 0 0 0 0 0 0 1 1 R
1526 32522 18929 575 18967 534 4344 1 0 0 0 0 0 0 0 0 2 1 R
1527 32542 19731 611 19767 576 4306 1 0 0 0 0 0 0 0 0 1 1 R
1528 32565 21951 576 20164 539 4169 1 0 5 0 0 0 0 0 0 1 1 R
1529 32583 17527 770 17606 707 3847 1 0 0 0 0 0 0 0 0 2 1 R
1530 32605 21686 695 21733 638 7887 1 0 0 0 0 0 0 0 0 2 1 R
1531 32626 19944 573 19979 537 3917 1 0 0 0 0 0 0 0 0 2 1 R
1532 32648 21662 580 20298 543 3722 1 0 4 0 0 0 0 0 0 1 1 R
1533 32668 19127 874 19190 817 3211 1 0 0 0 0 0 0 0 0 1 1 R
1534 32685 16436 1128 16495 1069 3166 1 0 0 0 0 0 0 0 0 2 1 R
1535 32709 23305 895 22489 826 4177 1 0 4 0 0 0 0 0 0 2 1 R
1536 32729 19095 588 19115 550 3816 1 0 0 0 0 0 0 0 0 1 1 R
1537 32750 19898 835 19935 798 3811 1 0 0 0 0 0 0 0 0 1 1 R
1538 32773 22391 597 19458 563 3241 1 0 5 0 0 0 0 0 0 1 1 R
1539 32791 17621 907 17683 839 3539 1 0 0 0 0 0 0 0 0 2 1 R
1540 32811 18659 834 18746 754 5116 1 0 0 0 0 0 0 0 0 2 1 R
1541 32833 21217 581 21243 546 6027 1 0 0 0 0 0 0 0 0 1 1 R
1542 32855 21502 589 20570 554 6245 1 0 4 0 0 0 0 0 0 2 1 R
1543 32875 19723 561 19754 528 3848 1 0 0 0 0 0 0 0 0 1 1 R
1544 32893 16881 857 16949 792 3228 1 0 0 0 0 0 0 0 0 2 1 R
1545 32920 25998 735 24994 676 7924 1 0 4 0 0 0 0 0 0 2 1 R
1546 32939 18294 679 18339 639 3107 1 0 0 0 0 0 0 0 0 1 1 R
1547 32960 20467 832 20498 802 3861 1 0 0 0 0 0 0 0 0 1 1 R
1548 32983 22574 571 20547 531 5399 1 0 5 0 0 0 0 0 0 2 1 R
1549 33002 17801 667 17853 628 3918 1 0 0 0 0 0 0 0 0 1 1 R
1550 33020 17775 925 17847 862 4776 1 0 0 0 0 0 0 0 0 2 1 R
1551 33042 21269 574 21288 537 6218 1 0 0 0 0 0 0 0 0 2 1 R
1552 33064 21312 590 20311 551 6295 1 0 4 0 0 0 0 0 0 1 1 R
1553 33083 18160 696 18229 631 3917 1 0 0 0 0 0 0 0 0 1 1 R
1554 33101 17107 1103 17173 1029 3540 1 0 0 0 0 0 0 0 0 2 1 R
1555 33125 23208 1629 22040 1562 5390 1 0 4 0 0 0 0 0 0 3 1 R
1556 33145 18022 694 18066 650 3332 1 0 0 0 0 0 0 0 0 1 1 R
1557 33168 22244 552 21198 522 3801 1 0 1 0 0 0 0 0 0 1 1 R
1558 33185 17078 749 17142 700 3295 1 0 0 0 0 0 0 0 0 2 1 R
1559 33208 22280 704 20961 641 3956 1 0 4 0 0 0 0 0 0 2 1 R
1560 33231 22024 804 22119 711 6453 1 0 0 0 0 0 0 0 0 2 1 R
1561 33251 19262 572 19292 536 4297 1 0 0 0 0 0 0 0 0 1 1 R
1562 33274 22004 610 20687 571 5066 1 0 4 0 0 0 0 0 0 1 1 R
1563 33291 16727 844 16772 805 3655 1 0 0 0 0 0 0 0 0 2 1 R
1564 33311 19695 708 19738 673 6190 1 0 0 0 0 0 0 0 0 2 1 R
1565 33334 22247 947 20820 893 4713 1 0 4 0 0 0 0 0 0 2 1 R
1566 33355 19186 566 19206 531 3792 1 0 0 0 0 0 0 0 0 1 1 R
1567 33380 24860 801 22186 777 5399 1 0 3 0 0 0 0 0 0 1 1 R
1568 33404 22745 567 21251 530 3222 1 0 5 0 0 0 0 0 0 2 1 R
1569 33423 19072 851 18809 767 4519 1 0 1 0 0 0 0 0 0 1 1 R
1570 33442 17613 824 17653 788 3664 1 0 0 0 0 0 0 0 0 2 1 R
1571 33463 20525 579 20543 543 5624 1 0 0 0 0 0 0 0 0 1 1 R
1572 33485 21030 583 19967 550 6123 1 0 4 0 0 0 0 0 0 2 1 R
1573 33503 17757 746 17829 677 3883 1 0 0 0 0 0 0 0 0 2 1 R
1574 33521 17644 1136 17693 1087 4475 1 0 0 0 0 0 0 0 0 2 1 R
1575 33549 26344 583 25025 546 7981 1 0 4 0 0 0 0 0 0 2 1 R
1576 33570 20431 552 19610 524 3767 1 0 1 0 0 0 0 0 0 1 1 R
1577 33590 19236 938 19328 854 3339 1 0 0 0 0 0 0 0 0 1 1 R
1578 33611 20616 749 19334 736 3135 1 0 4 0 0 1 0 0 0 2 1 R
1579 33632 19751 585 19768 547 4320 1 0 0 0 0 0 0 0 0 1 1 R
1580 33652 19577 682 19610 649 4251 1 0 0 0 0 0 0 0 0 1 1 R
1581 33672 19379 590 19417 551 4325 1 0 0 0 0 0 0 0 0 2 1 R
1582 33694 21986 579 20726 543 5324 1 0 4 0 0 0 0 0 0 1 1 R
1583 33713 17667 745 17775 649 3613 1 0 0 0 0 0 0 0 0 2 1 R
1584 33732 18247 836 18325 750 4701 1 0 0 0 0 0 0 0 0 2 1 R
1585 33756 23272 580 22187 550 5672 1 0 4 0 0 0 0 0 0 2 1 R
1586 33783 26521 783 23183 711 6731 1 0 2 0 0 0 0 0 0 1 1 R
1587 33801 17732 5009 17798 878 3771 1 0 1 0 0 0 0 0 0 1 1 R
1588 33846 39156 2458 18338 1171 24181 1 2 1 0 1 0 0 0 1 3 0 R
1589 33881 32491 1496 22584 893 3896 1 1 7 0 1 0 0 0 0 1 1 R
1590 33906 23921 595 22973 555 8867 1 0 4 0 0 0 0 0 0 1 1 R
1591 33924 17119 1087 17204 1019 3258 1 0 0 0 0 0 0 0 0 3 1 R
1592 33970 45601 1015 24121 986 9637 1 0 14 0 1 0 0 1 1 2 1 R
1593 34010 38961 658 22998 576 11593 1 1 5 0 0 0 0 0 0 2 1 R
1594 34052 40680 2556 24935 882 3339 1 0 9 0 1 0 0 0 0 2 1 R
1595 34076 22051 1111 20562 1097 3818 1 0 2 0 0 0 0 0 0 1 1 R
1596 34122 44174 694 22024 619 5113 1 0 10 0 0 0 0 0 0 2 1 R
1597 34161 39150 669 22417 639 13991 1 0 2 0 0 0 0 0 0 2 1 R
1598 34198 35625 684 25321 636 6657 1 0 9 0 0 0 0 0 0 2 1 R
1599 34218 19786 731 19575 659 3169 1 0 1 0 0 0 0 0 0 1 1 R
1600 34241 21723 635 19868 607 3228 1 0 5 0 0 0 0 0 0 2 1 R
1601 34284 43147 575 22634 546 7876 1 0 13 0 0 0 0 0 0 2 1 R
1602 34341 55745 16804 33165 1596 14246 1 0 13 0 1 0 0 1 1 4 1 R
1603 34397 39178 3988 29139 4330 8502 1 1 4 0 1 0 0 1 1 1 1 R
1604 34454 52768 1204 26575 1170 3072 1 1 5 0 0 0 0 1 1 3 1 R
1605 34505 50516 2529 27632 2386 20027 1 1 13 0 0 0 0 1 1 1 0 R
1606 34552 44083 1715 38472 1659 7748 1 1 1 0 0 0 0 1 1 2 0 R
1607 34593 39917 932 26430 847 9944 1 1 11 0 0 0 0 0 0 1 1 R
1608 34640 45372 925 22728 886 4306 1 0 6 0 0 0 0 0 0 3 1 R
1609 34684 43333 623 21444 584 3194 1 0 7 0 0 0 0 0 0 2 1 R
1610 34716 31387 9188 18305 2680 17430 1 0 3 0 1 0 0 1 1 2 1 R
1611 34764 38438 4770 20794 1324 3354 1 1 4 0 0 0 0 1 1 2 1 R
1612 34812 43593 1107 26520 1067 14547 1 1 12 0 0 0 0 0 0 1 1 R
1613 34831 18325 1003 18385 950 3706 1 0 0 0 0 0 0 0 0 1 1 R
1614 34900 67470 3540 34463 1121 41545 1 2 6 0 1 0 0 0 0 3 0 R
1615 34951 47557 3162 29300 1335 14738 1 0 7 0 1 0 0 0 0 2 0 R
1616 35013 58761 12041 36075 1566 8744 1 0 11 0 1 0 0 0 0 3 0 R
1617 35054 28842 2495 24167 1138 3902 1 0 2 0 1 0 0 0 1 1 0 R
1618 35096 39216 2800 24599 1310 6400 1 1 11 0 1 0 0 0 0 2 0 R
1619 35201 102673 5275 33237 2006 20613 1 0 18 0 1 0 0 0 0 2 0 R
1620 35259 52597 1115 29731 796 22980 1 0 10 0 0 0 0 0 0 1 1 R
1621 35296 35458 578 25181 560 4999 1 0 7 0 1 0 0 0 0 2 1 R
1622 35351 55239 6764 29590 2360 12306 1 0 8 0 1 0 0 1 1 2 1 R
1623 35403 44998 1048 26543 949 9129 1 1 9 0 0 0 0 0 0 2 1 R
1624 35452 47997 690 25757 640 15374 1 0 13 0 0 0 0 0 0 2 1 R
1625 35487 33918 8921 21277 2093 4175 1 0 4 0 1 0 0 1 1 2 1 R
1626 35553 57532 7911 37396 3775 12848 1 1 14 0 3 0 0 1 1 2 1 R
1627 35614 52622 1407 27941 1375 5081 1 1 10 0 1 0 0 1 1 2 1 R
1628 35672 56782 5923 28859 3857 10555 1 1 17 0 2 0 0 1 1 3 1 R
1629 35728 50154 3602 31333 2482 4106 1 1 6 0 2 0 0 1 1 3 1 R
1630 35793 61640 677 28376 654 3331 1 1 13 0 0 0 0 0 0 3 1 R
1631 35856 61943 3947 29228 1412 13496 1 0 18 0 1 0 0 0 0 1 1 R
1632 35906 45962 4174 23440 720 8140 1 0 9 0 0 0 0 0 0 2 1 R
1633 35973 63362 14745 35664 2372 17422 1 0 11 0 1 0 0 1 1 3 1 R
1634 36027 39352 3675 28657 1449 12612 1 1 6 0 1 0 0 1 1 2 1 R
1635 36100 68605 4041 46594 2206 20498 1 1 12 0 1 0 0 1 1 2 1 R
1636 36151 47162 5075 32622 3014 16105 1 1 6 0 1 0 0 1 1 2 1 R
1637 36210 54374 939 31243 922 3957 1 1 6 0 1 0 0 1 1 2 1 R
1638 36263 51545 15239 33996 1579 12442 1 1 9 0 1 0 0 1 1 3 1 R
1639 36319 40513 1236 26536 1221 3304 1 1 3 0 1 0 0 1 1 2 1 R
1640 36386 66557 12056 39419 3165 12983 1 1 13 0 1 0 0 1 1 2 1 R
1641 36449 50813 592 24571 559 10807 1 1 9 0 0 0 0 0 0 2 1 R
1642 36482 32566 630 20874 584 3220 1 0 3 0 0 0 0 0 0 2 1 R
1643 36503 20318 562 18642 521 5763 1 0 5 0 0 0 0 0 0 1 1 R
1644 36564 60055 2380 20503 665 45765 1 2 4 0 1 0 0 0 0 3 0 R
1645 36585 18840 604 18478 568 3312 1 0 1 0 0 0 0 0 0 1 1 R
1646 36608 22561 644 20669 622 4164 1 0 2 0 0 0 0 0 0 2 1 R
1647 36629 20446 1379 20060 749 3190 1 0 2 0 3 0 0 0 0 1 1 R
1648 36651 20396 588 20027 551 4356 1 0 0 0 0 0 0 0 0 1 1 R
1649 36672 20159 607 19828 585 3191 1 0 1 0 0 0 0 0 0 2 1 R
1650 36695 22608 603 22646 559 7581 1 0 0 0 0 0 0 0 0 1 1 R
1651 36717 20971 1029 19779 988 3495 1 0 4 0 0 0 0 0 0 2 1 R
1652 36736 18270 585 18291 551 3760 1 0 0 0 0 0 0 0 0 1 1 R
1653 36756 19683 963 19730 929 3914 1 0 0 0 0 0 0 0 0 1 1 R
1654 36778 20800 719 19918 679 3199 1 0 4 0 0 0 0 0 0 2 1 R
1655 36800 20748 751 19816 695 3173 1 0 1 0 0 0 0 0 0 2 1 R
1656 36817 16414 1337 16474 1287 3212 1 0 0 0 0 0 0 0 0 1 1 R
1657 36841 23232 583 22504 545 5437 1 0 4 0 0 0 0 0 0 2 1 R
1658 36861 19295 673 19327 642 4392 1 0 0 0 0 0 0 0 0 1 1 R
1659 36880 17746 784 17785 743 3145 1 0 0 0 0 0 0 0 0 2 1 R
1660 36899 18602 1054 18694 965 4149 1 0 0 0 0 0 0 0 0 2 1 R
1661 36923 22851 594 21917 555 4263 1 0 4 0 0 0 0 0 0 1 1 R
1662 36943 19235 617 19272 584 4233 1 0 0 0 0 0 0 0 0 1 1 R
1663 36963 19215 565 19246 527 4248 1 0 0 0 0 0 0 0 0 1 1 R
1664 36984 20492 794 19238 704 3803 1 0 4 0 0 0 0 0 0 2 1 R
1665 37007 22277 1307 21376 1232 7627 1 0 1 0 0 0 0 0 0 2 1 R
1666 37025 16790 755 16853 686 3217 1 0 0 0 0 0 0 0 0 2 1 R
1667 37048 22315 1497 22333 900 4938 1 0 1 0 3 0 0 0 0 1 1 R
1668 37069 19782 616 19374 582 3414 1 0 0 0 0 0 0 0 0 1 1 R
1669 37090 20040 581 20073 551 3792 1 0 0 0 0 0 0 0 0 2 1 R
1670 37108 17223 701 17259 671 3179 1 0 0 0 0 0 0 0 0 2 1 R
1671 37132 23607 587 22754 547 4602 1 0 4 0 0 1 0 0 0 2 1 R
1672 37152 19446 631 19482 598 4198 1 0 0 0 0 0 0 0 0 1 1 R
1673 37173 20333 592 19713 558 4711 1 0 1 0 0 0 0 0 0 2 1 R
1674 37196 22494 583 19662 550 4059 1 0 3 0 0 0 0 0 0 1 1 R
1675 37216 19260 578 19293 547 3780 1 0 0 0 0 0 0 0 0 1 1 R
1676 37235 18150 811 18250 727 3833 1 0 0 0 0 0 0 0 0 2 1 R
1677 37255 19716 563 19727 533 3787 1 0 0 0 0 0 0 0 0 1 1 R
1678 37279 23415 738 21913 630 5451 1 0 5 0 0 0 0 0 0 2 1 R
1679 37298 18174 638 18217 600 3201 1 0 0 0 0 0 0 0 0 1 1 R
1680 37321 22232 575 22254 541 7203 1 0 0 0 0 0 0 0 0 2 1 R
1681 37344 22080 577 21001 544 3214 1 0 4 0 0 0 0 0 0 1 1 R
1682 37364 19768 603 19305 563 4234 1 0 1 0 0 0 0 0 0 1 1 R
1683 37387 22170 1112 21777 1079 4268 1 0 1 0 0 0 0 0 0 2 1 R
1684 37410 22331 814 20314 765 4454 1 0 5 0 0 0 0 0 0 3 1 R
1685 37429 18343 696 18389 651 3137 1 0 0 0 0 0 0 0 0 1 1 R
1686 37450 20290 593 20322 556 3750 1 0 0 0 0 0 0 0 0 1 1 R
1687 37473 22334 567 21612 535 3795 1 0 4 0 0 0 0 0 0 2 1 R
1688 37491 17290 864 17348 812 3662 1 0 0 0 0 0 0 0 0 1 1 R
1689 37511 19119 733 19206 642 5084 1 0 0 0 0 0 0 0 0 2 1 R
1690 37531 19051 681 19122 612 4889 1 0 0 0 0 0 0 0 0 2 1 R
1691 37554 22504 587 21339 552 6798 1 0 4 0 0 0 0 0 0 1 1 R
1692 37574 19073 602 19107 564 4268 1 0 0 0 0 0 0 0 0 1 1 R
1693 37592 17665 2949 17742 1364 3668 1 0 0 0 1 0 0 0 0 2 1 R
1694 37616 21178 594 19698 556 3521 1 0 4 0 0 0 0 0 0 2 1 R
1695 37639 22041 570 22077 536 6100 1 0 0 0 0 0 0 0 0 1 1 R
1696 37658 19181 579 19220 542 3872 1 0 0 0 0 0 0 0 0 1 1 R
1697 37681 22227 763 20966 746 3792 1 0 4 0 0 0 0 0 0 2 1 R
1698 37700 17883 871 17937 818 3632 1 0 0 0 0 0 0 0 0 2 1 R
1699 37719 18302 725 18354 666 3814 1 0 0 0 0 0 0 0 0 2 1 R
1700 37737 16984 1329 17079 1279 4247 1 0 0 0 0 0 0 0 0 1 1 R
1701 37762 24086 591 23056 555 5696 1 0 4 0 0 0 0 0 0 2 1 R
1702 37782 18941 563 18972 532 4240 1 0 0 0 0 0 0 0 0 1 1 R
1703 37802 19498 762 18577 709 3628 1 0 1 0 0 0 0 0 0 2 1 R
1704 37823 20598 796 19125 742 4192 1 0 4 0 0 0 0 0 0 1 1 R
1705 37843 19000 830 19065 775 3782 1 0 0 0 0 0 0 0 0 1 1 R
1706 37863 19214 574 19244 538 4241 1 0 0 0 0 0 0 0 0 1 1 R
1707 37883 19342 570 19377 534 4358 1 0 0 0 0 0 0 0 0 2 1 R
1708 37904 20077 902 19310 836 4980 1 0 4 0 0 0 0 0 0 1 1 R
1709 37923 18352 578 17935 528 3649 1 0 1 0 0 0 0 0 0 1 1 R
1710 37983 59652 2429 23021 717 46640 1 2 6 0 1 0 0 0 0 3 0 R
1711 38010 24837 579 18967 543 5899 1 0 5 0 0 0 0 0 0 1 1 R
1712 38034 22999 666 21072 623 3248 1 0 5 0 0 0 0 0 0 2 1 R
1713 38054 19158 572 19192 536 4418 1 0 0 0 0 0 0 0 0 1 1 R
1714 38074 19427 605 19463 567 4240 1 0 0 0 0 0 0 0 0 2 1 R
1715 38093 19073 584 19112 545 3809 1 0 0 0 0 0 0 0 0 1 1 R
1716 38114 19784 752 18805 689 5567 1 0 4 0 0 0 0 0 0 2 1 R
1717 38132 17914 850 17999 764 3588 1 0 0 0 0 0 0 0 0 2 1 R
1718 38153 19999 625 20032 589 5046 1 0 0 0 0 0 0 0 0 1 1 R
1719 38175 21341 590 20136 555 4268 1 0 4 0 0 0 0 0 0 2 1 R
1720 38194 18224 910 18303 840 3553 1 0 0 0 0 0 0 0 0 1 1 R
1721 38214 19306 720 17975 642 3052 1 0 1 0 0 0 0 0 0 2 1 R
1722 38232 17135 1290 17196 1232 3750 1 0 0 0 0 0 0 0 0 2 1 R
1723 38255 21529 1140 20749 1036 6695 1 0 4 0 0 0 0 0 0 2 1 R
1724 38275 19103 587 19137 549 3750 1 0 0 0 0 0 0 0 0 1 1 R
1725 38299 23099 559 23129 523 6838 1 0 0 0 0 0 0 0 0 1 1 R
1726 38322 22438 587 20735 554 3202 1 0 5 0 0 0 0 0 0 1 1 R
1727 38340 17299 1197 17396 1107 3797 1 0 0 0 0 0 0 0 0 2 1 R
1728 38360 19003 907 19049 873 5063 1 0 0 0 0 0 0 0 0 2 1 R
1729 38384 23502 764 22614 698 5401 1 0 4 0 0 0 0 0 0 1 1 R
1730 38408 22727 654 20491 608 4319 1 0 1 0 0 0 0 0 0 2 1 R
1731 38427 18029 1614 18079 1588 3019 1 0 0 0 0 0 0 0 0 1 1 R
1732 38447 18605 2659 18616 1803 3739 1 0 1 0 3 0 0 0 0 2 1 R
1733 38469 19266 686 19299 621 3039 1 0 0 0 0 0 0 0 0 2 1 R
1734 38488 19121 629 19151 592 3746 1 0 0 0 0 0 0 0 0 1 1 R
1735 38509 19692 557 19727 523 3788 1 0 0 0 0 0 0 0 0 1 1 R
1736 38530 20438 680 19599 642 3215 1 0 4 0 0 0 0 0 0 2 1 R
1737 38549 18542 658 18578 626 3320 1 0 0 0 0 0 0 0 0 2 1 R
1738 38570 19839 579 19868 539 4304 1 0 0 0 0 0 0 0 0 1 1 R
1739 38592 22033 586 21246 555 3779 1 0 4 0 0 0 0 0 0 1 1 R
1740 38615 22690 579 21740 548 8501 1 0 1 0 0 0 0 0 0 2 1 R
1741 38633 17517 667 17571 612 3274 1 0 0 0 0 0 0 0 0 1 1 R
1742 38652 17809 796 17884 724 4509 1 0 0 0 0 0 0 0 0 2 1 R
1743 38676 23446 576 22310 543 8312 1 0 4 0 0 0 0 0 0 2 1 R
1744 38696 19477 573 19508 879 3786 1 0 0 0 0 0 0 0 0 0 1 R
1745 38714 17648 691 17374 640 3450 1 0 0 0 0 0 0 0 0 3 1 R
1746 38735 19816 777 18810 700 4200 1 0 4 0 0 0 0 0 0 2 1 R
1747 38754 17832 1179 17918 1103 4134 1 0 0 0 0 0 0 0 0 0 1 R
1748 38776 21359 577 21388 538 6159 1 0 0 0 0 0 0 0 0 2 1 R
1749 38796 18918 575 18952 541 3843 1 0 0 0 0 0 0 0 0 1 1 R
1750 38820 23364 586 20885 546 6527 1 0 4 0 0 0 0 0 0 2 1 R
1751 38837 16531 1268 16641 1177 3154 1 0 0 0 0 0 0 0 0 2 1 R
1752 38855 17444 1339 17524 1241 4500 1 0 0 0 0 0 0 0 0 1 1 R
1753 38880 23659 581 22680 547 4407 1 0 4 0 0 0 0 0 0 2 1 R
1754 38900 18578 573 18609 539 3715 1 0 0 0 0 0 0 0 0 1 1 R
1755 38923 22596 568 22630 532 7384 1 0 0 0 0 0 0 0 0 2 1 R
1756 38943 20153 679 18623 612 3668 1 0 4 0 0 0 0 0 0 2 1 R
1757 38961 17210 812 17305 715 3812 1 0 0 0 0 0 0 0 0 2 1 R
1758 38982 20017 901 20071 859 5357 1 0 0 0 0 0 0 0 0 1 1 R
1759 39004 21235 583 20162 554 4347 1 0 1 0 0 0 0 0 0 2 1 R
1760 39025 19759 824 18986 774 5618 1 0 4 0 0 0 0 0 0 0 1 R
1761 39044 18884 567 18907 534 3419 1 0 0 0 0 0 0 0 0 2 1 R
1762 39064 18737 576 18774 542 4411 1 0 0 0 0 0 0 0 0 1 1 R
1763 39086 21309 625 19520 593 3638 1 0 4 0 0 0 0 0 0 2 1 R
1764 39106 19402 798 19492 710 3710 1 0 0 0 0 1 0 0 0 1 1 R
1765 39124 18084 706 18147 643 3442 1 0 0 0 0 0 0 0 0 1 1 R
1766 39143 17388 786 17490 677 3149 1 0 0 0 0 0 0 0 0 2 1 R
1767 39165 21156 702 20372 648 7035 1 0 4 0 0 0 0 0 0 2 1 R
1768 39185 20005 592 20026 560 3798 1 0 0 0 0 0 0 0 0 2 1 R
1769 39207 20807 1099 19518 1082 3832 1 0 1 0 0 0 0 0 0 1 1 R
1770 39232 24611 686 23580 646 6589 1 0 4 0 0 0 0 0 0 2 1 R
1771 39249 16477 745 16554 676 3559 1 0 0 0 0 0 0 0 0 1 1 R
1772 39270 19439 928 19483 884 5378 1 0 0 0 0 0 0 0 0 2 1 R
1773 39294 23102 598 21774 567 4934 1 0 4 0 0 0 0 0 0 2 1 R
1774 39313 18776 589 18813 550 4214 1 0 0 0 0 0 0 0 0 1 1 R
1775 39331 17760 750 17837 688 3640 1 0 0 0 0 0 0 0 0 1 1 R
1776 39351 18528 863 18585 800 4779 1 0 0 0 0 0 0 0 0 2 1 R
1777 39372 20880 770 19768 677 6714 1 0 4 0 0 0 0 0 0 2 1 R
1778 39392 19034 580 19060 542 4441 1 0 0 0 0 0 0 0 0 1 1 R
1779 39414 21073 589 20018 554 4314 1 0 1 0 0 0 0 0 0 2 1 R
1780 39435 20586 922 19198 865 3704 1 0 4 0 0 0 0 0 0 1 1 R
1781 39453 16758 665 16815 602 3354 1 0 0 0 0 0 0 0 0 2 1 R
1782 39473 19230 693 19291 642 5761 1 0 0 0 0 0 0 0 0 2 1 R
1783 39494 20406 579 20428 542 5365 1 0 0 0 0 0 0 0 0 1 1 R
1784 39515 21081 578 20050 548 6208 1 0 4 0 0 0 0 0 0 1 1 R
1785 39539 22772 626 22807 589 6293 1 0 0 0 0 0 0 0 0 2 1 R
1786 39556 16475 777 16564 690 3131 1 0 0 0 0 0 0 0 0 2 1 R
1787 39581 24172 876 23188 820 4248 1 0 4 0 0 0 0 0 0 2 1 R
1788 39601 19109 581 19147 544 4246 1 0 0 0 0 0 0 0 0 1 1 R
1789 39623 21216 589 20180 555 5688 1 0 1 0 0 0 0 0 0 1 1 R
1790 39644 20916 591 19492 558 3809 1 0 4 0 0 0 0 0 0 2 1 R
1791 39663 18629 787 18684 740 3975 1 0 0 0 0 0 0 0 0 1 1 R
1792 39682 17995 719 18031 678 3559 1 0 0 0 0 0 0 0 0 2 1 R
1793 39703 19817 579 19846 541 4893 1 0 0 0 0 0 0 0 0 1 1 R
1794 39725 21272 601 20322 563 6561 1 0 4 0 0 0 0 0 0 1 1 R
1795 39744 18868 566 18901 533 4267 1 0 0 0 0 0 0 0 0 2 1 R
1796 39764 19167 564 19204 533 4046 1 0 0 0 0 0 0 0 0 1 1 R
1797 39786 21884 630 20804 600 4361 1 0 4 0 0 0 0 0 0 1 1 R
1798 39806 18919 2613 18994 1076 3842 1 0 0 0 1 0 0 0 0 1 1 R
1799 39827 19082 815 19142 737 3766 1 0 0 0 0 0 0 0 0 1 1 R
1800 39854 25554 586 24513 551 8569 1 0 4 0 0 0 0 0 0 2 1 R
1801 39875 20303 643 20340 608 4302 1 0 0 0 0 0 0 0 0 1 1 R
1802 39894 18751 582 18783 547 3819 1 0 0 0 0 0 0 0 0 1 1 R
1803 39914 19324 582 19360 548 4268 1 0 0 0 0 0 0 0 0 2 1 R
1804 39935 20253 601 19016 563 5973 1 0 4 0 0 0 0 0 0 1 1 R
1805 39955 19254 670 19302 636 3475 1 0 0 0 0 0 0 0 0 2 1 R
1806 39973 17182 732 17256 657 3390 1 0 0 0 0 0 0 0 0 1 1 R
1807 40014 40438 4233 27700 1518 6177 1 0 10 0 1 0 0 0 0 2 1 R
1808 40073 54999 2358 29284 809 5877 1 0 16 0 1 0 0 0 0 4 1 R
1809 40110 34329 8596 24237 1061 7064 1 0 5 0 1 0 0 1 1 2 1 R
1810 40155 37006 12804 21175 867 12963 1 1 8 0 0 0 0 0 0 1 1 R
1811 40210 41839 1077 22579 1037 3067 1 0 5 0 1 0 0 1 1 2 1 R
1812 40262 51052 1546 34754 1658 3846 1 1 4 0 1 0 0 1 1 2 1 R
1813 40319 55636 565 25228 548 9312 1 1 10 0 0 0 0 0 0 2 1 R
1814 40354 34178 14409 20480 906 3774 1 0 6 0 0 0 0 0 0 2 1 R
1815 40404 35751 2634 22981 931 6080 1 0 3 0 1 0 0 0 0 2 1 R
1816 40434 27705 2393 20107 1780 8577 1 0 5 0 1 0 0 1 1 1 1 R
1817 40497 59686 1813 34514 2013 9197 1 1 12 0 1 0 0 1 1 3 1 R
1818 40535 37159 696 22067 658 15501 1 1 7 0 0 0 0 0 0 1 1 R
1819 40584 48268 13284 29813 2467 13970 1 0 13 0 1 0 0 1 1 3 1 R
1820 40634 36604 902 23516 857 14055 1 1 7 0 1 0 0 1 1 1 1 R
1821 40682 46693 619 20672 579 5794 1 1 2 0 0 0 0 0 0 2 1 R
1822 40719 36350 827 22389 1049 5687 1 0 8 0 1 0 0 0 0 2 1 R
1823 40769 49619 4059 32024 1836 10366 1 0 8 0 1 0 0 1 1 3 1 R
1824 40819 45692 1001 24102 945 5638 1 1 7 0 0 0 0 0 0 1 1 R
1825 40859 39360 1493 30278 1457 8844 1 0 5 0 1 0 0 1 1 1 1 R
1826 40907 46457 861 22566 842 3059 1 1 3 0 1 0 0 1 1 2 1 R
1827 40943 34715 4995 18894 884 15357 1 1 3 0 0 0 0 0 0 3 1 R
1828 40990 41596 754 20999 929 3718 1 0 10 0 1 0 0 0 0 2 1 R
1829 41023 33089 7630 20140 2796 6821 1 0 7 0 1 0 0 1 1 2 1 R
1830 41069 38164 605 23767 551 17383 1 1 8 0 0 0 0 0 0 1 1 R
1831 41087 16988 958 17372 588 3574 1 0 0 0 0 0 0 0 0 1 1 R
1832 41150 62369 861 20636 813 39012 1 2 9 0 0 0 0 0 0 2 1 R
1833 41168 16763 523 16797 488 3922 1 0 0 0 0 0 0 0 0 0 1 R
1834 41226 57510 621 19575 589 38726 1 2 6 0 0 0 0 0 0 4 1 R
1835 41243 16766 762 16806 712 3115 1 0 0 0 0 0 0 0 0 1 1 R
1836 41292 48003 2393 25393 830 14221 1 0 15 0 1 0 0 0 0 2 1 R
1837 41340 45712 1014 23720 953 9140 1 0 12 0 1 0 0 1 1 3 1 R
1838 41393 51560 1006 33151 973 17513 1 1 7 0 1 0 0 1 1 1 1 R
1839 41431 36937 736 21279 693 16869 1 1 4 0 0 0 0 0 0 1 1 R
1840 41454 23186 6873 19470 2404 3045 1 0 4 0 3 0 0 0 0 2 1 R
1841 41486 24286 604 20547 571 5661 1 0 2 0 0 0 0 0 0 2 1 R
1842 41503 16531 616 16562 582 2683 1 0 0 0 1 0 0 0 0 0 1 R
1843 41565 61605 13053 21066 881 38531 1 2 4 0 0 0 0 0 0 4 1 R
1844 41593 15288 602 15326 553 3121 1 0 0 0 0 0 0 0 0 0 1 R
1845 41664 69744 1717 27169 1562 40200 1 2 3 0 1 0 0 1 1 4 1 R
1846 41710 44660 832 19316 767 3301 1 1 4 0 0 0 0 0 0 2 1 R
1847 41728 17569 556 17615 511 3154 1 0 0 0 0 0 0 0 0 1 1 R
1848 41783 54036 985 21231 941 36433 1 2 5 0 0 0 0 0 0 2 1 R
1849 41801 16461 520 16492 492 3646 1 0 0 0 0 0 0 0 0 0 1 R
1850 41852 51100 1002 20626 955 36931 1 2 2 0 0 0 0 1 1 3 0 R
1851 41880 27141 1712 25823 1679 5186 1 1 1 0 0 0 0 1 1 1 0 R
1852 41932 49955 8007 31602 2263 8266 1 1 11 0 2 0 0 1 1 3 1 R
1853 42002 61949 4659 39527 2227 21506 1 1 8 0 1 0 0 1 1 2 1 R
1854 42063 56428 3341 29084 1267 14751 1 1 12 0 1 0 0 0 0 2 0 R
1855 42127 60227 1222 27686 1196 7423 1 0 15 0 1 0 0 0 0 1 1 R
1856 42150 22000 715 20890 682 3719 1 0 1 0 0 0 0 0 0 1 1 R
1857 42189 38719 2720 27719 891 6926 1 0 6 0 0 1 0 0 0 2 1 R
1858 42212 19925 731 17874 692 3759 1 0 1 0 0 0 0 0 0 1 1 R
1859 42278 65337 3143 27334 1015 44470 1 2 6 0 1 0 0 0 0 3 0 R
1860 42323 41686 1016 27030 969 20862 1 0 7 0 1 0 0 0 0 2 0 R
1861 42369 45007 3869 27899 1591 3412 1 0 7 0 1 0 0 0 0 1 0 R
1862 42419 45918 509 25711 492 10529 1 0 11 0 1 0 0 0 0 3 0 R
1863 42459 40395 773 23145 720 9616 1 0 4 0 0 0 0 1 1 1 0 R
1864 42505 44994 806 25204 784 10906 1 1 11 0 1 0 0 0 0 1 0 R
1865 42541 34670 7061 20678 1555 3253 1 0 5 0 1 0 0 0 0 2 0 R
1866 42599 51316 702 31328 678 14019 1 0 19 0 1 0 0 0 0 3 0 R
1867 42637 36873 4521 22400 1723 12418 1 0 4 0 2 0 0 0 0 1 0 R
1868 42682 40870 1063 24930 996 3418 1 0 6 0 1 0 0 0 0 1 0 R
1869 42729 46227 1007 28400 1004 10652 1 0 14 0 1 0 0 0 0 1 0 R
1870 42776 45533 3661 26946 1920 7429 1 0 11 0 2 0 0 0 0 2 0 R
1871 42821 41471 2722 23236 842 12607 1 0 6 0 1 0 0 0 0 2 0 R
1872 42869 45529 2304 27473 1253 11739 1 0 9 0 2 0 0 0 0 1 0 R
1873 42916 44666 4038 26563 1881 9127 1 0 11 0 2 0 0 0 0 2 0 R
1874 42961 41071 1401 26510 1379 3508 1 0 8 0 1 0 0 0 0 2 0 R
1875 43018 55237 2785 33810 888 23417 1 0 13 0 1 0 0 0 0 2 0 R
1876 43054 32946 11196 19806 1130 2817 1 0 2 0 1 0 0 0 0 2 0 R
1877 43104 39067 1241 28509 1225 4861 1 0 4 0 1 0 0 0 0 1 0 R
1878 43143 37329 972 24319 937 3814 1 0 4 0 1 0 0 0 0 0 0 R
1879 43195 51045 3079 32063 1116 11719 1 0 9 0 1 0 0 0 0 2 0 R
1880 43240 42794 1026 26603 997 4458 1 0 7 0 1 0 0 0 0 1 0 R
1881 43277 35019 11615 22791 2259 10872 1 0 2 0 3 0 0 0 0 2 0 R
1882 43322 33438 889 23544 865 4189 1 0 3 0 1 0 0 0 0 2 0 R
1883 43359 36518 10402 23041 1297 12062 1 0 5 0 1 0 0 0 0 1 0 R
1884 43406 36697 9676 26269 1086 12523 1 0 9 0 1 0 0 0 0 1 0 R
1885 43461 45290 838 26635 801 9992 1 0 12 0 1 0 0 0 0 2 0 R
1886 43503 41072 1128 26160 1110 4230 1 0 4 0 1 0 0 0 0 2 0 R
1887 43543 38596 12414 23408 1616 13048 1 0 8 0 1 0 0 0 0 2 0 R
1888 43606 50759 3305 31431 1136 7957 1 0 12 0 1 0 0 0 0 1 0 S
1889 43680 70542 3274 34884 1425 10675 1 0 21 0 1 0 0 0 0 2 0 R
1890 43737 53618 1253 33737 1222 21667 1 0 17 0 1 0 0 0 0 1 0 R
1891 43776 37782 1575 24432 1785 3406 1 0 5 0 1 0 0 0 0 2 0 R
1892 43822 44827 2748 24537 847 16291 1 0 6 0 1 0 0 0 0 1 0 R
1893 43870 45368 2818 29194 884 11273 1 0 14 0 1 0 0 0 0 2 0 R
1894 43910 37152 3307 23435 1042 13086 1 0 4 0 1 0 0 0 0 2 0 R
1895 43956 42626 3750 26467 1433 9700 1 0 10 0 1 0 0 0 0 1 0 R
1896 43993 33626 1051 22167 1027 3173 1 0 3 0 1 0 0 0 0 1 0 R
1897 44044 49030 4166 27476 1038 13056 1 0 9 0 1 0 0 0 0 2 0 R
1898 44100 51907 3141 27255 1150 9944 1 0 18 0 1 0 0 0 0 1 0 R
1899 44148 45526 9837 28494 920 13444 1 0 12 0 1 0 0 0 0 3 0 R
1900 44197 38509 8440 21314 2302 3511 1 0 4 0 2 0 0 0 0 0 0 R
1901 44252 47428 3138 26746 1048 11964 1 0 13 0 1 0 0 0 0 2 0 R
1902 44300 44303 1329 28196 1307 4831 1 0 9 0 1 0 0 0 0 2 0 R
1903 44341 40172 6598 25762 1312 14698 1 0 4 0 1 0 0 0 0 2 0 R
1904 44384 35756 991 23856 959 10323 1 0 9 0 1 0 0 0 0 1 0 R
1905 44440 55081 929 34142 890 7590 1 0 11 0 1 0 0 0 0 2 0 R
1906 44474 32906 9993 20241 891 11885 1 0 2 0 1 0 0 0 0 2 0 R
1907 44516 32603 11880 26626 2002 7097 1 0 7 0 1 0 0 0 0 1 0 R
1908 44559 31023 2912 23447 958 3675 1 0 7 0 1 0 0 0 0 1 0 R
1909 44599 37126 1342 24972 1313 10466 1 0 6 0 1 0 0 0 0 2 0 R
1910 44659 58335 599 29672 573 13226 1 0 14 0 1 0 0 0 0 1 0 R
1911 44701 41791 819 32872 733 7283 1 0 1 0 0 0 0 1 1 1 0 R
1912 44753 50851 2796 30463 990 13221 1 1 10 0 1 0 0 0 0 2 0 R
1913 44790 34357 974 21420 932 3366 1 0 1 0 1 0 0 0 0 1 0 R
1914 44838 46576 2851 26045 985 15311 1 0 5 0 1 0 0 0 0 1 0 R
1915 44882 41929 1217 26052 1186 14812 1 0 9 0 1 0 0 0 0 3 0 R
1916 44935 51246 2849 30639 1307 9966 1 0 12 0 1 0 0 0 0 1 0 R
1917 44981 42949 2874 26648 1035 8215 1 0 11 0 1 0 0 0 0 2 0 R
1918 45024 40415 5879 24087 1617 12923 1 0 5 0 1 0 0 0 0 1 0 R
1919 45072 41895 1012 25207 987 15009 1 0 8 0 1 0 0 0 0 1 0 R
1920 45120 47646 1163 30604 1132 19232 1 0 10 0 1 0 0 0 0 3 0 R
1921 45171 49386 1024 28929 1012 11203 1 0 10 0 1 0 0 0 0 1 0 R
1922 45216 44074 3915 25388 1631 8884 1 0 9 0 1 0 0 0 0 2 0 R
1923 45271 50861 2882 31911 956 9542 1 0 15 0 1 0 0 0 0 1 0 R
1924 45319 44847 3136 26757 1297 11625 1 0 10 0 1 0 0 0 0 2 0 R
1925 45376 54295 11810 35249 1904 10574 1 0 11 0 1 0 0 0 0 3 0 R
1926 45431 42706 1534 28958 1485 3868 1 0 7 0 1 0 0 0 0 1 0 R
1927 45483 51236 965 29445 912 11872 1 0 14 0 1 0 0 0 0 2 0 R
1928 45529 45029 2512 27380 1017 3511 1 0 7 0 1 0 0 0 0 1 0 R
1929 45573 41128 687 26066 654 14616 1 0 6 0 0 0 0 0 0 2 1 R
1930 45616 42418 2094 24039 2082 5369 1 0 5 0 1 0 0 0 0 2 1 R
1931 45661 42649 628 16989 595 3767 1 0 2 0 0 0 0 0 0 2 1 R
1932 45692 30430 791 22938 718 3233 1 0 5 0 0 0 0 0 0 2 1 R
1933 45713 20686 706 18618 659 5610 1 0 6 0 0 0 0 0 0 1 1 R
1934 45782 67770 1790 30318 1622 46561 1 2 2 0 0 0 0 1 1 2 0 R
1935 45828 44394 1669 27662 942 20040 1 1 8 0 0 0 0 0 0 3 1 R
1936 45862 32160 880 24956 818 3971 1 0 9 0 0 0 0 0 0 1 1 R
1937 45904 41239 1166 26643 1141 8545 1 0 10 0 1 0 0 0 0 2 0 R
1938 45954 48781 700 28942 674 9578 1 0 12 0 1 0 0 0 0 2 0 R
1939 46000 44969 1154 24547 1093 7886 1 0 12 0 1 0 0 0 0 2 0 R
1940 46042 40886 2872 25216 1048 13076 1 0 4 0 1 0 0 0 0 1 0 R
1941 46089 44034 1146 25762 1131 9944 1 0 11 0 1 0 0 0 0 1 0 R
1942 46126 36827 10042 22133 1270 12551 1 0 5 0 1 0 0 0 0 2 0 R
1943 46176 39510 605 26088 574 3961 1 0 9 0 0 0 0 0 0 0 0 R
1944 46220 43083 892 25143 873 10037 1 0 8 0 1 0 0 0 0 3 0 R
1945 46295 74208 1052 28684 1013 21836 1 0 16 0 0 0 0 0 0 1 0 R
1946 46361 65225 1224 27225 1160 13365 1 0 9 0 1 0 0 0 0 2 0 R
1947 46406 43319 905 26650 847 12295 1 0 5 0 1 0 0 0 0 1 0 R
1948 46462 55519 2908 29448 1149 9166 1 0 16 0 1 0 0 0 0 3 0 R
1949 46506 40955 3764 25462 1743 13110 1 0 8 0 1 0 0 0 0 1 0 R
1950 46557 47033 1478 31174 1420 17948 1 0 8 0 1 0 0 0 0 2 0 R
1951 46600 42140 2867 25385 1020 8969 1 0 10 0 1 0 0 0 0 1 0 R
1952 46643 39895 1068 25814 1039 12466 1 0 9 0 1 0 0 0 0 2 0 R
1953 46697 52480 1430 29469 1400 12035 1 0 15 0 1 0 0 0 0 1 0 R
1954 46736 37758 925 23327 902 7055 1 0 6 0 1 0 0 0 0 2 0 R
1955 46784 46970 1101 26302 1084 9508 1 0 6 0 1 0 0 0 0 1 0 R
1956 46830 45457 3779 25369 1352 10219 1 0 12 0 2 0 0 0 0 2 0 R
1957 46891 57376 2467 25102 855 3484 1 0 8 0 1 0 0 0 0 2 1 R
1958 46931 37020 824 21970 789 9647 1 0 7 0 0 0 0 0 0 2 1 R
1959 46951 19080 899 18461 836 3174 1 0 1 0 0 0 0 0 0 1 1 R
1960 47007 54842 1968 20865 1383 30924 1 2 1 0 1 0 0 0 0 3 1 R
1961 47025 16652 583 16693 531 3267 1 0 0 0 0 0 0 0 0 0 1 R
1962 47089 62824 1060 27333 1023 44610 1 2 6 0 1 0 0 0 0 4 0 R
1963 47136 46059 999 26909 992 8661 1 0 11 0 1 0 0 0 0 1 0 R
1964 47182 45440 2927 28501 974 9176 1 0 12 0 1 0 0 0 0 1 0 R
1965 47228 42510 3669 28320 1387 15580 1 0 7 0 1 0 0 0 0 3 0 R
1966 47271 39891 2872 22747 877 12361 1 0 2 0 1 0 0 0 0 1 0 R
1967 47316 41973 4095 27847 1768 4338 1 0 6 0 1 0 0 0 0 1 0 R
1968 47362 41856 974 25657 953 3533 1 0 6 0 1 0 0 0 0 2 0 R
1969 47415 52040 1036 31124 1005 4180 1 0 11 0 1 0 0 0 0 1 0 R
1970 47456 39560 921 24249 923 3636 1 0 4 0 1 0 0 0 0 2 0 R
1971 47505 48407 1274 27625 1237 10138 1 0 8 0 1 0 0 0 0 1 0 R
1972 47558 52245 3002 28727 991 9482 1 0 15 0 1 0 0 0 0 2 0 R
1973 47612 50793 855 32282 847 13005 1 0 14 0 1 0 0 0 0 2 0 R
1974 47656 43312 7160 25864 2179 9876 1 0 10 0 3 0 0 0 0 3 0 R
1975 47716 52825 1270 27665 1256 4440 1 0 5 0 1 0 0 0 0 1 0 R
1976 47753 34986 11890 21201 1200 3361 1 0 2 0 2 0 0 0 0 1 0 R
1977 47820 55630 1184 25349 1144 3923 1 0 9 0 1 0 0 0 0 2 0 R
1978 47857 35184 5204 21404 1388 13517 1 0 2 0 1 0 0 0 0 2 0 R
1979 47905 42852 6129 24782 1491 3426 1 0 8 0 2 0 0 0 0 2 0 R
1980 47946 35698 10018 24203 1402 7014 1 0 3 0 1 0 0 0 0 2 0 R
1981 47992 35095 1363 25262 1314 3457 1 0 7 0 1 0 0 0 0 0 0 R
1982 48036 43403 3743 25883 1850 13671 1 0 9 0 3 0 0 0 0 1 0 R
1983 48077 36574 1769 21817 1359 3749 1 0 3 0 1 0 0 0 0 1 0 R
1984 48129 50972 2969 28450 985 10045 1 0 13 0 1 0 0 0 0 3 0 R
1985 48168 35647 2852 23027 1111 6279 1 0 5 0 1 0 0 0 0 1 0 R
1986 48221 49813 1221 29912 1178 12088 1 0 13 0 1 0 0 0 0 2 0 R
1987 48262 40287 11747 23662 1330 12990 1 0 5 0 1 0 0 0 0 3 0 R
1988 48302 27755 14412 24239 1927 5810 1 0 4 0 1 0 0 0 0 1 0 R
1989 48351 35252 3663 26435 1507 5971 1 0 7 0 1 0 0 0 0 0 0 R
1990 48410 55057 1257 26284 1231 14930 1 0 14 0 1 0 0 0 0 2 0 R
1991 48449 37269 9306 23810 1066 13889 1 0 3 0 1 0 0 0 0 2 0 R
1992 48494 36048 12663 25671 1277 11572 1 0 10 0 1 0 0 0 0 2 0 R
1993 48544 37646 1073 29059 1071 4691 1 0 9 0 1 0 0 0 0 0 0 R
1994 48586 40729 7152 20490 2081 10768 1 0 8 0 1 0 0 1 1 2 1 R
1995 48632 38951 982 28783 904 18100 1 1 9 0 0 0 0 0 0 2 1 R
1996 48651 17822 536 17380 491 4625 1 0 1 0 0 0 0 0 0 1 1 R
1997 48721 69541 948 28637 878 43482 1 2 7 0 0 0 0 1 1 2 0 R
1998 48763 41212 3358 25090 1310 11958 1 1 7 0 1 0 0 0 0 2 0 R
1999 48806 39058 3456 24228 1419 3446 1 0 5 0 2 0 0 0 0 2 0 R
