
opl.o:     file format elf32-littleriscv


Disassembly of section .text:

00000000 <operator_off>:
       0:	8082                	ret

00000002 <operator_sustain>:
       2:	08c52703          	lw	a4,140(a0)
       6:	01075793          	srli	a5,a4,0x10
       a:	c791                	beqz	a5,16 <.L4>
			a: R_RISCV_RVC_BRANCH	.L4
       c:	09052683          	lw	a3,144(a0)
      10:	96be                	add	a3,a3,a5
      12:	08d52823          	sw	a3,144(a0)

00000016 <.L4>:
      16:	07c2                	slli	a5,a5,0x10
      18:	8f1d                	sub	a4,a4,a5
      1a:	08e52623          	sw	a4,140(a0)
      1e:	8082                	ret

00000020 <operator_release>:
      20:	7179                	addi	sp,sp,-48
      22:	d422                	sw	s0,40(sp)
      24:	d04a                	sw	s2,32(sp)
      26:	ce4e                	sw	s3,28(sp)
      28:	00000437          	lui	s0,0x0
			28: R_RISCV_HI20	.LC0
			28: R_RISCV_RELAX	*ABS*
      2c:	01c52983          	lw	s3,28(a0)
      30:	01852903          	lw	s2,24(a0)
      34:	00042603          	lw	a2,0(s0) # 0 <operator_off>
			34: R_RISCV_LO12_I	.LC0
			34: R_RISCV_RELAX	*ABS*
      38:	00442683          	lw	a3,4(s0)
			38: R_RISCV_LO12_I	.LC0+0x4
			38: R_RISCV_RELAX	*ABS*+0x4
      3c:	d226                	sw	s1,36(sp)
      3e:	85ce                	mv	a1,s3
      40:	84aa                	mv	s1,a0
      42:	854a                	mv	a0,s2
      44:	d606                	sw	ra,44(sp)
      46:	c462                	sw	s8,8(sp)
      48:	c266                	sw	s9,4(sp)
      4a:	00000097          	auipc	ra,0x0
			4a: R_RISCV_CALL_PLT	__gtdf2
			4a: R_RISCV_RELAX	*ABS*
      4e:	000080e7          	jalr	ra # 4a <operator_release+0x2a>
      52:	00a05c63          	blez	a0,6a <.L9>
			52: R_RISCV_BRANCH	.L9
      56:	54a8                	lw	a0,104(s1)
      58:	54ec                	lw	a1,108(s1)
      5a:	864a                	mv	a2,s2
      5c:	86ce                	mv	a3,s3
      5e:	00000097          	auipc	ra,0x0
			5e: R_RISCV_CALL_PLT	__muldf3
			5e: R_RISCV_RELAX	*ABS*
      62:	000080e7          	jalr	ra # 5e <operator_release+0x3e>
      66:	cc88                	sw	a0,24(s1)
      68:	cccc                	sw	a1,28(s1)

0000006a <.L9>:
      6a:	08c4ac83          	lw	s9,140(s1)
      6e:	010cdc13          	srli	s8,s9,0x10
      72:	060c0e63          	beqz	s8,ee <.L11>
			72: R_RISCV_BRANCH	.L11
      76:	c85a                	sw	s6,16(sp)
      78:	0904ab03          	lw	s6,144(s1)
      7c:	c65e                	sw	s7,12(sp)
      7e:	09c4ab83          	lw	s7,156(s1)
      82:	cc52                	sw	s4,24(sp)
      84:	ca56                	sw	s5,20(sp)
      86:	00042a03          	lw	s4,0(s0)
			86: R_RISCV_LO12_I	.LC0
			86: R_RISCV_RELAX	*ABS*
      8a:	00442a83          	lw	s5,4(s0)
			8a: R_RISCV_LO12_I	.LC0+0x4
			8a: R_RISCV_RELAX	*ABS*+0x4
      8e:	c06a                	sw	s10,0(sp)
      90:	001b0413          	addi	s0,s6,1
      94:	4d09                	li	s10,2
      96:	9b62                	add	s6,s6,s8

00000098 <.L17>:
      98:	017477b3          	and	a5,s0,s7
      9c:	8652                	mv	a2,s4
      9e:	86d6                	mv	a3,s5
      a0:	ef85                	bnez	a5,d8 <.L12>
			a0: R_RISCV_RVC_BRANCH	.L12
      a2:	0184a903          	lw	s2,24(s1)
      a6:	01c4a983          	lw	s3,28(s1)
      aa:	854a                	mv	a0,s2
      ac:	85ce                	mv	a1,s3
      ae:	00000097          	auipc	ra,0x0
			ae: R_RISCV_CALL_PLT	__ledf2
			ae: R_RISCV_RELAX	*ABS*
      b2:	000080e7          	jalr	ra # ae <.L17+0x16>
      b6:	00a04d63          	bgtz	a0,d0 <.L13>
			b6: R_RISCV_BRANCH	.L13
      ba:	58bc                	lw	a5,112(s1)
      bc:	0004ac23          	sw	zero,24(s1)
      c0:	0004ae23          	sw	zero,28(s1)
      c4:	01a79463          	bne	a5,s10,cc <.L16>
			c4: R_RISCV_BRANCH	.L16
      c8:	4795                	li	a5,5
      ca:	d8bc                	sw	a5,112(s1)

000000cc <.L16>:
      cc:	4901                	li	s2,0
      ce:	4981                	li	s3,0

000000d0 <.L13>:
      d0:	0324a023          	sw	s2,32(s1)
      d4:	0334a223          	sw	s3,36(s1)

000000d8 <.L12>:
      d8:	01640463          	beq	s0,s6,e0 <.L25>
			d8: R_RISCV_BRANCH	.L25
      dc:	0405                	addi	s0,s0,1
      de:	bf6d                	j	98 <.L17>
			de: R_RISCV_RVC_JUMP	.L17

000000e0 <.L25>:
      e0:	4a62                	lw	s4,24(sp)
      e2:	4ad2                	lw	s5,20(sp)
      e4:	4b42                	lw	s6,16(sp)
      e6:	4bb2                	lw	s7,12(sp)
      e8:	4d02                	lw	s10,0(sp)
      ea:	0884a823          	sw	s0,144(s1)

000000ee <.L11>:
      ee:	50b2                	lw	ra,44(sp)
      f0:	5422                	lw	s0,40(sp)
      f2:	0c42                	slli	s8,s8,0x10
      f4:	418c8cb3          	sub	s9,s9,s8
      f8:	0994a623          	sw	s9,140(s1)
      fc:	5902                	lw	s2,32(sp)
      fe:	5492                	lw	s1,36(sp)
     100:	49f2                	lw	s3,28(sp)
     102:	4c22                	lw	s8,8(sp)
     104:	4c92                	lw	s9,4(sp)
     106:	6145                	addi	sp,sp,48
     108:	8082                	ret

0000010a <operator_decay>:
     10a:	7139                	addi	sp,sp,-64
     10c:	d84a                	sw	s2,48(sp)
     10e:	d64e                	sw	s3,44(sp)
     110:	cc62                	sw	s8,24(sp)
     112:	01c52983          	lw	s3,28(a0)
     116:	03052c03          	lw	s8,48(a0)
     11a:	ca66                	sw	s9,20(sp)
     11c:	01852903          	lw	s2,24(a0)
     120:	03452c83          	lw	s9,52(a0)
     124:	da26                	sw	s1,52(sp)
     126:	8662                	mv	a2,s8
     128:	84aa                	mv	s1,a0
     12a:	86e6                	mv	a3,s9
     12c:	854a                	mv	a0,s2
     12e:	85ce                	mv	a1,s3
     130:	de06                	sw	ra,60(sp)
     132:	00000097          	auipc	ra,0x0
			132: R_RISCV_CALL_PLT	__gtdf2
			132: R_RISCV_RELAX	*ABS*
     136:	000080e7          	jalr	ra # 132 <operator_decay+0x28>
     13a:	00a05c63          	blez	a0,152 <.L27>
			13a: R_RISCV_BRANCH	.L27
     13e:	50a8                	lw	a0,96(s1)
     140:	50ec                	lw	a1,100(s1)
     142:	864a                	mv	a2,s2
     144:	86ce                	mv	a3,s3
     146:	00000097          	auipc	ra,0x0
			146: R_RISCV_CALL_PLT	__muldf3
			146: R_RISCV_RELAX	*ABS*
     14a:	000080e7          	jalr	ra # 146 <operator_decay+0x3c>
     14e:	cc88                	sw	a0,24(s1)
     150:	cccc                	sw	a1,28(s1)

00000152 <.L27>:
     152:	08c4a983          	lw	s3,140(s1)
     156:	0109d913          	srli	s2,s3,0x10
     15a:	08090263          	beqz	s2,1de <.L29>
			15a: R_RISCV_BRANCH	.L29
     15e:	c86a                	sw	s10,16(sp)
     160:	0904ad03          	lw	s10,144(s1)
     164:	c66e                	sw	s11,12(sp)
     166:	0984ad83          	lw	s11,152(s1)
     16a:	dc22                	sw	s0,56(sp)
     16c:	d452                	sw	s4,40(sp)
     16e:	d256                	sw	s5,36(sp)
     170:	001d0413          	addi	s0,s10,1
     174:	d05a                	sw	s6,32(sp)
     176:	ce5e                	sw	s7,28(sp)
     178:	4a91                	li	s5,4
     17a:	9d4a                	add	s10,s10,s2
     17c:	4a0d                	li	s4,3

0000017e <.L35>:
     17e:	01b477b3          	and	a5,s0,s11
     182:	8562                	mv	a0,s8
     184:	85e6                	mv	a1,s9
     186:	ef85                	bnez	a5,1be <.L30>
			186: R_RISCV_RVC_BRANCH	.L30
     188:	01c4ab03          	lw	s6,28(s1)
     18c:	0184ab83          	lw	s7,24(s1)
     190:	86da                	mv	a3,s6
     192:	865e                	mv	a2,s7
     194:	00000097          	auipc	ra,0x0
			194: R_RISCV_CALL_PLT	__gedf2
			194: R_RISCV_RELAX	*ABS*
     198:	000080e7          	jalr	ra # 194 <.L35+0x16>
     19c:	00054d63          	bltz	a0,1b6 <.L32>
			19c: R_RISCV_BRANCH	.L32
     1a0:	0884c683          	lbu	a3,136(s1)
     1a4:	c28d                	beqz	a3,1c6 <.L33>
			1a4: R_RISCV_RVC_BRANCH	.L33
     1a6:	0744a823          	sw	s4,112(s1)
     1aa:	0184ac23          	sw	s8,24(s1)
     1ae:	0194ae23          	sw	s9,28(s1)
     1b2:	8be2                	mv	s7,s8
     1b4:	8b66                	mv	s6,s9

000001b6 <.L32>:
     1b6:	0374a023          	sw	s7,32(s1)
     1ba:	0364a223          	sw	s6,36(s1)

000001be <.L30>:
     1be:	008d0763          	beq	s10,s0,1cc <.L42>
			1be: R_RISCV_BRANCH	.L42
     1c2:	0405                	addi	s0,s0,1
     1c4:	bf6d                	j	17e <.L35>
			1c4: R_RISCV_RVC_JUMP	.L35

000001c6 <.L33>:
     1c6:	0754a823          	sw	s5,112(s1)
     1ca:	b7f5                	j	1b6 <.L32>
			1ca: R_RISCV_RVC_JUMP	.L32

000001cc <.L42>:
     1cc:	09a4a823          	sw	s10,144(s1)
     1d0:	5462                	lw	s0,56(sp)
     1d2:	5a22                	lw	s4,40(sp)
     1d4:	5a92                	lw	s5,36(sp)
     1d6:	5b02                	lw	s6,32(sp)
     1d8:	4bf2                	lw	s7,28(sp)
     1da:	4d42                	lw	s10,16(sp)
     1dc:	4db2                	lw	s11,12(sp)

000001de <.L29>:
     1de:	50f2                	lw	ra,60(sp)
     1e0:	0942                	slli	s2,s2,0x10
     1e2:	412989b3          	sub	s3,s3,s2
     1e6:	0934a623          	sw	s3,140(s1)
     1ea:	5942                	lw	s2,48(sp)
     1ec:	54d2                	lw	s1,52(sp)
     1ee:	59b2                	lw	s3,44(sp)
     1f0:	4c62                	lw	s8,24(sp)
     1f2:	4cd2                	lw	s9,20(sp)
     1f4:	6121                	addi	sp,sp,64
     1f6:	8082                	ret

000001f8 <operator_attack>:
     1f8:	7179                	addi	sp,sp,-48
     1fa:	d04a                	sw	s2,32(sp)
     1fc:	ce4e                	sw	s3,28(sp)
     1fe:	01852903          	lw	s2,24(a0)
     202:	01c52983          	lw	s3,28(a0)
     206:	4d30                	lw	a2,88(a0)
     208:	4d74                	lw	a3,92(a0)
     20a:	d422                	sw	s0,40(sp)
     20c:	85ce                	mv	a1,s3
     20e:	842a                	mv	s0,a0
     210:	854a                	mv	a0,s2
     212:	d606                	sw	ra,44(sp)
     214:	ca56                	sw	s5,20(sp)
     216:	c85a                	sw	s6,16(sp)
     218:	00000097          	auipc	ra,0x0
			218: R_RISCV_CALL_PLT	__muldf3
			218: R_RISCV_RELAX	*ABS*
     21c:	000080e7          	jalr	ra # 218 <operator_attack+0x20>
     220:	4830                	lw	a2,80(s0)
     222:	4874                	lw	a3,84(s0)
     224:	00000097          	auipc	ra,0x0
			224: R_RISCV_CALL_PLT	__adddf3
			224: R_RISCV_RELAX	*ABS*
     228:	000080e7          	jalr	ra # 224 <operator_attack+0x2c>
     22c:	864a                	mv	a2,s2
     22e:	86ce                	mv	a3,s3
     230:	00000097          	auipc	ra,0x0
			230: R_RISCV_CALL_PLT	__muldf3
			230: R_RISCV_RELAX	*ABS*
     234:	000080e7          	jalr	ra # 230 <operator_attack+0x38>
     238:	4430                	lw	a2,72(s0)
     23a:	4474                	lw	a3,76(s0)
     23c:	00000097          	auipc	ra,0x0
			23c: R_RISCV_CALL_PLT	__adddf3
			23c: R_RISCV_RELAX	*ABS*
     240:	000080e7          	jalr	ra # 23c <operator_attack+0x44>
     244:	864a                	mv	a2,s2
     246:	86ce                	mv	a3,s3
     248:	00000097          	auipc	ra,0x0
			248: R_RISCV_CALL_PLT	__muldf3
			248: R_RISCV_RELAX	*ABS*
     24c:	000080e7          	jalr	ra # 248 <operator_attack+0x50>
     250:	4030                	lw	a2,64(s0)
     252:	4074                	lw	a3,68(s0)
     254:	00000097          	auipc	ra,0x0
			254: R_RISCV_CALL_PLT	__adddf3
			254: R_RISCV_RELAX	*ABS*
     258:	000080e7          	jalr	ra # 254 <operator_attack+0x5c>
     25c:	08c42b03          	lw	s6,140(s0)
     260:	cc08                	sw	a0,24(s0)
     262:	cc4c                	sw	a1,28(s0)
     264:	010b5a93          	srli	s5,s6,0x10
     268:	080a8663          	beqz	s5,2f4 <.L44>
			268: R_RISCV_BRANCH	.L44
     26c:	000007b7          	lui	a5,0x0
			26c: R_RISCV_HI20	.LC1
			26c: R_RISCV_RELAX	*ABS*
     270:	c65e                	sw	s7,12(sp)
     272:	09042b83          	lw	s7,144(s0)
     276:	c462                	sw	s8,8(sp)
     278:	0007a903          	lw	s2,0(a5) # 0 <operator_off>
			278: R_RISCV_LO12_I	.LC1
			278: R_RISCV_RELAX	*ABS*
     27c:	0047a983          	lw	s3,4(a5)
			27c: R_RISCV_LO12_I	.LC1+0x4
			27c: R_RISCV_RELAX	*ABS*+0x4
     280:	09442c03          	lw	s8,148(s0)
     284:	d226                	sw	s1,36(sp)
     286:	cc52                	sw	s4,24(sp)
     288:	001b8493          	addi	s1,s7,1
     28c:	4a05                	li	s4,1
     28e:	9bd6                	add	s7,s7,s5

00000290 <.L50>:
     290:	0184f7b3          	and	a5,s1,s8
     294:	864a                	mv	a2,s2
     296:	86ce                	mv	a3,s3
     298:	e7a1                	bnez	a5,2e0 <.L46>
			298: R_RISCV_RVC_BRANCH	.L46
     29a:	4c08                	lw	a0,24(s0)
     29c:	4c4c                	lw	a1,28(s0)
     29e:	00000097          	auipc	ra,0x0
			29e: R_RISCV_CALL_PLT	__gtdf2
			29e: R_RISCV_RELAX	*ABS*
     2a2:	000080e7          	jalr	ra # 29e <.L50+0xe>
     2a6:	00a05c63          	blez	a0,2be <.L47>
			2a6: R_RISCV_BRANCH	.L47
     2aa:	07442823          	sw	s4,112(s0)
     2ae:	01242c23          	sw	s2,24(s0)
     2b2:	01342e23          	sw	s3,28(s0)
     2b6:	03242023          	sw	s2,32(s0)
     2ba:	03342223          	sw	s3,36(s0)

000002be <.L47>:
     2be:	0a044783          	lbu	a5,160(s0)
     2c2:	0a442703          	lw	a4,164(s0)
     2c6:	0786                	slli	a5,a5,0x1
     2c8:	0ff7f793          	zext.b	a5,a5
     2cc:	0b47f7b3          	maxu	a5,a5,s4
     2d0:	0af40023          	sb	a5,160(s0)
     2d4:	8ff9                	and	a5,a5,a4
     2d6:	c789                	beqz	a5,2e0 <.L46>
			2d6: R_RISCV_RVC_BRANCH	.L46
     2d8:	4c18                	lw	a4,24(s0)
     2da:	4c5c                	lw	a5,28(s0)
     2dc:	d018                	sw	a4,32(s0)
     2de:	d05c                	sw	a5,36(s0)

000002e0 <.L46>:
     2e0:	009b8463          	beq	s7,s1,2e8 <.L60>
			2e0: R_RISCV_BRANCH	.L60
     2e4:	0485                	addi	s1,s1,1
     2e6:	b76d                	j	290 <.L50>
			2e6: R_RISCV_RVC_JUMP	.L50

000002e8 <.L60>:
     2e8:	09742823          	sw	s7,144(s0)
     2ec:	5492                	lw	s1,36(sp)
     2ee:	4a62                	lw	s4,24(sp)
     2f0:	4bb2                	lw	s7,12(sp)
     2f2:	4c22                	lw	s8,8(sp)

000002f4 <.L44>:
     2f4:	0ac2                	slli	s5,s5,0x10
     2f6:	415b0b33          	sub	s6,s6,s5
     2fa:	09642623          	sw	s6,140(s0)
     2fe:	50b2                	lw	ra,44(sp)
     300:	5422                	lw	s0,40(sp)
     302:	5902                	lw	s2,32(sp)
     304:	49f2                	lw	s3,28(sp)
     306:	4ad2                	lw	s5,20(sp)
     308:	4b42                	lw	s6,16(sp)
     30a:	6145                	addi	sp,sp,48
     30c:	8082                	ret

0000030e <operator_advance>:
     30e:	491c                	lw	a5,16(a0)
     310:	00000737          	lui	a4,0x0
			310: R_RISCV_HI20	generator_add
			310: R_RISCV_RELAX	*ABS*
     314:	4510                	lw	a2,8(a0)
     316:	02b785b3          	mul	a1,a5,a1
     31a:	08c52683          	lw	a3,140(a0)
     31e:	00072803          	lw	a6,0(a4) # 0 <operator_off>
			31e: R_RISCV_LO12_I	generator_add
			31e: R_RISCV_RELAX	*ABS*
     322:	00f60733          	add	a4,a2,a5
     326:	c550                	sw	a2,12(a0)
     328:	010687b3          	add	a5,a3,a6
     32c:	08f52623          	sw	a5,140(a0)
     330:	41f5d793          	srai	a5,a1,0x1f
     334:	0807c7b3          	zext.h	a5,a5
     338:	97ae                	add	a5,a5,a1
     33a:	87c1                	srai	a5,a5,0x10
     33c:	97ba                	add	a5,a5,a4
     33e:	c51c                	sw	a5,8(a0)
     340:	8082                	ret

00000342 <operator_advance_drums>:
     342:	00a75883          	lhu	a7,10(a4)
     346:	00a55803          	lhu	a6,10(a0)
     34a:	7179                	addi	sp,sp,-48
     34c:	d422                	sw	s0,40(sp)
     34e:	d226                	sw	s1,36(sp)
     350:	00581413          	slli	s0,a6,0x5
     354:	84aa                	mv	s1,a0
     356:	00289513          	slli	a0,a7,0x2
     35a:	01154533          	xor	a0,a0,a7
     35e:	08887813          	andi	a6,a6,136
     362:	08047413          	andi	s0,s0,128
     366:	01044433          	xor	s0,s0,a6
     36a:	02057513          	andi	a0,a0,32
     36e:	d04a                	sw	s2,32(sp)
     370:	d606                	sw	ra,44(sp)
     372:	ce3a                	sw	a4,28(sp)
     374:	cc2e                	sw	a1,24(sp)
     376:	ca32                	sw	a2,20(sp)
     378:	c836                	sw	a3,16(sp)
     37a:	c63e                	sw	a5,12(sp)
     37c:	8c49                	or	s0,s0,a0
     37e:	00000097          	auipc	ra,0x0
			37e: R_RISCV_CALL_PLT	rand
			37e: R_RISCV_RELAX	*ABS*
     382:	000080e7          	jalr	ra # 37e <operator_advance_drums+0x3c>
     386:	0104ae03          	lw	t3,16(s1)
     38a:	45e2                	lw	a1,24(sp)
     38c:	4652                	lw	a2,20(sp)
     38e:	46c2                	lw	a3,16(sp)
     390:	02be0fb3          	mul	t6,t3,a1
     394:	01062e83          	lw	t4,16(a2)
     398:	4772                	lw	a4,28(sp)
     39a:	00803433          	snez	s0,s0
     39e:	8905                	andi	a0,a0,1
     3a0:	0084a803          	lw	a6,8(s1)
     3a4:	00141913          	slli	s2,s0,0x1
     3a8:	00151593          	slli	a1,a0,0x1
     3ac:	0125c5b3          	xor	a1,a1,s2
     3b0:	03400893          	li	a7,52
     3b4:	02de82b3          	mul	t0,t4,a3
     3b8:	01072303          	lw	t1,16(a4)
     3bc:	47b2                	lw	a5,12(sp)
     3be:	0426                	slli	s0,s0,0x9
     3c0:	00b898b3          	sll	a7,a7,a1
     3c4:	000005b7          	lui	a1,0x0
			3c4: R_RISCV_HI20	generator_add
			3c4: R_RISCV_RELAX	*ABS*
     3c8:	01c80f33          	add	t5,a6,t3
     3cc:	0088e8b3          	or	a7,a7,s0
     3d0:	0005ae03          	lw	t3,0(a1) # 0 <operator_off>
			3d0: R_RISCV_LO12_I	generator_add
			3d0: R_RISCV_RELAX	*ABS*
     3d4:	41ffd593          	srai	a1,t6,0x1f
     3d8:	08c2                	slli	a7,a7,0x10
     3da:	0805c5b3          	zext.h	a1,a1
     3de:	0114a623          	sw	a7,12(s1)
     3e2:	95fe                	add	a1,a1,t6
     3e4:	02f308b3          	mul	a7,t1,a5
     3e8:	08c4af83          	lw	t6,140(s1)
     3ec:	85c1                	srai	a1,a1,0x10
     3ee:	95fa                	add	a1,a1,t5
     3f0:	c48c                	sw	a1,8(s1)
     3f2:	461c                	lw	a5,8(a2)
     3f4:	9ff2                	add	t6,t6,t3
     3f6:	41f2d693          	srai	a3,t0,0x1f
     3fa:	09f4a623          	sw	t6,140(s1)
     3fe:	0806c6b3          	zext.h	a3,a3
     402:	08c62583          	lw	a1,140(a2)
     406:	9696                	add	a3,a3,t0
     408:	9ebe                	add	t4,t4,a5
     40a:	86c1                	srai	a3,a3,0x10
     40c:	9eb6                	add	t4,t4,a3
     40e:	01d62423          	sw	t4,8(a2)
     412:	01c586b3          	add	a3,a1,t3
     416:	08d62623          	sw	a3,140(a2)
     41a:	470c                	lw	a1,8(a4)
     41c:	49885813          	bexti	a6,a6,0x18
     420:	41f8d793          	srai	a5,a7,0x1f
     424:	08c72683          	lw	a3,140(a4)
     428:	0805                	addi	a6,a6,1
     42a:	0807c7b3          	zext.h	a5,a5
     42e:	00a84833          	xor	a6,a6,a0
     432:	97c6                	add	a5,a5,a7
     434:	50b2                	lw	ra,44(sp)
     436:	5422                	lw	s0,40(sp)
     438:	0905                	addi	s2,s2,1
     43a:	0862                	slli	a6,a6,0x18
     43c:	932e                	add	t1,t1,a1
     43e:	87c1                	srai	a5,a5,0x10
     440:	01062623          	sw	a6,12(a2)
     444:	0962                	slli	s2,s2,0x18
     446:	96f2                	add	a3,a3,t3
     448:	933e                	add	t1,t1,a5
     44a:	01272623          	sw	s2,12(a4)
     44e:	08d72623          	sw	a3,140(a4)
     452:	00672423          	sw	t1,8(a4)
     456:	5492                	lw	s1,36(sp)
     458:	5902                	lw	s2,32(sp)
     45a:	6145                	addi	sp,sp,48
     45c:	8082                	ret

0000045e <operator_output>:
     45e:	5938                	lw	a4,112(a0)
     460:	4795                	li	a5,5
     462:	0af70263          	beq	a4,a5,506 <.L67>
			462: R_RISCV_BRANCH	.L67
     466:	4554                	lw	a3,12(a0)
     468:	08052703          	lw	a4,128(a0)
     46c:	5d7c                	lw	a5,124(a0)
     46e:	95b6                	add	a1,a1,a3
     470:	81c1                	srli	a1,a1,0x10
     472:	8df9                	and	a1,a1,a4
     474:	1101                	addi	sp,sp,-32
     476:	20f5a5b3          	sh1add	a1,a1,a5
     47a:	411c                	lw	a5,0(a0)
     47c:	cc22                	sw	s0,24(sp)
     47e:	842a                	mv	s0,a0
     480:	00059503          	lh	a0,0(a1)
     484:	ce06                	sw	ra,28(sp)
     486:	ca26                	sw	s1,20(sp)
     488:	c84a                	sw	s2,16(sp)
     48a:	c64e                	sw	s3,12(sp)
     48c:	c05c                	sw	a5,4(s0)
     48e:	84b2                	mv	s1,a2
     490:	00000097          	auipc	ra,0x0
			490: R_RISCV_CALL_PLT	__floatsidf
			490: R_RISCV_RELAX	*ABS*
     494:	000080e7          	jalr	ra # 490 <operator_output+0x32>
     498:	5410                	lw	a2,40(s0)
     49a:	5454                	lw	a3,44(s0)
     49c:	892a                	mv	s2,a0
     49e:	89ae                	mv	s3,a1
     4a0:	5008                	lw	a0,32(s0)
     4a2:	504c                	lw	a1,36(s0)
     4a4:	00000097          	auipc	ra,0x0
			4a4: R_RISCV_CALL_PLT	__muldf3
			4a4: R_RISCV_RELAX	*ABS*
     4a8:	000080e7          	jalr	ra # 4a4 <operator_output+0x46>
     4ac:	862a                	mv	a2,a0
     4ae:	86ae                	mv	a3,a1
     4b0:	854a                	mv	a0,s2
     4b2:	85ce                	mv	a1,s3
     4b4:	00000097          	auipc	ra,0x0
			4b4: R_RISCV_CALL_PLT	__muldf3
			4b4: R_RISCV_RELAX	*ABS*
     4b8:	000080e7          	jalr	ra # 4b4 <operator_output+0x56>
     4bc:	892a                	mv	s2,a0
     4be:	8526                	mv	a0,s1
     4c0:	89ae                	mv	s3,a1
     4c2:	00000097          	auipc	ra,0x0
			4c2: R_RISCV_CALL_PLT	__floatsidf
			4c2: R_RISCV_RELAX	*ABS*
     4c6:	000080e7          	jalr	ra # 4c2 <operator_output+0x64>
     4ca:	862a                	mv	a2,a0
     4cc:	86ae                	mv	a3,a1
     4ce:	854a                	mv	a0,s2
     4d0:	85ce                	mv	a1,s3
     4d2:	00000097          	auipc	ra,0x0
			4d2: R_RISCV_CALL_PLT	__muldf3
			4d2: R_RISCV_RELAX	*ABS*
     4d6:	000080e7          	jalr	ra # 4d2 <operator_output+0x74>
     4da:	000007b7          	lui	a5,0x0
			4da: R_RISCV_HI20	.LC2
			4da: R_RISCV_RELAX	*ABS*
     4de:	0007a603          	lw	a2,0(a5) # 0 <operator_off>
			4de: R_RISCV_LO12_I	.LC2
			4de: R_RISCV_RELAX	*ABS*
     4e2:	0047a683          	lw	a3,4(a5)
			4e2: R_RISCV_LO12_I	.LC2+0x4
			4e2: R_RISCV_RELAX	*ABS*+0x4
     4e6:	00000097          	auipc	ra,0x0
			4e6: R_RISCV_CALL_PLT	__muldf3
			4e6: R_RISCV_RELAX	*ABS*
     4ea:	000080e7          	jalr	ra # 4e6 <operator_output+0x88>
     4ee:	00000097          	auipc	ra,0x0
			4ee: R_RISCV_CALL_PLT	__fixdfsi
			4ee: R_RISCV_RELAX	*ABS*
     4f2:	000080e7          	jalr	ra # 4ee <operator_output+0x90>
     4f6:	40f2                	lw	ra,28(sp)
     4f8:	c008                	sw	a0,0(s0)
     4fa:	4462                	lw	s0,24(sp)
     4fc:	44d2                	lw	s1,20(sp)
     4fe:	4942                	lw	s2,16(sp)
     500:	49b2                	lw	s3,12(sp)
     502:	6105                	addi	sp,sp,32
     504:	8082                	ret

00000506 <.L67>:
     506:	8082                	ret

00000508 <change_attackrate>:
     508:	000007b7          	lui	a5,0x0
			508: R_RISCV_HI20	.LANCHOR0
			508: R_RISCV_RELAX	*ABS*
     50c:	00078793          	mv	a5,a5
			50c: R_RISCV_LO12_I	.LANCHOR0
			50c: R_RISCV_RELAX	*ABS*
     510:	97aa                	add	a5,a5,a0
     512:	0607c783          	lbu	a5,96(a5) # 60 <operator_release+0x40>
     516:	8391                	srli	a5,a5,0x4
     518:	eb95                	bnez	a5,54c <.L80>
			518: R_RISCV_RVC_BRANCH	.L80
     51a:	000007b7          	lui	a5,0x0
			51a: R_RISCV_HI20	.LC1
			51a: R_RISCV_RELAX	*ABS*
     51e:	0007a703          	lw	a4,0(a5) # 0 <operator_off>
			51e: R_RISCV_LO12_I	.LC1
			51e: R_RISCV_RELAX	*ABS*
     522:	0047a783          	lw	a5,4(a5)
			522: R_RISCV_LO12_I	.LC1+0x4
			522: R_RISCV_RELAX	*ABS*+0x4
     526:	0405a023          	sw	zero,64(a1)
     52a:	0405a223          	sw	zero,68(a1)
     52e:	0405a823          	sw	zero,80(a1)
     532:	0405aa23          	sw	zero,84(a1)
     536:	0405ac23          	sw	zero,88(a1)
     53a:	0405ae23          	sw	zero,92(a1)
     53e:	0805aa23          	sw	zero,148(a1)
     542:	0a05a223          	sw	zero,164(a1)
     546:	c5b8                	sw	a4,72(a1)
     548:	c5fc                	sw	a5,76(a1)
     54a:	8082                	ret

0000054c <.L80>:
     54c:	59f8                	lw	a4,116(a1)
     54e:	1101                	addi	sp,sp,-32
     550:	c63e                	sw	a5,12(sp)
     552:	00275513          	srli	a0,a4,0x2
     556:	ce06                	sw	ra,28(sp)
     558:	c43a                	sw	a4,8(sp)
     55a:	cc22                	sw	s0,24(sp)
     55c:	ca4a                	sw	s2,20(sp)
     55e:	842e                	mv	s0,a1
     560:	c84e                	sw	s3,16(sp)
     562:	00000097          	auipc	ra,0x0
			562: R_RISCV_CALL_PLT	__floatunsidf
			562: R_RISCV_RELAX	*ABS*
     566:	000080e7          	jalr	ra # 562 <.L80+0x16>
     56a:	892a                	mv	s2,a0
     56c:	4532                	lw	a0,12(sp)
     56e:	89ae                	mv	s3,a1
     570:	00000097          	auipc	ra,0x0
			570: R_RISCV_CALL_PLT	__floatsidf
			570: R_RISCV_RELAX	*ABS*
     574:	000080e7          	jalr	ra # 570 <.L80+0x24>
     578:	862a                	mv	a2,a0
     57a:	86ae                	mv	a3,a1
     57c:	854a                	mv	a0,s2
     57e:	85ce                	mv	a1,s3
     580:	00000097          	auipc	ra,0x0
			580: R_RISCV_CALL_PLT	__adddf3
			580: R_RISCV_RELAX	*ABS*
     584:	000080e7          	jalr	ra # 580 <.L80+0x34>
     588:	00000337          	lui	t1,0x0
			588: R_RISCV_HI20	.LC1
			588: R_RISCV_RELAX	*ABS*
     58c:	00032603          	lw	a2,0(t1) # 0 <operator_off>
			58c: R_RISCV_LO12_I	.LC1
			58c: R_RISCV_RELAX	*ABS*
     590:	00432683          	lw	a3,4(t1)
			590: R_RISCV_LO12_I	.LC1+0x4
			590: R_RISCV_RELAX	*ABS*+0x4
     594:	00000097          	auipc	ra,0x0
			594: R_RISCV_CALL_PLT	__subdf3
			594: R_RISCV_RELAX	*ABS*
     598:	000080e7          	jalr	ra # 594 <.L80+0x48>
     59c:	86ae                	mv	a3,a1
     59e:	000005b7          	lui	a1,0x0
			59e: R_RISCV_HI20	.LC3
			59e: R_RISCV_RELAX	*ABS*
     5a2:	0005a803          	lw	a6,0(a1) # 0 <operator_off>
			5a2: R_RISCV_LO12_I	.LC3
			5a2: R_RISCV_RELAX	*ABS*
     5a6:	0045a883          	lw	a7,4(a1)
			5a6: R_RISCV_LO12_I	.LC3+0x4
			5a6: R_RISCV_RELAX	*ABS*+0x4
     5aa:	862a                	mv	a2,a0
     5ac:	8542                	mv	a0,a6
     5ae:	85c6                	mv	a1,a7
     5b0:	00000097          	auipc	ra,0x0
			5b0: R_RISCV_CALL_PLT	pow
			5b0: R_RISCV_RELAX	*ABS*
     5b4:	000080e7          	jalr	ra # 5b0 <.L80+0x64>
     5b8:	4722                	lw	a4,8(sp)
     5ba:	00000637          	lui	a2,0x0
			5ba: R_RISCV_HI20	.LANCHOR1
			5ba: R_RISCV_RELAX	*ABS*
     5be:	00060613          	mv	a2,a2
			5be: R_RISCV_LO12_I	.LANCHOR1
			5be: R_RISCV_RELAX	*ABS*
     5c2:	00377693          	andi	a3,a4,3
     5c6:	20c6e6b3          	sh3add	a3,a3,a2
     5ca:	4290                	lw	a2,0(a3)
     5cc:	42d4                	lw	a3,4(a3)
     5ce:	00000097          	auipc	ra,0x0
			5ce: R_RISCV_CALL_PLT	__muldf3
			5ce: R_RISCV_RELAX	*ABS*
     5d2:	000080e7          	jalr	ra # 5ce <.L80+0x82>
     5d6:	000006b7          	lui	a3,0x0
			5d6: R_RISCV_HI20	recipsamp
			5d6: R_RISCV_RELAX	*ABS*
     5da:	0006a603          	lw	a2,0(a3) # 0 <operator_off>
			5da: R_RISCV_LO12_I	recipsamp
			5da: R_RISCV_RELAX	*ABS*
     5de:	0046a683          	lw	a3,4(a3)
			5de: R_RISCV_LO12_I	recipsamp+0x4
			5de: R_RISCV_RELAX	*ABS*+0x4
     5e2:	00000097          	auipc	ra,0x0
			5e2: R_RISCV_CALL_PLT	__muldf3
			5e2: R_RISCV_RELAX	*ABS*
     5e6:	000080e7          	jalr	ra # 5e2 <.L80+0x96>
     5ea:	000006b7          	lui	a3,0x0
			5ea: R_RISCV_HI20	.LC4
			5ea: R_RISCV_RELAX	*ABS*
     5ee:	0006a603          	lw	a2,0(a3) # 0 <operator_off>
			5ee: R_RISCV_LO12_I	.LC4
			5ee: R_RISCV_RELAX	*ABS*
     5f2:	0046a683          	lw	a3,4(a3)
			5f2: R_RISCV_LO12_I	.LC4+0x4
			5f2: R_RISCV_RELAX	*ABS*+0x4
     5f6:	892a                	mv	s2,a0
     5f8:	89ae                	mv	s3,a1
     5fa:	00000097          	auipc	ra,0x0
			5fa: R_RISCV_CALL_PLT	__muldf3
			5fa: R_RISCV_RELAX	*ABS*
     5fe:	000080e7          	jalr	ra # 5fa <.L80+0xae>
     602:	000006b7          	lui	a3,0x0
			602: R_RISCV_HI20	.LC5
			602: R_RISCV_RELAX	*ABS*
     606:	0006a603          	lw	a2,0(a3) # 0 <operator_off>
			606: R_RISCV_LO12_I	.LC5
			606: R_RISCV_RELAX	*ABS*
     60a:	0046a683          	lw	a3,4(a3)
			60a: R_RISCV_LO12_I	.LC5+0x4
			60a: R_RISCV_RELAX	*ABS*+0x4
     60e:	c028                	sw	a0,64(s0)
     610:	c06c                	sw	a1,68(s0)
     612:	854a                	mv	a0,s2
     614:	85ce                	mv	a1,s3
     616:	00000097          	auipc	ra,0x0
			616: R_RISCV_CALL_PLT	__muldf3
			616: R_RISCV_RELAX	*ABS*
     61a:	000080e7          	jalr	ra # 616 <.L80+0xca>
     61e:	00000337          	lui	t1,0x0
			61e: R_RISCV_HI20	.LC1
			61e: R_RISCV_RELAX	*ABS*
     622:	00032603          	lw	a2,0(t1) # 0 <operator_off>
			622: R_RISCV_LO12_I	.LC1
			622: R_RISCV_RELAX	*ABS*
     626:	00432683          	lw	a3,4(t1)
			626: R_RISCV_LO12_I	.LC1+0x4
			626: R_RISCV_RELAX	*ABS*+0x4
     62a:	00000097          	auipc	ra,0x0
			62a: R_RISCV_CALL_PLT	__adddf3
			62a: R_RISCV_RELAX	*ABS*
     62e:	000080e7          	jalr	ra # 62a <.L80+0xde>
     632:	000006b7          	lui	a3,0x0
			632: R_RISCV_HI20	.LC6
			632: R_RISCV_RELAX	*ABS*
     636:	0006a603          	lw	a2,0(a3) # 0 <operator_off>
			636: R_RISCV_LO12_I	.LC6
			636: R_RISCV_RELAX	*ABS*
     63a:	0046a683          	lw	a3,4(a3)
			63a: R_RISCV_LO12_I	.LC6+0x4
			63a: R_RISCV_RELAX	*ABS*+0x4
     63e:	c428                	sw	a0,72(s0)
     640:	c46c                	sw	a1,76(s0)
     642:	854a                	mv	a0,s2
     644:	85ce                	mv	a1,s3
     646:	00000097          	auipc	ra,0x0
			646: R_RISCV_CALL_PLT	__muldf3
			646: R_RISCV_RELAX	*ABS*
     64a:	000080e7          	jalr	ra # 646 <.L80+0xfa>
     64e:	000006b7          	lui	a3,0x0
			64e: R_RISCV_HI20	.LC7
			64e: R_RISCV_RELAX	*ABS*
     652:	0006a603          	lw	a2,0(a3) # 0 <operator_off>
			652: R_RISCV_LO12_I	.LC7
			652: R_RISCV_RELAX	*ABS*
     656:	0046a683          	lw	a3,4(a3)
			656: R_RISCV_LO12_I	.LC7+0x4
			656: R_RISCV_RELAX	*ABS*+0x4
     65a:	832a                	mv	t1,a0
     65c:	83ae                	mv	t2,a1
     65e:	854a                	mv	a0,s2
     660:	85ce                	mv	a1,s3
     662:	04642823          	sw	t1,80(s0)
     666:	04742a23          	sw	t2,84(s0)
     66a:	00000097          	auipc	ra,0x0
			66a: R_RISCV_CALL_PLT	__muldf3
			66a: R_RISCV_RELAX	*ABS*
     66e:	000080e7          	jalr	ra # 66a <.L80+0x11e>
     672:	4722                	lw	a4,8(sp)
     674:	47b2                	lw	a5,12(sp)
     676:	cc28                	sw	a0,88(s0)
     678:	cc6c                	sw	a1,92(s0)
     67a:	20e7c7b3          	sh2add	a5,a5,a4
     67e:	4027d693          	srai	a3,a5,0x2
     682:	4731                	li	a4,12
     684:	04d75863          	bge	a4,a3,6d4 <.L72>
			684: R_RISCV_BRANCH	.L72
     688:	0ff00713          	li	a4,255
     68c:	000006b7          	lui	a3,0x0
			68c: R_RISCV_HI20	.LC3
			68c: R_RISCV_RELAX	*ABS*
     690:	0ae42223          	sw	a4,164(s0)
     694:	08042a23          	sw	zero,148(s0)
     698:	03d00713          	li	a4,61
     69c:	0006a803          	lw	a6,0(a3) # 0 <operator_off>
			69c: R_RISCV_LO12_I	.LC3
			69c: R_RISCV_RELAX	*ABS*
     6a0:	0046a883          	lw	a7,4(a3)
			6a0: R_RISCV_LO12_I	.LC3+0x4
			6a0: R_RISCV_RELAX	*ABS*+0x4
     6a4:	02f75263          	bge	a4,a5,6c8 <.L70>
			6a4: R_RISCV_BRANCH	.L70
     6a8:	05042023          	sw	a6,64(s0)
     6ac:	05142223          	sw	a7,68(s0)
     6b0:	04042423          	sw	zero,72(s0)
     6b4:	04042623          	sw	zero,76(s0)
     6b8:	04042823          	sw	zero,80(s0)
     6bc:	04042a23          	sw	zero,84(s0)
     6c0:	04042c23          	sw	zero,88(s0)
     6c4:	04042e23          	sw	zero,92(s0)

000006c8 <.L70>:
     6c8:	40f2                	lw	ra,28(sp)
     6ca:	4462                	lw	s0,24(sp)
     6cc:	4952                	lw	s2,20(sp)
     6ce:	49c2                	lw	s3,16(sp)
     6d0:	6105                	addi	sp,sp,32
     6d2:	8082                	ret

000006d4 <.L72>:
     6d4:	8f15                	sub	a4,a4,a3
     6d6:	28e01733          	bset	a4,zero,a4
     6da:	177d                	addi	a4,a4,-1
     6dc:	08e42a23          	sw	a4,148(s0)
     6e0:	03000713          	li	a4,48
     6e4:	00f74e63          	blt	a4,a5,700 <.L75>
			6e4: R_RISCV_BRANCH	.L75
     6e8:	00000737          	lui	a4,0x0
			6e8: R_RISCV_HI20	step_skip_mask.1
			6e8: R_RISCV_RELAX	*ABS*
     6ec:	8b8d                	andi	a5,a5,3
     6ee:	00070713          	mv	a4,a4
			6ee: R_RISCV_LO12_I	step_skip_mask.1
			6ee: R_RISCV_RELAX	*ABS*
     6f2:	40f707b3          	sub	a5,a4,a5
     6f6:	0047c783          	lbu	a5,4(a5)
     6fa:	0af42223          	sw	a5,164(s0)
     6fe:	b7e9                	j	6c8 <.L70>
			6fe: R_RISCV_RVC_JUMP	.L70

00000700 <.L75>:
     700:	0ff00793          	li	a5,255
     704:	0af42223          	sw	a5,164(s0)
     708:	b7c1                	j	6c8 <.L70>
			708: R_RISCV_RVC_JUMP	.L70

0000070a <change_decayrate>:
     70a:	000007b7          	lui	a5,0x0
			70a: R_RISCV_HI20	.LANCHOR0
			70a: R_RISCV_RELAX	*ABS*
     70e:	00078793          	mv	a5,a5
			70e: R_RISCV_LO12_I	.LANCHOR0
			70e: R_RISCV_RELAX	*ABS*
     712:	97aa                	add	a5,a5,a0
     714:	0607c783          	lbu	a5,96(a5) # 60 <operator_release+0x40>
     718:	882e                	mv	a6,a1
     71a:	8bbd                	andi	a5,a5,15
     71c:	ef99                	bnez	a5,73a <.L90>
			71c: R_RISCV_RVC_BRANCH	.L90
     71e:	000007b7          	lui	a5,0x0
			71e: R_RISCV_HI20	.LC1
			71e: R_RISCV_RELAX	*ABS*
     722:	0007a503          	lw	a0,0(a5) # 0 <operator_off>
			722: R_RISCV_LO12_I	.LC1
			722: R_RISCV_RELAX	*ABS*
     726:	0047a583          	lw	a1,4(a5)
			726: R_RISCV_LO12_I	.LC1+0x4
			726: R_RISCV_RELAX	*ABS*+0x4
     72a:	4681                	li	a3,0
     72c:	06a82023          	sw	a0,96(a6)
     730:	06b82223          	sw	a1,100(a6)
     734:	08d82c23          	sw	a3,152(a6)
     738:	8082                	ret

0000073a <.L90>:
     73a:	59f8                	lw	a4,116(a1)
     73c:	00000637          	lui	a2,0x0
			73c: R_RISCV_HI20	.LANCHOR1
			73c: R_RISCV_RELAX	*ABS*
     740:	00060613          	mv	a2,a2
			740: R_RISCV_LO12_I	.LANCHOR1
			740: R_RISCV_RELAX	*ABS*
     744:	00377693          	andi	a3,a4,3
     748:	1101                	addi	sp,sp,-32
     74a:	20c6e6b3          	sh3add	a3,a3,a2
     74e:	00000637          	lui	a2,0x0
			74e: R_RISCV_HI20	.LC8
			74e: R_RISCV_RELAX	*ABS*
     752:	5288                	lw	a0,32(a3)
     754:	c42e                	sw	a1,8(sp)
     756:	52cc                	lw	a1,36(a3)
     758:	00462683          	lw	a3,4(a2) # 4 <operator_sustain+0x2>
			758: R_RISCV_LO12_I	.LC8+0x4
			758: R_RISCV_RELAX	*ABS*+0x4
     75c:	00062603          	lw	a2,0(a2)
			75c: R_RISCV_LO12_I	.LC8
			75c: R_RISCV_RELAX	*ABS*
     760:	ce06                	sw	ra,28(sp)
     762:	c63e                	sw	a5,12(sp)
     764:	c03a                	sw	a4,0(sp)
     766:	cc22                	sw	s0,24(sp)
     768:	ca26                	sw	s1,20(sp)
     76a:	00000097          	auipc	ra,0x0
			76a: R_RISCV_CALL_PLT	__muldf3
			76a: R_RISCV_RELAX	*ABS*
     76e:	000080e7          	jalr	ra # 76a <.L90+0x30>
     772:	000006b7          	lui	a3,0x0
			772: R_RISCV_HI20	recipsamp
			772: R_RISCV_RELAX	*ABS*
     776:	0006a603          	lw	a2,0(a3) # 0 <operator_off>
			776: R_RISCV_LO12_I	recipsamp
			776: R_RISCV_RELAX	*ABS*
     77a:	0046a683          	lw	a3,4(a3)
			77a: R_RISCV_LO12_I	recipsamp+0x4
			77a: R_RISCV_RELAX	*ABS*+0x4
     77e:	00000097          	auipc	ra,0x0
			77e: R_RISCV_CALL_PLT	__muldf3
			77e: R_RISCV_RELAX	*ABS*
     782:	000080e7          	jalr	ra # 77e <.L90+0x44>
     786:	4702                	lw	a4,0(sp)
     788:	47b2                	lw	a5,12(sp)
     78a:	842a                	mv	s0,a0
     78c:	00275513          	srli	a0,a4,0x2
     790:	953e                	add	a0,a0,a5
     792:	c23a                	sw	a4,4(sp)
     794:	c03e                	sw	a5,0(sp)
     796:	84ae                	mv	s1,a1
     798:	00000097          	auipc	ra,0x0
			798: R_RISCV_CALL_PLT	__floatunsidf
			798: R_RISCV_RELAX	*ABS*
     79c:	000080e7          	jalr	ra # 798 <.L90+0x5e>
     7a0:	86ae                	mv	a3,a1
     7a2:	000005b7          	lui	a1,0x0
			7a2: R_RISCV_HI20	.LC3
			7a2: R_RISCV_RELAX	*ABS*
     7a6:	0005a303          	lw	t1,0(a1) # 0 <operator_off>
			7a6: R_RISCV_LO12_I	.LC3
			7a6: R_RISCV_RELAX	*ABS*
     7aa:	0045a383          	lw	t2,4(a1)
			7aa: R_RISCV_LO12_I	.LC3+0x4
			7aa: R_RISCV_RELAX	*ABS*+0x4
     7ae:	862a                	mv	a2,a0
     7b0:	851a                	mv	a0,t1
     7b2:	859e                	mv	a1,t2
     7b4:	00000097          	auipc	ra,0x0
			7b4: R_RISCV_CALL_PLT	pow
			7b4: R_RISCV_RELAX	*ABS*
     7b8:	000080e7          	jalr	ra # 7b4 <.L90+0x7a>
     7bc:	8622                	mv	a2,s0
     7be:	86a6                	mv	a3,s1
     7c0:	00000097          	auipc	ra,0x0
			7c0: R_RISCV_CALL_PLT	__muldf3
			7c0: R_RISCV_RELAX	*ABS*
     7c4:	000080e7          	jalr	ra # 7c0 <.L90+0x86>
     7c8:	000007b7          	lui	a5,0x0
			7c8: R_RISCV_HI20	.LC3
			7c8: R_RISCV_RELAX	*ABS*
     7cc:	0007a303          	lw	t1,0(a5) # 0 <operator_off>
			7cc: R_RISCV_LO12_I	.LC3
			7cc: R_RISCV_RELAX	*ABS*
     7d0:	0047a383          	lw	t2,4(a5)
			7d0: R_RISCV_LO12_I	.LC3+0x4
			7d0: R_RISCV_RELAX	*ABS*+0x4
     7d4:	86ae                	mv	a3,a1
     7d6:	862a                	mv	a2,a0
     7d8:	859e                	mv	a1,t2
     7da:	851a                	mv	a0,t1
     7dc:	00000097          	auipc	ra,0x0
			7dc: R_RISCV_CALL_PLT	pow
			7dc: R_RISCV_RELAX	*ABS*
     7e0:	000080e7          	jalr	ra # 7dc <.L90+0xa2>
     7e4:	4712                	lw	a4,4(sp)
     7e6:	4782                	lw	a5,0(sp)
     7e8:	4822                	lw	a6,8(sp)
     7ea:	4681                	li	a3,0
     7ec:	20e7c7b3          	sh2add	a5,a5,a4
     7f0:	8389                	srli	a5,a5,0x2
     7f2:	4731                	li	a4,12
     7f4:	00f76763          	bltu	a4,a5,802 <.L82>
			7f4: R_RISCV_BRANCH	.L82
     7f8:	8f1d                	sub	a4,a4,a5
     7fa:	28e01733          	bset	a4,zero,a4
     7fe:	fff70693          	addi	a3,a4,-1 # ffffffff <op+0xffffc41f>

00000802 <.L82>:
     802:	40f2                	lw	ra,28(sp)
     804:	4462                	lw	s0,24(sp)
     806:	06a82023          	sw	a0,96(a6)
     80a:	06b82223          	sw	a1,100(a6)
     80e:	08d82c23          	sw	a3,152(a6)
     812:	44d2                	lw	s1,20(sp)
     814:	6105                	addi	sp,sp,32
     816:	8082                	ret

00000818 <change_releaserate>:
     818:	000007b7          	lui	a5,0x0
			818: R_RISCV_HI20	.LANCHOR0
			818: R_RISCV_RELAX	*ABS*
     81c:	00078793          	mv	a5,a5
			81c: R_RISCV_LO12_I	.LANCHOR0
			81c: R_RISCV_RELAX	*ABS*
     820:	97aa                	add	a5,a5,a0
     822:	0807c783          	lbu	a5,128(a5) # 80 <.L9+0x16>
     826:	882e                	mv	a6,a1
     828:	8bbd                	andi	a5,a5,15
     82a:	ef99                	bnez	a5,848 <.L100>
			82a: R_RISCV_RVC_BRANCH	.L100
     82c:	000007b7          	lui	a5,0x0
			82c: R_RISCV_HI20	.LC1
			82c: R_RISCV_RELAX	*ABS*
     830:	0007a503          	lw	a0,0(a5) # 0 <operator_off>
			830: R_RISCV_LO12_I	.LC1
			830: R_RISCV_RELAX	*ABS*
     834:	0047a583          	lw	a1,4(a5)
			834: R_RISCV_LO12_I	.LC1+0x4
			834: R_RISCV_RELAX	*ABS*+0x4
     838:	4681                	li	a3,0
     83a:	06a82423          	sw	a0,104(a6)
     83e:	06b82623          	sw	a1,108(a6)
     842:	08d82e23          	sw	a3,156(a6)
     846:	8082                	ret

00000848 <.L100>:
     848:	59f8                	lw	a4,116(a1)
     84a:	00000637          	lui	a2,0x0
			84a: R_RISCV_HI20	.LANCHOR1
			84a: R_RISCV_RELAX	*ABS*
     84e:	00060613          	mv	a2,a2
			84e: R_RISCV_LO12_I	.LANCHOR1
			84e: R_RISCV_RELAX	*ABS*
     852:	00377693          	andi	a3,a4,3
     856:	1101                	addi	sp,sp,-32
     858:	20c6e6b3          	sh3add	a3,a3,a2
     85c:	00000637          	lui	a2,0x0
			85c: R_RISCV_HI20	.LC8
			85c: R_RISCV_RELAX	*ABS*
     860:	5288                	lw	a0,32(a3)
     862:	c42e                	sw	a1,8(sp)
     864:	52cc                	lw	a1,36(a3)
     866:	00462683          	lw	a3,4(a2) # 4 <operator_sustain+0x2>
			866: R_RISCV_LO12_I	.LC8+0x4
			866: R_RISCV_RELAX	*ABS*+0x4
     86a:	00062603          	lw	a2,0(a2)
			86a: R_RISCV_LO12_I	.LC8
			86a: R_RISCV_RELAX	*ABS*
     86e:	ce06                	sw	ra,28(sp)
     870:	c63e                	sw	a5,12(sp)
     872:	c03a                	sw	a4,0(sp)
     874:	cc22                	sw	s0,24(sp)
     876:	ca26                	sw	s1,20(sp)
     878:	00000097          	auipc	ra,0x0
			878: R_RISCV_CALL_PLT	__muldf3
			878: R_RISCV_RELAX	*ABS*
     87c:	000080e7          	jalr	ra # 878 <.L100+0x30>
     880:	000006b7          	lui	a3,0x0
			880: R_RISCV_HI20	recipsamp
			880: R_RISCV_RELAX	*ABS*
     884:	0006a603          	lw	a2,0(a3) # 0 <operator_off>
			884: R_RISCV_LO12_I	recipsamp
			884: R_RISCV_RELAX	*ABS*
     888:	0046a683          	lw	a3,4(a3)
			888: R_RISCV_LO12_I	recipsamp+0x4
			888: R_RISCV_RELAX	*ABS*+0x4
     88c:	00000097          	auipc	ra,0x0
			88c: R_RISCV_CALL_PLT	__muldf3
			88c: R_RISCV_RELAX	*ABS*
     890:	000080e7          	jalr	ra # 88c <.L100+0x44>
     894:	4702                	lw	a4,0(sp)
     896:	47b2                	lw	a5,12(sp)
     898:	842a                	mv	s0,a0
     89a:	00275513          	srli	a0,a4,0x2
     89e:	953e                	add	a0,a0,a5
     8a0:	c23a                	sw	a4,4(sp)
     8a2:	c03e                	sw	a5,0(sp)
     8a4:	84ae                	mv	s1,a1
     8a6:	00000097          	auipc	ra,0x0
			8a6: R_RISCV_CALL_PLT	__floatunsidf
			8a6: R_RISCV_RELAX	*ABS*
     8aa:	000080e7          	jalr	ra # 8a6 <.L100+0x5e>
     8ae:	86ae                	mv	a3,a1
     8b0:	000005b7          	lui	a1,0x0
			8b0: R_RISCV_HI20	.LC3
			8b0: R_RISCV_RELAX	*ABS*
     8b4:	0005a303          	lw	t1,0(a1) # 0 <operator_off>
			8b4: R_RISCV_LO12_I	.LC3
			8b4: R_RISCV_RELAX	*ABS*
     8b8:	0045a383          	lw	t2,4(a1)
			8b8: R_RISCV_LO12_I	.LC3+0x4
			8b8: R_RISCV_RELAX	*ABS*+0x4
     8bc:	862a                	mv	a2,a0
     8be:	851a                	mv	a0,t1
     8c0:	859e                	mv	a1,t2
     8c2:	00000097          	auipc	ra,0x0
			8c2: R_RISCV_CALL_PLT	pow
			8c2: R_RISCV_RELAX	*ABS*
     8c6:	000080e7          	jalr	ra # 8c2 <.L100+0x7a>
     8ca:	8622                	mv	a2,s0
     8cc:	86a6                	mv	a3,s1
     8ce:	00000097          	auipc	ra,0x0
			8ce: R_RISCV_CALL_PLT	__muldf3
			8ce: R_RISCV_RELAX	*ABS*
     8d2:	000080e7          	jalr	ra # 8ce <.L100+0x86>
     8d6:	000007b7          	lui	a5,0x0
			8d6: R_RISCV_HI20	.LC3
			8d6: R_RISCV_RELAX	*ABS*
     8da:	0007a303          	lw	t1,0(a5) # 0 <operator_off>
			8da: R_RISCV_LO12_I	.LC3
			8da: R_RISCV_RELAX	*ABS*
     8de:	0047a383          	lw	t2,4(a5)
			8de: R_RISCV_LO12_I	.LC3+0x4
			8de: R_RISCV_RELAX	*ABS*+0x4
     8e2:	86ae                	mv	a3,a1
     8e4:	862a                	mv	a2,a0
     8e6:	859e                	mv	a1,t2
     8e8:	851a                	mv	a0,t1
     8ea:	00000097          	auipc	ra,0x0
			8ea: R_RISCV_CALL_PLT	pow
			8ea: R_RISCV_RELAX	*ABS*
     8ee:	000080e7          	jalr	ra # 8ea <.L100+0xa2>
     8f2:	4712                	lw	a4,4(sp)
     8f4:	4782                	lw	a5,0(sp)
     8f6:	4822                	lw	a6,8(sp)
     8f8:	4681                	li	a3,0
     8fa:	20e7c7b3          	sh2add	a5,a5,a4
     8fe:	8389                	srli	a5,a5,0x2
     900:	4731                	li	a4,12
     902:	00f76763          	bltu	a4,a5,910 <.L92>
			902: R_RISCV_BRANCH	.L92
     906:	8f1d                	sub	a4,a4,a5
     908:	28e01733          	bset	a4,zero,a4
     90c:	fff70693          	addi	a3,a4,-1

00000910 <.L92>:
     910:	40f2                	lw	ra,28(sp)
     912:	4462                	lw	s0,24(sp)
     914:	06a82423          	sw	a0,104(a6)
     918:	06b82623          	sw	a1,108(a6)
     91c:	08d82e23          	sw	a3,156(a6)
     920:	44d2                	lw	s1,20(sp)
     922:	6105                	addi	sp,sp,32
     924:	8082                	ret

00000926 <change_sustainlevel>:
     926:	000007b7          	lui	a5,0x0
			926: R_RISCV_HI20	.LANCHOR0
			926: R_RISCV_RELAX	*ABS*
     92a:	00078793          	mv	a5,a5
			92a: R_RISCV_LO12_I	.LANCHOR0
			92a: R_RISCV_RELAX	*ABS*
     92e:	97aa                	add	a5,a5,a0
     930:	0807c503          	lbu	a0,128(a5) # 80 <.L9+0x16>
     934:	47bd                	li	a5,15
     936:	882e                	mv	a6,a1
     938:	8111                	srli	a0,a0,0x4
     93a:	00f51963          	bne	a0,a5,94c <.L109>
			93a: R_RISCV_BRANCH	.L109
     93e:	4681                	li	a3,0
     940:	4581                	li	a1,0
     942:	02d82823          	sw	a3,48(a6)
     946:	02b82a23          	sw	a1,52(a6)
     94a:	8082                	ret

0000094c <.L109>:
     94c:	1101                	addi	sp,sp,-32
     94e:	ce06                	sw	ra,28(sp)
     950:	c62e                	sw	a1,12(sp)
     952:	00000097          	auipc	ra,0x0
			952: R_RISCV_CALL_PLT	__floatsidf
			952: R_RISCV_RELAX	*ABS*
     956:	000080e7          	jalr	ra # 952 <.L109+0x6>
     95a:	000007b7          	lui	a5,0x0
			95a: R_RISCV_HI20	.LC9
			95a: R_RISCV_RELAX	*ABS*
     95e:	0007a603          	lw	a2,0(a5) # 0 <operator_off>
			95e: R_RISCV_LO12_I	.LC9
			95e: R_RISCV_RELAX	*ABS*
     962:	0047a683          	lw	a3,4(a5)
			962: R_RISCV_LO12_I	.LC9+0x4
			962: R_RISCV_RELAX	*ABS*+0x4
     966:	00000097          	auipc	ra,0x0
			966: R_RISCV_CALL_PLT	__muldf3
			966: R_RISCV_RELAX	*ABS*
     96a:	000080e7          	jalr	ra # 966 <.L109+0x1a>
     96e:	000007b7          	lui	a5,0x0
			96e: R_RISCV_HI20	.LC3
			96e: R_RISCV_RELAX	*ABS*
     972:	862a                	mv	a2,a0
     974:	86ae                	mv	a3,a1
     976:	0007a503          	lw	a0,0(a5) # 0 <operator_off>
			976: R_RISCV_LO12_I	.LC3
			976: R_RISCV_RELAX	*ABS*
     97a:	0047a583          	lw	a1,4(a5)
			97a: R_RISCV_LO12_I	.LC3+0x4
			97a: R_RISCV_RELAX	*ABS*+0x4
     97e:	00000097          	auipc	ra,0x0
			97e: R_RISCV_CALL_PLT	pow
			97e: R_RISCV_RELAX	*ABS*
     982:	000080e7          	jalr	ra # 97e <.L109+0x32>
     986:	4832                	lw	a6,12(sp)
     988:	40f2                	lw	ra,28(sp)
     98a:	02a82823          	sw	a0,48(a6)
     98e:	02b82a23          	sw	a1,52(a6)
     992:	6105                	addi	sp,sp,32
     994:	8082                	ret

00000996 <change_waveform>:
     996:	000007b7          	lui	a5,0x0
			996: R_RISCV_HI20	.LANCHOR0
			996: R_RISCV_RELAX	*ABS*
     99a:	00078793          	mv	a5,a5
			99a: R_RISCV_LO12_I	.LANCHOR0
			99a: R_RISCV_RELAX	*ABS*
     99e:	97aa                	add	a5,a5,a0
     9a0:	1007c783          	lbu	a5,256(a5) # 100 <.L11+0x12>
     9a4:	00000737          	lui	a4,0x0
			9a4: R_RISCV_HI20	.LANCHOR1
			9a4: R_RISCV_RELAX	*ABS*
     9a8:	00070713          	mv	a4,a4
			9a8: R_RISCV_LO12_I	.LANCHOR1
			9a8: R_RISCV_RELAX	*ABS*
     9ac:	20e7c7b3          	sh2add	a5,a5,a4
     9b0:	53b8                	lw	a4,96(a5)
     9b2:	43b4                	lw	a3,64(a5)
     9b4:	000007b7          	lui	a5,0x0
			9b4: R_RISCV_HI20	wavtable
			9b4: R_RISCV_RELAX	*ABS*
     9b8:	00078793          	mv	a5,a5
			9b8: R_RISCV_LO12_I	wavtable
			9b8: R_RISCV_RELAX	*ABS*
     9bc:	20f72733          	sh1add	a4,a4,a5
     9c0:	08d5a023          	sw	a3,128(a1)
     9c4:	ddf8                	sw	a4,124(a1)
     9c6:	8082                	ret

000009c8 <change_keepsustain>:
     9c8:	000007b7          	lui	a5,0x0
			9c8: R_RISCV_HI20	.LANCHOR0
			9c8: R_RISCV_RELAX	*ABS*
     9cc:	00078793          	mv	a5,a5
			9cc: R_RISCV_LO12_I	.LANCHOR0
			9cc: R_RISCV_RELAX	*ABS*
     9d0:	97aa                	add	a5,a5,a0
     9d2:	0207c783          	lbu	a5,32(a5) # 20 <operator_release>
     9d6:	59b8                	lw	a4,112(a1)
     9d8:	460d                	li	a2,3
     9da:	4857d693          	bexti	a3,a5,0x5
     9de:	08d58423          	sb	a3,136(a1)
     9e2:	0207f793          	andi	a5,a5,32
     9e6:	00c70663          	beq	a4,a2,9f2 <.L120>
			9e6: R_RISCV_BRANCH	.L120
     9ea:	1771                	addi	a4,a4,-4 # fffffffc <op+0xffffc41c>
     9ec:	e311                	bnez	a4,9f0 <.L111>
			9ec: R_RISCV_RVC_BRANCH	.L111
     9ee:	e691                	bnez	a3,9fa <.L121>
			9ee: R_RISCV_RVC_BRANCH	.L121

000009f0 <.L111>:
     9f0:	8082                	ret

000009f2 <.L120>:
     9f2:	fffd                	bnez	a5,9f0 <.L111>
			9f2: R_RISCV_RVC_BRANCH	.L111
     9f4:	4791                	li	a5,4
     9f6:	d9bc                	sw	a5,112(a1)
     9f8:	8082                	ret

000009fa <.L121>:
     9fa:	d9b0                	sw	a2,112(a1)
     9fc:	8082                	ret

000009fe <change_vibrato>:
     9fe:	000007b7          	lui	a5,0x0
			9fe: R_RISCV_HI20	.LANCHOR0
			9fe: R_RISCV_RELAX	*ABS*
     a02:	00078793          	mv	a5,a5
			a02: R_RISCV_LO12_I	.LANCHOR0
			a02: R_RISCV_RELAX	*ABS*
     a06:	97aa                	add	a5,a5,a0
     a08:	0207c703          	lbu	a4,32(a5) # 20 <operator_release>
     a0c:	48675713          	bexti	a4,a4,0x6
     a10:	08e584a3          	sb	a4,137(a1)
     a14:	0207c783          	lbu	a5,32(a5)
     a18:	839d                	srli	a5,a5,0x7
     a1a:	08f58523          	sb	a5,138(a1)
     a1e:	8082                	ret

00000a20 <change_feedback>:
     a20:	000007b7          	lui	a5,0x0
			a20: R_RISCV_HI20	.LANCHOR0
			a20: R_RISCV_RELAX	*ABS*
     a24:	00078793          	mv	a5,a5
			a24: R_RISCV_LO12_I	.LANCHOR0
			a24: R_RISCV_RELAX	*ABS*
     a28:	97aa                	add	a5,a5,a0
     a2a:	0c07c783          	lbu	a5,192(a5) # c0 <.L17+0x28>
     a2e:	8bb9                	andi	a5,a5,14
     a30:	e781                	bnez	a5,a38 <.L132>
			a30: R_RISCV_RVC_BRANCH	.L132
     a32:	4501                	li	a0,0
     a34:	dd88                	sw	a0,56(a1)
     a36:	8082                	ret

00000a38 <.L132>:
     a38:	4017d513          	srai	a0,a5,0x1
     a3c:	1101                	addi	sp,sp,-32
     a3e:	0521                	addi	a0,a0,8
     a40:	ce06                	sw	ra,28(sp)
     a42:	c62e                	sw	a1,12(sp)
     a44:	00000097          	auipc	ra,0x0
			a44: R_RISCV_CALL_PLT	__floatsidf
			a44: R_RISCV_RELAX	*ABS*
     a48:	000080e7          	jalr	ra # a44 <.L132+0xc>
     a4c:	000007b7          	lui	a5,0x0
			a4c: R_RISCV_HI20	.LC3
			a4c: R_RISCV_RELAX	*ABS*
     a50:	862a                	mv	a2,a0
     a52:	86ae                	mv	a3,a1
     a54:	0007a503          	lw	a0,0(a5) # 0 <operator_off>
			a54: R_RISCV_LO12_I	.LC3
			a54: R_RISCV_RELAX	*ABS*
     a58:	0047a583          	lw	a1,4(a5)
			a58: R_RISCV_LO12_I	.LC3+0x4
			a58: R_RISCV_RELAX	*ABS*+0x4
     a5c:	00000097          	auipc	ra,0x0
			a5c: R_RISCV_CALL_PLT	pow
			a5c: R_RISCV_RELAX	*ABS*
     a60:	000080e7          	jalr	ra # a5c <.L132+0x24>
     a64:	00000097          	auipc	ra,0x0
			a64: R_RISCV_CALL_PLT	__fixdfsi
			a64: R_RISCV_RELAX	*ABS*
     a68:	000080e7          	jalr	ra # a64 <.L132+0x2c>
     a6c:	4732                	lw	a4,12(sp)
     a6e:	40f2                	lw	ra,28(sp)
     a70:	df08                	sw	a0,56(a4)
     a72:	6105                	addi	sp,sp,32
     a74:	8082                	ret

00000a76 <change_frequency>:
     a76:	1101                	addi	sp,sp,-32
     a78:	000007b7          	lui	a5,0x0
			a78: R_RISCV_HI20	.LANCHOR0
			a78: R_RISCV_RELAX	*ABS*
     a7c:	c452                	sw	s4,8(sp)
     a7e:	00078a13          	mv	s4,a5
			a7e: R_RISCV_LO12_I	.LANCHOR0
			a7e: R_RISCV_RELAX	*ABS*
     a82:	ca26                	sw	s1,20(sp)
     a84:	c84a                	sw	s2,16(sp)
     a86:	c64e                	sw	s3,12(sp)
     a88:	ce06                	sw	ra,28(sp)
     a8a:	cc22                	sw	s0,24(sp)
     a8c:	c256                	sw	s5,4(sp)
     a8e:	9552                	add	a0,a0,s4
     a90:	0b054403          	lbu	s0,176(a0)
     a94:	0a054783          	lbu	a5,160(a0)
     a98:	008a4703          	lbu	a4,8(s4)
     a9c:	00841493          	slli	s1,s0,0x8
     aa0:	3004f493          	andi	s1,s1,768
     aa4:	94be                	add	s1,s1,a5
     aa6:	8319                	srli	a4,a4,0x6
     aa8:	4685                	li	a3,1
     aaa:	40e6f7b3          	andn	a5,a3,a4
     aae:	0094d513          	srli	a0,s1,0x9
     ab2:	0084d693          	srli	a3,s1,0x8
     ab6:	8b05                	andi	a4,a4,1
     ab8:	8f75                	and	a4,a4,a3
     aba:	8009                	srli	s0,s0,0x2
     abc:	8fe9                	and	a5,a5,a0
     abe:	8fd9                	or	a5,a5,a4
     ac0:	881d                	andi	s0,s0,7
     ac2:	0074d713          	srli	a4,s1,0x7
     ac6:	20f427b3          	sh1add	a5,s0,a5
     aca:	02058693          	addi	a3,a1,32
     ace:	de38                	sw	a4,120(a2)
     ad0:	da7c                	sw	a5,116(a2)
     ad2:	96d2                	add	a3,a3,s4
     ad4:	0006c703          	lbu	a4,0(a3)
     ad8:	89b2                	mv	s3,a2
     ada:	892e                	mv	s2,a1
     adc:	01077613          	andi	a2,a4,16
     ae0:	e611                	bnez	a2,aec <.L134>
			ae0: R_RISCV_RVC_BRANCH	.L134
     ae2:	8389                	srli	a5,a5,0x2
     ae4:	06f9aa23          	sw	a5,116(s3)
     ae8:	0006c703          	lbu	a4,0(a3)

00000aec <.L134>:
     aec:	8b3d                	andi	a4,a4,15
     aee:	00849533          	sll	a0,s1,s0
     af2:	21476ab3          	sh3add	s5,a4,s4
     af6:	00000097          	auipc	ra,0x0
			af6: R_RISCV_CALL_PLT	__floatunsidf
			af6: R_RISCV_RELAX	*ABS*
     afa:	000080e7          	jalr	ra # af6 <.L134+0xa>
     afe:	118aa603          	lw	a2,280(s5)
     b02:	11caa683          	lw	a3,284(s5)
     b06:	0412                	slli	s0,s0,0x4
     b08:	9452                	add	s0,s0,s4
     b0a:	00000097          	auipc	ra,0x0
			b0a: R_RISCV_CALL_PLT	__muldf3
			b0a: R_RISCV_RELAX	*ABS*
     b0e:	000080e7          	jalr	ra # b0a <.L134+0x1e>
     b12:	00000097          	auipc	ra,0x0
			b12: R_RISCV_CALL_PLT	__fixunsdfsi
			b12: R_RISCV_RELAX	*ABS*
     b16:	000080e7          	jalr	ra # b12 <.L134+0x26>
     b1a:	00a9a823          	sw	a0,16(s3)
     b1e:	012a07b3          	add	a5,s4,s2
     b22:	8099                	srli	s1,s1,0x6
     b24:	9426                	add	s0,s0,s1
     b26:	0407c483          	lbu	s1,64(a5) # 40 <operator_release+0x20>
     b2a:	19844503          	lbu	a0,408(s0)
     b2e:	000007b7          	lui	a5,0x0
			b2e: R_RISCV_HI20	.LANCHOR1
			b2e: R_RISCV_RELAX	*ABS*
     b32:	00078793          	mv	a5,a5
			b32: R_RISCV_LO12_I	.LANCHOR1
			b32: R_RISCV_RELAX	*ABS*
     b36:	0064d413          	srli	s0,s1,0x6
     b3a:	20f46433          	sh3add	s0,s0,a5
     b3e:	00000097          	auipc	ra,0x0
			b3e: R_RISCV_CALL_PLT	__floatsidf
			b3e: R_RISCV_RELAX	*ABS*
     b42:	000080e7          	jalr	ra # b3e <.L134+0x52>
     b46:	08042603          	lw	a2,128(s0)
     b4a:	08442683          	lw	a3,132(s0)
     b4e:	00000097          	auipc	ra,0x0
			b4e: R_RISCV_CALL_PLT	__muldf3
			b4e: R_RISCV_RELAX	*ABS*
     b52:	000080e7          	jalr	ra # b4e <.L134+0x62>
     b56:	8a2a                	mv	s4,a0
     b58:	03f4f513          	andi	a0,s1,63
     b5c:	8aae                	mv	s5,a1
     b5e:	00000097          	auipc	ra,0x0
			b5e: R_RISCV_CALL_PLT	__floatsidf
			b5e: R_RISCV_RELAX	*ABS*
     b62:	000080e7          	jalr	ra # b5e <.L134+0x72>
     b66:	862a                	mv	a2,a0
     b68:	86ae                	mv	a3,a1
     b6a:	8552                	mv	a0,s4
     b6c:	85d6                	mv	a1,s5
     b6e:	00000097          	auipc	ra,0x0
			b6e: R_RISCV_CALL_PLT	__adddf3
			b6e: R_RISCV_RELAX	*ABS*
     b72:	000080e7          	jalr	ra # b6e <.L134+0x82>
     b76:	000007b7          	lui	a5,0x0
			b76: R_RISCV_HI20	.LC10
			b76: R_RISCV_RELAX	*ABS*
     b7a:	0007a603          	lw	a2,0(a5) # 0 <operator_off>
			b7a: R_RISCV_LO12_I	.LC10
			b7a: R_RISCV_RELAX	*ABS*
     b7e:	0047a683          	lw	a3,4(a5)
			b7e: R_RISCV_LO12_I	.LC10+0x4
			b7e: R_RISCV_RELAX	*ABS*+0x4
     b82:	00000097          	auipc	ra,0x0
			b82: R_RISCV_CALL_PLT	__muldf3
			b82: R_RISCV_RELAX	*ABS*
     b86:	000080e7          	jalr	ra # b82 <.L134+0x96>
     b8a:	000007b7          	lui	a5,0x0
			b8a: R_RISCV_HI20	.LC11
			b8a: R_RISCV_RELAX	*ABS*
     b8e:	0007a603          	lw	a2,0(a5) # 0 <operator_off>
			b8e: R_RISCV_LO12_I	.LC11
			b8e: R_RISCV_RELAX	*ABS*
     b92:	0047a683          	lw	a3,4(a5)
			b92: R_RISCV_LO12_I	.LC11+0x4
			b92: R_RISCV_RELAX	*ABS*+0x4
     b96:	00000097          	auipc	ra,0x0
			b96: R_RISCV_CALL_PLT	__subdf3
			b96: R_RISCV_RELAX	*ABS*
     b9a:	000080e7          	jalr	ra # b96 <.L134+0xaa>
     b9e:	000007b7          	lui	a5,0x0
			b9e: R_RISCV_HI20	.LC3
			b9e: R_RISCV_RELAX	*ABS*
     ba2:	862a                	mv	a2,a0
     ba4:	86ae                	mv	a3,a1
     ba6:	0007a503          	lw	a0,0(a5) # 0 <operator_off>
			ba6: R_RISCV_LO12_I	.LC3
			ba6: R_RISCV_RELAX	*ABS*
     baa:	0047a583          	lw	a1,4(a5)
			baa: R_RISCV_LO12_I	.LC3+0x4
			baa: R_RISCV_RELAX	*ABS*+0x4
     bae:	00000097          	auipc	ra,0x0
			bae: R_RISCV_CALL_PLT	pow
			bae: R_RISCV_RELAX	*ABS*
     bb2:	000080e7          	jalr	ra # bae <.L134+0xc2>
     bb6:	872a                	mv	a4,a0
     bb8:	87ae                	mv	a5,a1
     bba:	854a                	mv	a0,s2
     bbc:	85ce                	mv	a1,s3
     bbe:	02e9a423          	sw	a4,40(s3)
     bc2:	02f9a623          	sw	a5,44(s3)
     bc6:	00000097          	auipc	ra,0x0
			bc6: R_RISCV_CALL_PLT	change_attackrate
			bc6: R_RISCV_RELAX	*ABS*
     bca:	000080e7          	jalr	ra # bc6 <.L134+0xda>
     bce:	85ce                	mv	a1,s3
     bd0:	854a                	mv	a0,s2
     bd2:	00000097          	auipc	ra,0x0
			bd2: R_RISCV_CALL_PLT	change_decayrate
			bd2: R_RISCV_RELAX	*ABS*
     bd6:	000080e7          	jalr	ra # bd2 <.L134+0xe6>
     bda:	4462                	lw	s0,24(sp)
     bdc:	40f2                	lw	ra,28(sp)
     bde:	44d2                	lw	s1,20(sp)
     be0:	4a22                	lw	s4,8(sp)
     be2:	4a92                	lw	s5,4(sp)
     be4:	85ce                	mv	a1,s3
     be6:	854a                	mv	a0,s2
     be8:	49b2                	lw	s3,12(sp)
     bea:	4942                	lw	s2,16(sp)
     bec:	6105                	addi	sp,sp,32
     bee:	00000317          	auipc	t1,0x0
			bee: R_RISCV_CALL_PLT	change_releaserate
			bee: R_RISCV_RELAX	*ABS*
     bf2:	00030067          	jr	t1 # bee <.L134+0x102>

00000bf6 <enable_operator>:
     bf6:	0845a783          	lw	a5,132(a1)
     bfa:	ef85                	bnez	a5,c32 <.L136>
			bfa: R_RISCV_RVC_BRANCH	.L136
     bfc:	0ff00793          	li	a5,255
     c00:	00a7d463          	bge	a5,a0,c08 <.L138>
			c00: R_RISCV_BRANCH	.L138
     c04:	f1650513          	addi	a0,a0,-234

00000c08 <.L138>:
     c08:	000007b7          	lui	a5,0x0
			c08: R_RISCV_HI20	.LANCHOR0
			c08: R_RISCV_RELAX	*ABS*
     c0c:	00078793          	mv	a5,a5
			c0c: R_RISCV_LO12_I	.LANCHOR0
			c0c: R_RISCV_RELAX	*ABS*
     c10:	97aa                	add	a5,a5,a0
     c12:	1007c783          	lbu	a5,256(a5) # 100 <.L11+0x12>
     c16:	00000737          	lui	a4,0x0
			c16: R_RISCV_HI20	.LANCHOR1
			c16: R_RISCV_RELAX	*ABS*
     c1a:	00070713          	mv	a4,a4
			c1a: R_RISCV_LO12_I	.LANCHOR1
			c1a: R_RISCV_RELAX	*ABS*
     c1e:	20e7c7b3          	sh2add	a5,a5,a4
     c22:	0a07a783          	lw	a5,160(a5)
     c26:	0605a823          	sw	zero,112(a1)
     c2a:	08c5a223          	sw	a2,132(a1)
     c2e:	07c2                	slli	a5,a5,0x10
     c30:	c59c                	sw	a5,8(a1)

00000c32 <.L136>:
     c32:	8082                	ret

00000c34 <disable_operator>:
     c34:	08452783          	lw	a5,132(a0)
     c38:	cf81                	beqz	a5,c50 <.L139>
			c38: R_RISCV_RVC_BRANCH	.L139
     c3a:	40b7f5b3          	andn	a1,a5,a1
     c3e:	08b52223          	sw	a1,132(a0)
     c42:	e599                	bnez	a1,c50 <.L139>
			c42: R_RISCV_RVC_BRANCH	.L139
     c44:	5938                	lw	a4,112(a0)
     c46:	4795                	li	a5,5
     c48:	00f70463          	beq	a4,a5,c50 <.L139>
			c48: R_RISCV_BRANCH	.L139
     c4c:	4789                	li	a5,2
     c4e:	d93c                	sw	a5,112(a0)

00000c50 <.L139>:
     c50:	8082                	ret

00000c52 <adlib_init>:
     c52:	7129                	addi	sp,sp,-320
     c54:	000007b7          	lui	a5,0x0
			c54: R_RISCV_HI20	int_samplerate
			c54: R_RISCV_RELAX	*ABS*
     c58:	12112e23          	sw	ra,316(sp)
     c5c:	12812c23          	sw	s0,312(sp)
     c60:	00a7a023          	sw	a0,0(a5) # 0 <operator_off>
			c60: R_RISCV_LO12_S	int_samplerate
			c60: R_RISCV_RELAX	*ABS*
     c64:	12912a23          	sw	s1,308(sp)
     c68:	13212823          	sw	s2,304(sp)
     c6c:	13312623          	sw	s3,300(sp)
     c70:	13412423          	sw	s4,296(sp)
     c74:	13512223          	sw	s5,292(sp)
     c78:	13612023          	sw	s6,288(sp)
     c7c:	11712e23          	sw	s7,284(sp)
     c80:	11812c23          	sw	s8,280(sp)
     c84:	11912a23          	sw	s9,276(sp)
     c88:	11a12823          	sw	s10,272(sp)
     c8c:	11b12623          	sw	s11,268(sp)
     c90:	00000097          	auipc	ra,0x0
			c90: R_RISCV_CALL_PLT	__floatsidf
			c90: R_RISCV_RELAX	*ABS*
     c94:	000080e7          	jalr	ra # c90 <adlib_init+0x3e>
     c98:	000007b7          	lui	a5,0x0
			c98: R_RISCV_HI20	.LC12
			c98: R_RISCV_RELAX	*ABS*
     c9c:	86ae                	mv	a3,a1
     c9e:	862a                	mv	a2,a0
     ca0:	cc2a                	sw	a0,24(sp)
     ca2:	ce2e                	sw	a1,28(sp)
     ca4:	0007a503          	lw	a0,0(a5) # 0 <operator_off>
			ca4: R_RISCV_LO12_I	.LC12
			ca4: R_RISCV_RELAX	*ABS*
     ca8:	0047a583          	lw	a1,4(a5)
			ca8: R_RISCV_LO12_I	.LC12+0x4
			ca8: R_RISCV_RELAX	*ABS*+0x4
     cac:	00000437          	lui	s0,0x0
			cac: R_RISCV_HI20	generator_add
			cac: R_RISCV_RELAX	*ABS*
     cb0:	00000097          	auipc	ra,0x0
			cb0: R_RISCV_CALL_PLT	__divdf3
			cb0: R_RISCV_RELAX	*ABS*
     cb4:	000080e7          	jalr	ra # cb0 <adlib_init+0x5e>
     cb8:	00000097          	auipc	ra,0x0
			cb8: R_RISCV_CALL_PLT	__fixunsdfsi
			cb8: R_RISCV_RELAX	*ABS*
     cbc:	000080e7          	jalr	ra # cb8 <adlib_init+0x66>
     cc0:	000007b7          	lui	a5,0x0
			cc0: R_RISCV_HI20	.LANCHOR0
			cc0: R_RISCV_RELAX	*ABS*
     cc4:	00a42023          	sw	a0,0(s0) # 0 <operator_off>
			cc4: R_RISCV_LO12_S	generator_add
			cc4: R_RISCV_RELAX	*ABS*
     cc8:	00078413          	mv	s0,a5
			cc8: R_RISCV_LO12_I	.LANCHOR0
			cc8: R_RISCV_RELAX	*ABS*
     ccc:	10000613          	li	a2,256
     cd0:	4581                	li	a1,0
     cd2:	8522                	mv	a0,s0
     cd4:	ca22                	sw	s0,20(sp)
     cd6:	00000097          	auipc	ra,0x0
			cd6: R_RISCV_CALL_PLT	memset
			cd6: R_RISCV_RELAX	*ABS*
     cda:	000080e7          	jalr	ra # cd6 <adlib_init+0x84>
     cde:	000007b7          	lui	a5,0x0
			cde: R_RISCV_HI20	op
			cde: R_RISCV_RELAX	*ABS*
     ce2:	6605                	lui	a2,0x1
     ce4:	00078513          	mv	a0,a5
			ce4: R_RISCV_LO12_I	op
			ce4: R_RISCV_RELAX	*ABS*
     ce8:	bd060613          	addi	a2,a2,-1072 # bd0 <.L134+0xe4>
     cec:	4581                	li	a1,0
     cee:	00000097          	auipc	ra,0x0
			cee: R_RISCV_CALL_PLT	memset
			cee: R_RISCV_RELAX	*ABS*
     cf2:	000080e7          	jalr	ra # cee <adlib_init+0x9c>
     cf6:	00001737          	lui	a4,0x1
			cf6: R_RISCV_HI20	wavtable+0x800
			cf6: R_RISCV_RELAX	*ABS*+0x800
     cfa:	7ff50693          	addi	a3,a0,2047
     cfe:	10042023          	sw	zero,256(s0)
     d02:	10042223          	sw	zero,260(s0)
     d06:	10042423          	sw	zero,264(s0)
     d0a:	10042623          	sw	zero,268(s0)
     d0e:	10042823          	sw	zero,272(s0)
     d12:	10041a23          	sh	zero,276(s0)
     d16:	44168693          	addi	a3,a3,1089
     d1a:	07050793          	addi	a5,a0,112
     d1e:	80070713          	addi	a4,a4,-2048 # 800 <.L90+0xc6>
			d1e: R_RISCV_LO12_I	wavtable+0x800
			d1e: R_RISCV_RELAX	*ABS*+0x800
     d22:	4595                	li	a1,5
     d24:	3ff00613          	li	a2,1023

00000d28 <.L144>:
     d28:	c38c                	sw	a1,0(a5)
     d2a:	cb90                	sw	a2,16(a5)
     d2c:	c7d8                	sw	a4,12(a5)
     d2e:	0a878793          	addi	a5,a5,168 # a8 <.L17+0x10>
     d32:	fed79be3          	bne	a5,a3,d28 <.L144>
			d32: R_RISCV_BRANCH	.L144
     d36:	000007b7          	lui	a5,0x0
			d36: R_RISCV_HI20	.LC1
			d36: R_RISCV_RELAX	*ABS*
     d3a:	0007a503          	lw	a0,0(a5) # 0 <operator_off>
			d3a: R_RISCV_LO12_I	.LC1
			d3a: R_RISCV_RELAX	*ABS*
     d3e:	0047a583          	lw	a1,4(a5)
			d3e: R_RISCV_LO12_I	.LC1+0x4
			d3e: R_RISCV_RELAX	*ABS*+0x4
     d42:	4662                	lw	a2,24(sp)
     d44:	46f2                	lw	a3,28(sp)
     d46:	00000cb7          	lui	s9,0x0
			d46: R_RISCV_HI20	.LANCHOR1+0x138
			d46: R_RISCV_RELAX	*ABS*+0x138
     d4a:	00000c37          	lui	s8,0x0
			d4a: R_RISCV_HI20	.LANCHOR1+0xb8
			d4a: R_RISCV_RELAX	*ABS*+0xb8
     d4e:	00000097          	auipc	ra,0x0
			d4e: R_RISCV_CALL_PLT	__divdf3
			d4e: R_RISCV_RELAX	*ABS*
     d52:	000080e7          	jalr	ra # d4e <.L144+0x26>
     d56:	000007b7          	lui	a5,0x0
			d56: R_RISCV_HI20	.LC13
			d56: R_RISCV_RELAX	*ABS*
     d5a:	0007aa03          	lw	s4,0(a5) # 0 <operator_off>
			d5a: R_RISCV_LO12_I	.LC13
			d5a: R_RISCV_RELAX	*ABS*
     d5e:	0047aa83          	lw	s5,4(a5)
			d5e: R_RISCV_LO12_I	.LC13+0x4
			d5e: R_RISCV_RELAX	*ABS*+0x4
     d62:	000007b7          	lui	a5,0x0
			d62: R_RISCV_HI20	.LC14
			d62: R_RISCV_RELAX	*ABS*
     d66:	0007a903          	lw	s2,0(a5) # 0 <operator_off>
			d66: R_RISCV_LO12_I	.LC14
			d66: R_RISCV_RELAX	*ABS*
     d6a:	0047a983          	lw	s3,4(a5)
			d6a: R_RISCV_LO12_I	.LC14+0x4
			d6a: R_RISCV_RELAX	*ABS*+0x4
     d6e:	000007b7          	lui	a5,0x0
			d6e: R_RISCV_HI20	.LC15
			d6e: R_RISCV_RELAX	*ABS*
     d72:	0007ab03          	lw	s6,0(a5) # 0 <operator_off>
			d72: R_RISCV_LO12_I	.LC15
			d72: R_RISCV_RELAX	*ABS*
     d76:	0047ab83          	lw	s7,4(a5)
			d76: R_RISCV_LO12_I	.LC15+0x4
			d76: R_RISCV_RELAX	*ABS*+0x4
     d7a:	000007b7          	lui	a5,0x0
			d7a: R_RISCV_HI20	recipsamp
			d7a: R_RISCV_RELAX	*ABS*
     d7e:	00a7a023          	sw	a0,0(a5) # 0 <operator_off>
			d7e: R_RISCV_LO12_S	recipsamp
			d7e: R_RISCV_RELAX	*ABS*
     d82:	00b7a223          	sw	a1,4(a5)
			d82: R_RISCV_LO12_S	recipsamp+0x4
			d82: R_RISCV_RELAX	*ABS*+0x4
     d86:	47d2                	lw	a5,20(sp)
     d88:	842a                	mv	s0,a0
     d8a:	84ae                	mv	s1,a1
     d8c:	19078d13          	addi	s10,a5,400
     d90:	138c8c93          	addi	s9,s9,312 # 138 <operator_decay+0x2e>
			d90: R_RISCV_LO12_I	.LANCHOR1+0x138
			d90: R_RISCV_RELAX	*ABS*+0x138
     d94:	0b8c0c13          	addi	s8,s8,184 # b8 <.L17+0x20>
			d94: R_RISCV_LO12_I	.LANCHOR1+0xb8
			d94: R_RISCV_RELAX	*ABS*+0xb8

00000d98 <.L145>:
     d98:	000ca503          	lw	a0,0(s9)
     d9c:	004ca583          	lw	a1,4(s9)
     da0:	8652                	mv	a2,s4
     da2:	86d6                	mv	a3,s5
     da4:	00000097          	auipc	ra,0x0
			da4: R_RISCV_CALL_PLT	__muldf3
			da4: R_RISCV_RELAX	*ABS*
     da8:	000080e7          	jalr	ra # da4 <.L145+0xc>
     dac:	864a                	mv	a2,s2
     dae:	86ce                	mv	a3,s3
     db0:	00000097          	auipc	ra,0x0
			db0: R_RISCV_CALL_PLT	__muldf3
			db0: R_RISCV_RELAX	*ABS*
     db4:	000080e7          	jalr	ra # db0 <.L145+0x18>
     db8:	865a                	mv	a2,s6
     dba:	86de                	mv	a3,s7
     dbc:	00000097          	auipc	ra,0x0
			dbc: R_RISCV_CALL_PLT	__muldf3
			dbc: R_RISCV_RELAX	*ABS*
     dc0:	000080e7          	jalr	ra # dbc <.L145+0x24>
     dc4:	8622                	mv	a2,s0
     dc6:	86a6                	mv	a3,s1
     dc8:	00000097          	auipc	ra,0x0
			dc8: R_RISCV_CALL_PLT	__muldf3
			dc8: R_RISCV_RELAX	*ABS*
     dcc:	000080e7          	jalr	ra # dc8 <.L145+0x30>
     dd0:	00ad2023          	sw	a0,0(s10)
     dd4:	00bd2223          	sw	a1,4(s10)
     dd8:	1ce1                	addi	s9,s9,-8
     dda:	1d61                	addi	s10,s10,-8
     ddc:	fb9c1ee3          	bne	s8,s9,d98 <.L145>
			ddc: R_RISCV_BRANCH	.L145
     de0:	4452                	lw	s0,20(sp)
     de2:	000007b7          	lui	a5,0x0
			de2: R_RISCV_HI20	.LC16
			de2: R_RISCV_RELAX	*ABS*
     de6:	4662                	lw	a2,24(sp)
     de8:	46f2                	lw	a3,28(sp)
     dea:	0007a503          	lw	a0,0(a5) # 0 <operator_off>
			dea: R_RISCV_LO12_I	.LC16
			dea: R_RISCV_RELAX	*ABS*
     dee:	0047a583          	lw	a1,4(a5)
			dee: R_RISCV_LO12_I	.LC16+0x4
			dee: R_RISCV_RELAX	*ABS*+0x4
     df2:	00000837          	lui	a6,0x0
			df2: R_RISCV_HI20	status
			df2: R_RISCV_RELAX	*ABS*
     df6:	4711                	li	a4,4
     df8:	57f1                	li	a5,-4
     dfa:	48a1                	li	a7,8
     dfc:	00080023          	sb	zero,0(a6) # 0 <operator_off>
			dfc: R_RISCV_LO12_S	status
			dfc: R_RISCV_RELAX	*ABS*
     e00:	5861                	li	a6,-8
     e02:	20e42e23          	sw	a4,540(s0)
     e06:	22e42a23          	sw	a4,564(s0)
     e0a:	00000337          	lui	t1,0x0
			e0a: R_RISCV_HI20	opl_index
			e0a: R_RISCV_RELAX	*ABS*
     e0e:	21142c23          	sw	a7,536(s0)
     e12:	22f42223          	sw	a5,548(s0)
     e16:	22f42623          	sw	a5,556(s0)
     e1a:	23042423          	sw	a6,552(s0)
     e1e:	22042023          	sw	zero,544(s0)
     e22:	22042823          	sw	zero,560(s0)
     e26:	00032023          	sw	zero,0(t1) # 0 <operator_off>
			e26: R_RISCV_LO12_S	opl_index
			e26: R_RISCV_RELAX	*ABS*
     e2a:	00000097          	auipc	ra,0x0
			e2a: R_RISCV_CALL_PLT	__divdf3
			e2a: R_RISCV_RELAX	*ABS*
     e2e:	000080e7          	jalr	ra # e2a <.L145+0x92>
     e32:	00000097          	auipc	ra,0x0
			e32: R_RISCV_CALL_PLT	__fixunsdfsi
			e32: R_RISCV_RELAX	*ABS*
     e36:	000080e7          	jalr	ra # e32 <.L145+0x9a>
     e3a:	00000437          	lui	s0,0x0
			e3a: R_RISCV_HI20	vibtab_add
			e3a: R_RISCV_RELAX	*ABS*
     e3e:	00a42023          	sw	a0,0(s0) # 0 <operator_off>
			e3e: R_RISCV_LO12_S	vibtab_add
			e3e: R_RISCV_RELAX	*ABS*
     e42:	00000537          	lui	a0,0x0
			e42: R_RISCV_HI20	vibval_const
			e42: R_RISCV_RELAX	*ABS*
     e46:	000007b7          	lui	a5,0x0
			e46: R_RISCV_HI20	vibtab_pos
			e46: R_RISCV_RELAX	*ABS*
     e4a:	00050513          	mv	a0,a0
			e4a: R_RISCV_LO12_I	vibval_const
			e4a: R_RISCV_RELAX	*ABS*
     e4e:	28b01613          	bseti	a2,zero,0xb
     e52:	4581                	li	a1,0
     e54:	0007a023          	sw	zero,0(a5) # 0 <operator_off>
			e54: R_RISCV_LO12_S	vibtab_pos
			e54: R_RISCV_RELAX	*ABS*
     e58:	02c10c13          	addi	s8,sp,44
     e5c:	00000097          	auipc	ra,0x0
			e5c: R_RISCV_CALL_PLT	memset
			e5c: R_RISCV_RELAX	*ABS*
     e60:	000080e7          	jalr	ra # e5c <.L145+0xc4>
     e64:	8762                	mv	a4,s8
     e66:	57cd                	li	a5,-13
     e68:	4685                	li	a3,1

00000e6a <.L146>:
     e6a:	c31c                	sw	a5,0(a4)
     e6c:	0785                	addi	a5,a5,1
     e6e:	0711                	addi	a4,a4,4
     e70:	fed79de3          	bne	a5,a3,e6a <.L146>
			e70: R_RISCV_BRANCH	.L146
     e74:	038c0713          	addi	a4,s8,56
     e78:	4781                	li	a5,0
     e7a:	5695                	li	a3,-27

00000e7c <.L147>:
     e7c:	c31c                	sw	a5,0(a4)
     e7e:	17fd                	addi	a5,a5,-1
     e80:	0711                	addi	a4,a4,4
     e82:	fed79de3          	bne	a5,a3,e7c <.L147>
			e82: R_RISCV_BRANCH	.L147
     e86:	0a4c0713          	addi	a4,s8,164
     e8a:	579d                	li	a5,-25
     e8c:	56cd                	li	a3,-13

00000e8e <.L148>:
     e8e:	c31c                	sw	a5,0(a4)
     e90:	0785                	addi	a5,a5,1
     e92:	0711                	addi	a4,a4,4
     e94:	fed79de3          	bne	a5,a3,e8e <.L148>
			e94: R_RISCV_BRANCH	.L148
     e98:	000005b7          	lui	a1,0x0
			e98: R_RISCV_HI20	.LC17
			e98: R_RISCV_RELAX	*ABS*
     e9c:	0005a503          	lw	a0,0(a1) # 0 <operator_off>
			e9c: R_RISCV_LO12_I	.LC17
			e9c: R_RISCV_RELAX	*ABS*
     ea0:	0045a583          	lw	a1,4(a1)
			ea0: R_RISCV_LO12_I	.LC17+0x4
			ea0: R_RISCV_RELAX	*ABS*+0x4
     ea4:	000007b7          	lui	a5,0x0
			ea4: R_RISCV_HI20	.LC20
			ea4: R_RISCV_RELAX	*ABS*
     ea8:	00000637          	lui	a2,0x0
			ea8: R_RISCV_HI20	.LC18
			ea8: R_RISCV_RELAX	*ABS*
     eac:	0007ad03          	lw	s10,0(a5) # 0 <operator_off>
			eac: R_RISCV_LO12_I	.LC20
			eac: R_RISCV_RELAX	*ABS*
     eb0:	0047ad83          	lw	s11,4(a5)
			eb0: R_RISCV_LO12_I	.LC20+0x4
			eb0: R_RISCV_RELAX	*ABS*+0x4
     eb4:	000007b7          	lui	a5,0x0
			eb4: R_RISCV_HI20	.LC15
			eb4: R_RISCV_RELAX	*ABS*
     eb8:	000006b7          	lui	a3,0x0
			eb8: R_RISCV_HI20	.LC19
			eb8: R_RISCV_RELAX	*ABS*
     ebc:	00000737          	lui	a4,0x0
			ebc: R_RISCV_HI20	.LC3
			ebc: R_RISCV_RELAX	*ABS*
     ec0:	0007a903          	lw	s2,0(a5) # 0 <operator_off>
			ec0: R_RISCV_LO12_I	.LC15
			ec0: R_RISCV_RELAX	*ABS*
     ec4:	0047a983          	lw	s3,4(a5)
			ec4: R_RISCV_LO12_I	.LC15+0x4
			ec4: R_RISCV_RELAX	*ABS*+0x4
     ec8:	c22e                	sw	a1,4(sp)
     eca:	47d2                	lw	a5,20(sp)
     ecc:	00062583          	lw	a1,0(a2) # 0 <operator_off>
			ecc: R_RISCV_LO12_I	.LC18
			ecc: R_RISCV_RELAX	*ABS*
     ed0:	00462603          	lw	a2,4(a2)
			ed0: R_RISCV_LO12_I	.LC18+0x4
			ed0: R_RISCV_RELAX	*ABS*+0x4
     ed4:	0006a403          	lw	s0,0(a3) # 0 <operator_off>
			ed4: R_RISCV_LO12_I	.LC19
			ed4: R_RISCV_RELAX	*ABS*
     ed8:	0046a483          	lw	s1,4(a3)
			ed8: R_RISCV_LO12_I	.LC19+0x4
			ed8: R_RISCV_RELAX	*ABS*+0x4
     edc:	00072a03          	lw	s4,0(a4) # 0 <operator_off>
			edc: R_RISCV_LO12_I	.LC3
			edc: R_RISCV_RELAX	*ABS*
     ee0:	00472a83          	lw	s5,4(a4)
			ee0: R_RISCV_LO12_I	.LC3+0x4
			ee0: R_RISCV_RELAX	*ABS*+0x4
     ee4:	c02a                	sw	a0,0(sp)
     ee6:	c42e                	sw	a1,8(sp)
     ee8:	c632                	sw	a2,12(sp)
     eea:	23878b93          	addi	s7,a5,568
     eee:	30c78b13          	addi	s6,a5,780

00000ef2 <.L149>:
     ef2:	000c2c83          	lw	s9,0(s8)
     ef6:	0b91                	addi	s7,s7,4
     ef8:	0c11                	addi	s8,s8,4
     efa:	8566                	mv	a0,s9
     efc:	00000097          	auipc	ra,0x0
			efc: R_RISCV_CALL_PLT	__floatsidf
			efc: R_RISCV_RELAX	*ABS*
     f00:	000080e7          	jalr	ra # efc <.L149+0xa>
     f04:	4602                	lw	a2,0(sp)
     f06:	4692                	lw	a3,4(sp)
     f08:	00000097          	auipc	ra,0x0
			f08: R_RISCV_CALL_PLT	__muldf3
			f08: R_RISCV_RELAX	*ABS*
     f0c:	000080e7          	jalr	ra # f08 <.L149+0x16>
     f10:	4622                	lw	a2,8(sp)
     f12:	46b2                	lw	a3,12(sp)
     f14:	00000097          	auipc	ra,0x0
			f14: R_RISCV_CALL_PLT	__divdf3
			f14: R_RISCV_RELAX	*ABS*
     f18:	000080e7          	jalr	ra # f14 <.L149+0x22>
     f1c:	8622                	mv	a2,s0
     f1e:	86a6                	mv	a3,s1
     f20:	00000097          	auipc	ra,0x0
			f20: R_RISCV_CALL_PLT	__divdf3
			f20: R_RISCV_RELAX	*ABS*
     f24:	000080e7          	jalr	ra # f20 <.L149+0x2e>
     f28:	862a                	mv	a2,a0
     f2a:	86ae                	mv	a3,a1
     f2c:	8552                	mv	a0,s4
     f2e:	85d6                	mv	a1,s5
     f30:	00000097          	auipc	ra,0x0
			f30: R_RISCV_CALL_PLT	pow
			f30: R_RISCV_RELAX	*ABS*
     f34:	000080e7          	jalr	ra # f30 <.L149+0x3e>
     f38:	864a                	mv	a2,s2
     f3a:	86ce                	mv	a3,s3
     f3c:	00000097          	auipc	ra,0x0
			f3c: R_RISCV_CALL_PLT	__muldf3
			f3c: R_RISCV_RELAX	*ABS*
     f40:	000080e7          	jalr	ra # f3c <.L149+0x4a>
     f44:	00000097          	auipc	ra,0x0
			f44: R_RISCV_CALL_PLT	__fixdfsi
			f44: R_RISCV_RELAX	*ABS*
     f48:	000080e7          	jalr	ra # f44 <.L149+0x52>
     f4c:	feabae23          	sw	a0,-4(s7)
     f50:	41fcd513          	srai	a0,s9,0x1f
     f54:	890d                	andi	a0,a0,3
     f56:	9566                	add	a0,a0,s9
     f58:	8509                	srai	a0,a0,0x2
     f5a:	00000097          	auipc	ra,0x0
			f5a: R_RISCV_CALL_PLT	__floatsidf
			f5a: R_RISCV_RELAX	*ABS*
     f5e:	000080e7          	jalr	ra # f5a <.L149+0x68>
     f62:	866a                	mv	a2,s10
     f64:	86ee                	mv	a3,s11
     f66:	00000097          	auipc	ra,0x0
			f66: R_RISCV_CALL_PLT	__muldf3
			f66: R_RISCV_RELAX	*ABS*
     f6a:	000080e7          	jalr	ra # f66 <.L149+0x74>
     f6e:	8622                	mv	a2,s0
     f70:	86a6                	mv	a3,s1
     f72:	00000097          	auipc	ra,0x0
			f72: R_RISCV_CALL_PLT	__divdf3
			f72: R_RISCV_RELAX	*ABS*
     f76:	000080e7          	jalr	ra # f72 <.L149+0x80>
     f7a:	8622                	mv	a2,s0
     f7c:	86a6                	mv	a3,s1
     f7e:	00000097          	auipc	ra,0x0
			f7e: R_RISCV_CALL_PLT	__divdf3
			f7e: R_RISCV_RELAX	*ABS*
     f82:	000080e7          	jalr	ra # f7e <.L149+0x8c>
     f86:	862a                	mv	a2,a0
     f88:	86ae                	mv	a3,a1
     f8a:	8552                	mv	a0,s4
     f8c:	85d6                	mv	a1,s5
     f8e:	00000097          	auipc	ra,0x0
			f8e: R_RISCV_CALL_PLT	pow
			f8e: R_RISCV_RELAX	*ABS*
     f92:	000080e7          	jalr	ra # f8e <.L149+0x9c>
     f96:	864a                	mv	a2,s2
     f98:	86ce                	mv	a3,s3
     f9a:	00000097          	auipc	ra,0x0
			f9a: R_RISCV_CALL_PLT	__muldf3
			f9a: R_RISCV_RELAX	*ABS*
     f9e:	000080e7          	jalr	ra # f9a <.L149+0xa8>
     fa2:	00000097          	auipc	ra,0x0
			fa2: R_RISCV_CALL_PLT	__fixdfsi
			fa2: R_RISCV_RELAX	*ABS*
     fa6:	000080e7          	jalr	ra # fa2 <.L149+0xb0>
     faa:	0caba823          	sw	a0,208(s7)
     fae:	f57b12e3          	bne	s6,s7,ef2 <.L149>
			fae: R_RISCV_BRANCH	.L149
     fb2:	000007b7          	lui	a5,0x0
			fb2: R_RISCV_HI20	.LC21
			fb2: R_RISCV_RELAX	*ABS*
     fb6:	46f2                	lw	a3,28(sp)
     fb8:	0007a503          	lw	a0,0(a5) # 0 <operator_off>
			fb8: R_RISCV_LO12_I	.LC21
			fb8: R_RISCV_RELAX	*ABS*
     fbc:	0047a583          	lw	a1,4(a5)
			fbc: R_RISCV_LO12_I	.LC21+0x4
			fbc: R_RISCV_RELAX	*ABS*+0x4
     fc0:	4662                	lw	a2,24(sp)
     fc2:	00000437          	lui	s0,0x0
			fc2: R_RISCV_HI20	tremtab_add
			fc2: R_RISCV_RELAX	*ABS*
     fc6:	00000097          	auipc	ra,0x0
			fc6: R_RISCV_CALL_PLT	__divdf3
			fc6: R_RISCV_RELAX	*ABS*
     fca:	000080e7          	jalr	ra # fc6 <.L149+0xd4>
     fce:	00000097          	auipc	ra,0x0
			fce: R_RISCV_CALL_PLT	__fixunsdfsi
			fce: R_RISCV_RELAX	*ABS*
     fd2:	000080e7          	jalr	ra # fce <.L149+0xdc>
     fd6:	000007b7          	lui	a5,0x0
			fd6: R_RISCV_HI20	tremval_const
			fd6: R_RISCV_RELAX	*ABS*
     fda:	00078793          	mv	a5,a5
			fda: R_RISCV_LO12_I	tremval_const
			fda: R_RISCV_RELAX	*ABS*
     fde:	000006b7          	lui	a3,0x0
			fde: R_RISCV_HI20	tremtab_pos
			fde: R_RISCV_RELAX	*ABS*
     fe2:	7ff78713          	addi	a4,a5,2047 # 7ff <.L90+0xc5>
     fe6:	0006a023          	sw	zero,0(a3) # 0 <operator_off>
			fe6: R_RISCV_LO12_S	tremtab_pos
			fe6: R_RISCV_RELAX	*ABS*
     fea:	00a42023          	sw	a0,0(s0) # 0 <operator_off>
			fea: R_RISCV_LO12_S	tremtab_add
			fea: R_RISCV_RELAX	*ABS*
     fee:	0705                	addi	a4,a4,1
     ff0:	66c1                	lui	a3,0x10

00000ff2 <.L150>:
     ff2:	c394                	sw	a3,0(a5)
     ff4:	0791                	addi	a5,a5,4
     ff6:	fef71ee3          	bne	a4,a5,ff2 <.L150>
			ff6: R_RISCV_BRANCH	.L150
     ffa:	000007b7          	lui	a5,0x0
			ffa: R_RISCV_HI20	initfirstime.0
			ffa: R_RISCV_RELAX	*ABS*
     ffe:	0007a703          	lw	a4,0(a5) # 0 <operator_off>
			ffe: R_RISCV_LO12_I	initfirstime.0
			ffe: R_RISCV_RELAX	*ABS*
    1002:	1a071963          	bnez	a4,11b4 <.L143>
			1002: R_RISCV_BRANCH	.L143
    1006:	000006b7          	lui	a3,0x0
			1006: R_RISCV_HI20	.LC23
			1006: R_RISCV_RELAX	*ABS*
    100a:	00000d37          	lui	s10,0x0
			100a: R_RISCV_HI20	wavtable
			100a: R_RISCV_RELAX	*ABS*
    100e:	000d0593          	mv	a1,s10
			100e: R_RISCV_LO12_I	wavtable
			100e: R_RISCV_RELAX	*ABS*
    1012:	00000637          	lui	a2,0x0
			1012: R_RISCV_HI20	.LC22
			1012: R_RISCV_RELAX	*ABS*
    1016:	6705                	lui	a4,0x1
    1018:	0006a403          	lw	s0,0(a3) # 0 <operator_off>
			1018: R_RISCV_LO12_I	.LC23
			1018: R_RISCV_RELAX	*ABS*
    101c:	0046a483          	lw	s1,4(a3)
			101c: R_RISCV_LO12_I	.LC23+0x4
			101c: R_RISCV_RELAX	*ABS*+0x4
    1020:	000006b7          	lui	a3,0x0
			1020: R_RISCV_HI20	.LC14
			1020: R_RISCV_RELAX	*ABS*
    1024:	00062903          	lw	s2,0(a2) # 0 <operator_off>
			1024: R_RISCV_LO12_I	.LC22
			1024: R_RISCV_RELAX	*ABS*
    1028:	00462983          	lw	s3,4(a2)
			1028: R_RISCV_LO12_I	.LC22+0x4
			1028: R_RISCV_RELAX	*ABS*+0x4
    102c:	0006ac03          	lw	s8,0(a3) # 0 <operator_off>
			102c: R_RISCV_LO12_I	.LC14
			102c: R_RISCV_RELAX	*ABS*
    1030:	00e58633          	add	a2,a1,a4
    1034:	0046ac83          	lw	s9,4(a3)
			1034: R_RISCV_LO12_I	.LC14+0x4
			1034: R_RISCV_RELAX	*ABS*+0x4
    1038:	00640737          	lui	a4,0x640
    103c:	4685                	li	a3,1
    103e:	7ff58d13          	addi	s10,a1,2047
    1042:	c02e                	sw	a1,0(sp)
    1044:	c432                	sw	a2,8(sp)
    1046:	80e62023          	sw	a4,-2048(a2)
    104a:	00059023          	sh	zero,0(a1)
    104e:	0d15                	addi	s10,s10,5 # 5 <operator_sustain+0x3>
    1050:	00d7a023          	sw	a3,0(a5)
			1050: R_RISCV_LO12_S	initfirstime.0
			1050: R_RISCV_RELAX	*ABS*
    1054:	4d8d                	li	s11,3

00001056 <.L152>:
    1056:	fffd8513          	addi	a0,s11,-1
    105a:	00000097          	auipc	ra,0x0
			105a: R_RISCV_CALL_PLT	__floatsidf
			105a: R_RISCV_RELAX	*ABS*
    105e:	000080e7          	jalr	ra # 105a <.L152+0x4>
    1062:	864a                	mv	a2,s2
    1064:	86ce                	mv	a3,s3
    1066:	00000097          	auipc	ra,0x0
			1066: R_RISCV_CALL_PLT	__muldf3
			1066: R_RISCV_RELAX	*ABS*
    106a:	000080e7          	jalr	ra # 1066 <.L152+0x10>
    106e:	862a                	mv	a2,a0
    1070:	86ae                	mv	a3,a1
    1072:	00000097          	auipc	ra,0x0
			1072: R_RISCV_CALL_PLT	__adddf3
			1072: R_RISCV_RELAX	*ABS*
    1076:	000080e7          	jalr	ra # 1072 <.L152+0x1c>
    107a:	8662                	mv	a2,s8
    107c:	86e6                	mv	a3,s9
    107e:	00000097          	auipc	ra,0x0
			107e: R_RISCV_CALL_PLT	__muldf3
			107e: R_RISCV_RELAX	*ABS*
    1082:	000080e7          	jalr	ra # 107e <.L152+0x28>
    1086:	00000097          	auipc	ra,0x0
			1086: R_RISCV_CALL_PLT	sin
			1086: R_RISCV_RELAX	*ABS*
    108a:	000080e7          	jalr	ra # 1086 <.L152+0x30>
    108e:	8b2a                	mv	s6,a0
    1090:	856e                	mv	a0,s11
    1092:	8bae                	mv	s7,a1
    1094:	00000097          	auipc	ra,0x0
			1094: R_RISCV_CALL_PLT	__floatsidf
			1094: R_RISCV_RELAX	*ABS*
    1098:	000080e7          	jalr	ra # 1094 <.L152+0x3e>
    109c:	864a                	mv	a2,s2
    109e:	86ce                	mv	a3,s3
    10a0:	00000097          	auipc	ra,0x0
			10a0: R_RISCV_CALL_PLT	__muldf3
			10a0: R_RISCV_RELAX	*ABS*
    10a4:	000080e7          	jalr	ra # 10a0 <.L152+0x4a>
    10a8:	862a                	mv	a2,a0
    10aa:	86ae                	mv	a3,a1
    10ac:	00000097          	auipc	ra,0x0
			10ac: R_RISCV_CALL_PLT	__adddf3
			10ac: R_RISCV_RELAX	*ABS*
    10b0:	000080e7          	jalr	ra # 10ac <.L152+0x56>
    10b4:	8662                	mv	a2,s8
    10b6:	86e6                	mv	a3,s9
    10b8:	00000097          	auipc	ra,0x0
			10b8: R_RISCV_CALL_PLT	__muldf3
			10b8: R_RISCV_RELAX	*ABS*
    10bc:	000080e7          	jalr	ra # 10b8 <.L152+0x62>
    10c0:	00000097          	auipc	ra,0x0
			10c0: R_RISCV_CALL_PLT	sin
			10c0: R_RISCV_RELAX	*ABS*
    10c4:	000080e7          	jalr	ra # 10c0 <.L152+0x6a>
    10c8:	8622                	mv	a2,s0
    10ca:	86a6                	mv	a3,s1
    10cc:	8a2a                	mv	s4,a0
    10ce:	8aae                	mv	s5,a1
    10d0:	855a                	mv	a0,s6
    10d2:	85de                	mv	a1,s7
    10d4:	00000097          	auipc	ra,0x0
			10d4: R_RISCV_CALL_PLT	__muldf3
			10d4: R_RISCV_RELAX	*ABS*
    10d8:	000080e7          	jalr	ra # 10d4 <.L152+0x7e>
    10dc:	00000097          	auipc	ra,0x0
			10dc: R_RISCV_CALL_PLT	__fixdfsi
			10dc: R_RISCV_RELAX	*ABS*
    10e0:	000080e7          	jalr	ra # 10dc <.L152+0x86>
    10e4:	8b2a                	mv	s6,a0
    10e6:	86a6                	mv	a3,s1
    10e8:	8622                	mv	a2,s0
    10ea:	016d1023          	sh	s6,0(s10)
    10ee:	8552                	mv	a0,s4
    10f0:	85d6                	mv	a1,s5
    10f2:	00000097          	auipc	ra,0x0
			10f2: R_RISCV_CALL_PLT	__muldf3
			10f2: R_RISCV_RELAX	*ABS*
    10f6:	000080e7          	jalr	ra # 10f2 <.L152+0x9c>
    10fa:	00000097          	auipc	ra,0x0
			10fa: R_RISCV_CALL_PLT	__fixdfsi
			10fa: R_RISCV_RELAX	*ABS*
    10fe:	000080e7          	jalr	ra # 10fa <.L152+0xa4>
    1102:	4782                	lw	a5,0(sp)
    1104:	00ad1123          	sh	a0,2(s10)
    1108:	0d11                	addi	s10,s10,4
    110a:	01b786b3          	add	a3,a5,s11
    110e:	ff669fa3          	sh	s6,-1(a3)
    1112:	0d89                	addi	s11,s11,2
    1114:	40100793          	li	a5,1025
    1118:	f2fd9fe3          	bne	s11,a5,1056 <.L152>
			1118: R_RISCV_BRANCH	.L152
    111c:	4682                	lw	a3,0(sp)
    111e:	4722                	lw	a4,8(sp)
    1120:	75f1                	lui	a1,0xffffc
    1122:	10068793          	addi	a5,a3,256
    1126:	20068d13          	addi	s10,a3,512
    112a:	6611                	lui	a2,0x4

0000112c <.L153>:
    112c:	0007d683          	lhu	a3,0(a5)
    1130:	0789                	addi	a5,a5,2
    1132:	0709                	addi	a4,a4,2 # 640002 <op+0x63c422>
    1134:	96ae                	add	a3,a3,a1
    1136:	fed71f23          	sh	a3,-2(a4)
    113a:	0fe7d683          	lhu	a3,254(a5)
    113e:	96b2                	add	a3,a3,a2
    1140:	0ed71f23          	sh	a3,254(a4)
    1144:	ffa794e3          	bne	a5,s10,112c <.L153>
			1144: R_RISCV_BRANCH	.L153
    1148:	45d2                	lw	a1,20(sp)
    114a:	25202637          	lui	a2,0x25202
    114e:	2f2d36b7          	lui	a3,0x2f2d3
    1152:	34333737          	lui	a4,0x34333
    1156:	383737b7          	lui	a5,0x38373
    115a:	80060613          	addi	a2,a2,-2048 # 25201800 <op+0x251fdc20>
    115e:	b2868693          	addi	a3,a3,-1240 # 2f2d2b28 <op+0x2f2cef48>
    1162:	23070713          	addi	a4,a4,560 # 34333230 <op+0x3432f650>
    1166:	63578793          	addi	a5,a5,1589 # 38373635 <op+0x3836fa55>
    116a:	20c5a423          	sw	a2,520(a1) # ffffc208 <op+0xffff8628>
    116e:	20d5a623          	sw	a3,524(a1)
    1172:	20e5a823          	sw	a4,528(a1)
    1176:	20f5aa23          	sw	a5,532(a1)
    117a:	20858613          	addi	a2,a1,520
    117e:	07000513          	li	a0,112
    1182:	fa000593          	li	a1,-96
    1186:	4841                	li	a6,16

00001188 <.L154>:
    1188:	1641                	addi	a2,a2,-16
    118a:	8732                	mv	a4,a2
    118c:	a011                	j	1190 <.L155>
			118c: R_RISCV_RVC_JUMP	.L155

0000118e <.L156>:
    118e:	0705                	addi	a4,a4,1

00001190 <.L155>:
    1190:	00b707b3          	add	a5,a4,a1
    1194:	97aa                	add	a5,a5,a0
    1196:	0007c783          	lbu	a5,0(a5)
    119a:	17e1                	addi	a5,a5,-8
    119c:	0a07e7b3          	max	a5,a5,zero
    11a0:	00f70023          	sb	a5,0(a4)
    11a4:	ff170793          	addi	a5,a4,-15
    11a8:	fec793e3          	bne	a5,a2,118e <.L156>
			11a8: R_RISCV_BRANCH	.L156
    11ac:	05c1                	addi	a1,a1,16
    11ae:	1541                	addi	a0,a0,-16 # fffffff0 <op+0xffffc410>
    11b0:	fd059ce3          	bne	a1,a6,1188 <.L154>
			11b0: R_RISCV_BRANCH	.L154

000011b4 <.L143>:
    11b4:	13c12083          	lw	ra,316(sp)
    11b8:	13812403          	lw	s0,312(sp)
    11bc:	13412483          	lw	s1,308(sp)
    11c0:	13012903          	lw	s2,304(sp)
    11c4:	12c12983          	lw	s3,300(sp)
    11c8:	12812a03          	lw	s4,296(sp)
    11cc:	12412a83          	lw	s5,292(sp)
    11d0:	12012b03          	lw	s6,288(sp)
    11d4:	11c12b83          	lw	s7,284(sp)
    11d8:	11812c03          	lw	s8,280(sp)
    11dc:	11412c83          	lw	s9,276(sp)
    11e0:	11012d03          	lw	s10,272(sp)
    11e4:	10c12d83          	lw	s11,268(sp)
    11e8:	6131                	addi	sp,sp,320
    11ea:	8082                	ret

000011ec <adlib_write>:
    11ec:	000007b7          	lui	a5,0x0
			11ec: R_RISCV_HI20	.LANCHOR0
			11ec: R_RISCV_RELAX	*ABS*
    11f0:	7179                	addi	sp,sp,-48
    11f2:	00078893          	mv	a7,a5
			11f2: R_RISCV_LO12_I	.LANCHOR0
			11f2: R_RISCV_RELAX	*ABS*
    11f6:	00a88733          	add	a4,a7,a0
    11fa:	d606                	sw	ra,44(sp)
    11fc:	00b70023          	sb	a1,0(a4)
    1200:	0f057793          	andi	a5,a0,240
    1204:	08000713          	li	a4,128
    1208:	10057313          	andi	t1,a0,256
    120c:	2ee78863          	beq	a5,a4,14fc <.L168>
			120c: R_RISCV_BRANCH	.L168
    1210:	86ae                	mv	a3,a1
    1212:	04f77f63          	bgeu	a4,a5,1270 <.L298>
			1212: R_RISCV_BRANCH	.L298
    1216:	0b000713          	li	a4,176
    121a:	34e78e63          	beq	a5,a4,1576 <.L176>
			121a: R_RISCV_BRANCH	.L176
    121e:	1ef77963          	bgeu	a4,a5,1410 <.L299>
			121e: R_RISCV_BRANCH	.L299
    1222:	0e000613          	li	a2,224
    1226:	40a67733          	andn	a4,a2,a0
    122a:	c735                	beqz	a4,1296 <.L179>
			122a: R_RISCV_RVC_BRANCH	.L179
    122c:	0c000713          	li	a4,192
    1230:	06e79063          	bne	a5,a4,1290 <.L167>
			1230: R_RISCV_BRANCH	.L167
    1234:	f4050513          	addi	a0,a0,-192
    1238:	0ff57513          	zext.b	a0,a0
    123c:	47a1                	li	a5,8
    123e:	04a7e963          	bltu	a5,a0,1290 <.L167>
			123e: R_RISCV_BRANCH	.L167
    1242:	87aa                	mv	a5,a0
    1244:	00030463          	beqz	t1,124c <.L236>
			1244: R_RISCV_BRANCH	.L236
    1248:	01250793          	addi	a5,a0,18

0000124c <.L236>:
    124c:	50b2                	lw	ra,44(sp)
    124e:	20f7c5b3          	sh2add	a1,a5,a5
    1252:	00000737          	lui	a4,0x0
			1252: R_RISCV_HI20	op
			1252: R_RISCV_RELAX	*ABS*
    1256:	20f5c5b3          	sh2add	a1,a1,a5
    125a:	00070713          	mv	a4,a4
			125a: R_RISCV_LO12_I	op
			125a: R_RISCV_RELAX	*ABS*
    125e:	00a36533          	or	a0,t1,a0
    1262:	20e5e5b3          	sh3add	a1,a1,a4
    1266:	6145                	addi	sp,sp,48
    1268:	00000317          	auipc	t1,0x0
			1268: R_RISCV_CALL_PLT	change_feedback
			1268: R_RISCV_RELAX	*ABS*
    126c:	00030067          	jr	t1 # 1268 <.L236+0x1c>

00001270 <.L298>:
    1270:	04000713          	li	a4,64
    1274:	14e78263          	beq	a5,a4,13b8 <.L170>
			1274: R_RISCV_BRANCH	.L170
    1278:	12f76663          	bltu	a4,a5,13a4 <.L171>
			1278: R_RISCV_BRANCH	.L171
    127c:	0e057713          	andi	a4,a0,224
    1280:	02000613          	li	a2,32
    1284:	08c70363          	beq	a4,a2,130a <.L172>
			1284: R_RISCV_BRANCH	.L172
    1288:	e781                	bnez	a5,1290 <.L167>
			1288: R_RISCV_RVC_BRANCH	.L167
    128a:	4791                	li	a5,4
    128c:	46f50363          	beq	a0,a5,16f2 <.L300>
			128c: R_RISCV_BRANCH	.L300

00001290 <.L167>:
    1290:	50b2                	lw	ra,44(sp)
    1292:	6145                	addi	sp,sp,48
    1294:	8082                	ret

00001296 <.L179>:
    1296:	00757713          	andi	a4,a0,7
    129a:	00673793          	sltiu	a5,a4,6
    129e:	f2050513          	addi	a0,a0,-224
    12a2:	0ff57513          	zext.b	a0,a0
    12a6:	d7ed                	beqz	a5,1290 <.L167>
			12a6: R_RISCV_RVC_BRANCH	.L167
    12a8:	01653793          	sltiu	a5,a0,22
    12ac:	d3f5                	beqz	a5,1290 <.L167>
			12ac: R_RISCV_RVC_BRANCH	.L167
    12ae:	0018c783          	lbu	a5,1(a7)
    12b2:	0207f793          	andi	a5,a5,32
    12b6:	dfe9                	beqz	a5,1290 <.L167>
			12b6: R_RISCV_RVC_BRANCH	.L167
    12b8:	00000e37          	lui	t3,0x0
			12b8: R_RISCV_HI20	.LANCHOR1
			12b8: R_RISCV_RELAX	*ABS*
    12bc:	00a887b3          	add	a5,a7,a0
    12c0:	0035f693          	andi	a3,a1,3
    12c4:	000e0e13          	mv	t3,t3
			12c4: R_RISCV_LO12_I	.LANCHOR1
			12c4: R_RISCV_RELAX	*ABS*
    12c8:	10d78023          	sb	a3,256(a5) # 100 <.L11+0x12>
    12cc:	9572                	add	a0,a0,t3
    12ce:	4789                	li	a5,2
    12d0:	14054603          	lbu	a2,320(a0)
    12d4:	00e7f363          	bgeu	a5,a4,12da <.L237>
			12d4: R_RISCV_BRANCH	.L237
    12d8:	0625                	addi	a2,a2,9

000012da <.L237>:
    12da:	21c6c6b3          	sh2add	a3,a3,t3
    12de:	52b8                	lw	a4,96(a3)
    12e0:	42a8                	lw	a0,64(a3)
    12e2:	000005b7          	lui	a1,0x0
			12e2: R_RISCV_HI20	wavtable
			12e2: R_RISCV_RELAX	*ABS*
    12e6:	000006b7          	lui	a3,0x0
			12e6: R_RISCV_HI20	op
			12e6: R_RISCV_RELAX	*ABS*
    12ea:	20c647b3          	sh2add	a5,a2,a2
    12ee:	00058593          	mv	a1,a1
			12ee: R_RISCV_LO12_I	wavtable
			12ee: R_RISCV_RELAX	*ABS*
    12f2:	00068693          	mv	a3,a3
			12f2: R_RISCV_LO12_I	op
			12f2: R_RISCV_RELAX	*ABS*
    12f6:	20c7c7b3          	sh2add	a5,a5,a2
    12fa:	20d7e7b3          	sh3add	a5,a5,a3
    12fe:	20b72733          	sh1add	a4,a4,a1
    1302:	dff8                	sw	a4,124(a5)
    1304:	08a7a023          	sw	a0,128(a5)
    1308:	b761                	j	1290 <.L167>
			1308: R_RISCV_RVC_JUMP	.L167

0000130a <.L172>:
    130a:	00757793          	andi	a5,a0,7
    130e:	0067b713          	sltiu	a4,a5,6
    1312:	1501                	addi	a0,a0,-32
    1314:	0ff57593          	zext.b	a1,a0
    1318:	df25                	beqz	a4,1290 <.L167>
			1318: R_RISCV_RVC_BRANCH	.L167
    131a:	0165b713          	sltiu	a4,a1,22
    131e:	db2d                	beqz	a4,1290 <.L167>
			131e: R_RISCV_RVC_BRANCH	.L167
    1320:	00000737          	lui	a4,0x0
			1320: R_RISCV_HI20	.LANCHOR1
			1320: R_RISCV_RELAX	*ABS*
    1324:	00070713          	mv	a4,a4
			1324: R_RISCV_LO12_I	.LANCHOR1
			1324: R_RISCV_RELAX	*ABS*
    1328:	972e                	add	a4,a4,a1
    132a:	36031f63          	bnez	t1,16a8 <.L301>
			132a: R_RISCV_BRANCH	.L301
    132e:	14074683          	lbu	a3,320(a4) # 140 <operator_decay+0x36>
    1332:	872e                	mv	a4,a1
    1334:	8536                	mv	a0,a3

00001336 <.L185>:
    1336:	4609                	li	a2,2
    1338:	00f67363          	bgeu	a2,a5,133e <.L186>
			1338: R_RISCV_BRANCH	.L186
    133c:	06a5                	addi	a3,a3,9 # 9 <operator_sustain+0x7>

0000133e <.L186>:
    133e:	00e887b3          	add	a5,a7,a4
    1342:	20d6c633          	sh2add	a2,a3,a3
    1346:	00000737          	lui	a4,0x0
			1346: R_RISCV_HI20	op
			1346: R_RISCV_RELAX	*ABS*
    134a:	0207c803          	lbu	a6,32(a5)
    134e:	20d64633          	sh2add	a2,a2,a3
    1352:	00070713          	mv	a4,a4
			1352: R_RISCV_LO12_I	op
			1352: R_RISCV_RELAX	*ABS*
    1356:	20e66633          	sh3add	a2,a2,a4
    135a:	07062883          	lw	a7,112(a2)
    135e:	48585313          	bexti	t1,a6,0x5
    1362:	08660423          	sb	t1,136(a2)
    1366:	4e0d                	li	t3,3
    1368:	02087e93          	andi	t4,a6,32
    136c:	00269793          	slli	a5,a3,0x2
    1370:	5bc88663          	beq	a7,t3,191c <.L302>
			1370: R_RISCV_BRANCH	.L302
    1374:	18f1                	addi	a7,a7,-4
    1376:	00089463          	bnez	a7,137e <.L188>
			1376: R_RISCV_BRANCH	.L188
    137a:	6c031b63          	bnez	t1,1a50 <.L303>
			137a: R_RISCV_BRANCH	.L303

0000137e <.L188>:
    137e:	97b6                	add	a5,a5,a3
    1380:	20d7c7b3          	sh2add	a5,a5,a3
    1384:	20e7e7b3          	sh3add	a5,a5,a4
    1388:	50b2                	lw	ra,44(sp)
    138a:	48685713          	bexti	a4,a6,0x6
    138e:	00785813          	srli	a6,a6,0x7
    1392:	08e784a3          	sb	a4,137(a5)
    1396:	09078523          	sb	a6,138(a5)
    139a:	6145                	addi	sp,sp,48
    139c:	00000317          	auipc	t1,0x0
			139c: R_RISCV_CALL_PLT	change_frequency
			139c: R_RISCV_RELAX	*ABS*
    13a0:	00030067          	jr	t1 # 139c <.L188+0x1e>

000013a4 <.L171>:
    13a4:	0e057713          	andi	a4,a0,224
    13a8:	06000693          	li	a3,96
    13ac:	0ed70663          	beq	a4,a3,1498 <.L175>
			13ac: R_RISCV_BRANCH	.L175
    13b0:	05000713          	li	a4,80
    13b4:	ece79ee3          	bne	a5,a4,1290 <.L167>
			13b4: R_RISCV_BRANCH	.L167

000013b8 <.L170>:
    13b8:	00757713          	andi	a4,a0,7
    13bc:	fc050593          	addi	a1,a0,-64
    13c0:	00673793          	sltiu	a5,a4,6
    13c4:	0ff5f593          	zext.b	a1,a1
    13c8:	ec0784e3          	beqz	a5,1290 <.L167>
			13c8: R_RISCV_BRANCH	.L167
    13cc:	0165b793          	sltiu	a5,a1,22
    13d0:	ec0780e3          	beqz	a5,1290 <.L167>
			13d0: R_RISCV_BRANCH	.L167
    13d4:	000007b7          	lui	a5,0x0
			13d4: R_RISCV_HI20	.LANCHOR1
			13d4: R_RISCV_RELAX	*ABS*
    13d8:	00078793          	mv	a5,a5
			13d8: R_RISCV_LO12_I	.LANCHOR1
			13d8: R_RISCV_RELAX	*ABS*
    13dc:	97ae                	add	a5,a5,a1
    13de:	2c031063          	bnez	t1,169e <.L304>
			13de: R_RISCV_BRANCH	.L304
    13e2:	1407c783          	lbu	a5,320(a5) # 140 <operator_decay+0x36>
    13e6:	853e                	mv	a0,a5

000013e8 <.L190>:
    13e8:	4689                	li	a3,2
    13ea:	00e6f363          	bgeu	a3,a4,13f0 <.L191>
			13ea: R_RISCV_BRANCH	.L191
    13ee:	07a5                	addi	a5,a5,9

000013f0 <.L191>:
    13f0:	50b2                	lw	ra,44(sp)
    13f2:	20f7c633          	sh2add	a2,a5,a5
    13f6:	00000737          	lui	a4,0x0
			13f6: R_RISCV_HI20	op
			13f6: R_RISCV_RELAX	*ABS*
    13fa:	20f64633          	sh2add	a2,a2,a5
    13fe:	00070713          	mv	a4,a4
			13fe: R_RISCV_LO12_I	op
			13fe: R_RISCV_RELAX	*ABS*
    1402:	20e66633          	sh3add	a2,a2,a4
    1406:	6145                	addi	sp,sp,48
    1408:	00000317          	auipc	t1,0x0
			1408: R_RISCV_CALL_PLT	change_frequency
			1408: R_RISCV_RELAX	*ABS*
    140c:	00030067          	jr	t1 # 1408 <.L191+0x18>

00001410 <.L299>:
    1410:	09000713          	li	a4,144
    1414:	0ee78463          	beq	a5,a4,14fc <.L168>
			1414: R_RISCV_BRANCH	.L168
    1418:	0a000713          	li	a4,160
    141c:	e6e79ae3          	bne	a5,a4,1290 <.L167>
			141c: R_RISCV_BRANCH	.L167
    1420:	f6050793          	addi	a5,a0,-160
    1424:	0ff7f793          	zext.b	a5,a5
    1428:	4721                	li	a4,8
    142a:	e6f763e3          	bltu	a4,a5,1290 <.L167>
			142a: R_RISCV_BRANCH	.L167
    142e:	873e                	mv	a4,a5
    1430:	00030463          	beqz	t1,1438 <.L195>
			1430: R_RISCV_BRANCH	.L195
    1434:	01278713          	addi	a4,a5,18

00001438 <.L195>:
    1438:	000006b7          	lui	a3,0x0
			1438: R_RISCV_HI20	.LANCHOR1
			1438: R_RISCV_RELAX	*ABS*
    143c:	00068693          	mv	a3,a3
			143c: R_RISCV_LO12_I	.LANCHOR1
			143c: R_RISCV_RELAX	*ABS*
    1440:	96be                	add	a3,a3,a5
    1442:	1706c583          	lbu	a1,368(a3) # 170 <.L27+0x1e>
    1446:	20e74633          	sh2add	a2,a4,a4
    144a:	000006b7          	lui	a3,0x0
			144a: R_RISCV_HI20	op
			144a: R_RISCV_RELAX	*ABS*
    144e:	20e64633          	sh2add	a2,a2,a4
    1452:	00068693          	mv	a3,a3
			1452: R_RISCV_LO12_I	op
			1452: R_RISCV_RELAX	*ABS*
    1456:	00f36533          	or	a0,t1,a5
    145a:	959a                	add	a1,a1,t1
    145c:	20d66633          	sh3add	a2,a2,a3
    1460:	ca3a                	sw	a4,20(sp)
    1462:	c82e                	sw	a1,16(sp)
    1464:	c62a                	sw	a0,12(sp)
    1466:	00000097          	auipc	ra,0x0
			1466: R_RISCV_CALL_PLT	change_frequency
			1466: R_RISCV_RELAX	*ABS*
    146a:	000080e7          	jalr	ra # 1466 <.L195+0x2e>
    146e:	4752                	lw	a4,20(sp)
    1470:	45c2                	lw	a1,16(sp)
    1472:	4532                	lw	a0,12(sp)
    1474:	0725                	addi	a4,a4,9 # 9 <operator_sustain+0x7>
    1476:	50b2                	lw	ra,44(sp)
    1478:	20e74633          	sh2add	a2,a4,a4
    147c:	000007b7          	lui	a5,0x0
			147c: R_RISCV_HI20	op
			147c: R_RISCV_RELAX	*ABS*
    1480:	20e64633          	sh2add	a2,a2,a4
    1484:	00078693          	mv	a3,a5
			1484: R_RISCV_LO12_I	op
			1484: R_RISCV_RELAX	*ABS*
    1488:	058d                	addi	a1,a1,3 # 3 <operator_sustain+0x1>
    148a:	20d66633          	sh3add	a2,a2,a3
    148e:	6145                	addi	sp,sp,48
    1490:	00000317          	auipc	t1,0x0
			1490: R_RISCV_CALL_PLT	change_frequency
			1490: R_RISCV_RELAX	*ABS*
    1494:	00030067          	jr	t1 # 1490 <.L195+0x58>

00001498 <.L175>:
    1498:	00757713          	andi	a4,a0,7
    149c:	fa050793          	addi	a5,a0,-96
    14a0:	00673713          	sltiu	a4,a4,6
    14a4:	0ff7f793          	zext.b	a5,a5
    14a8:	de0704e3          	beqz	a4,1290 <.L167>
			14a8: R_RISCV_BRANCH	.L167
    14ac:	0167b713          	sltiu	a4,a5,22
    14b0:	de0700e3          	beqz	a4,1290 <.L167>
			14b0: R_RISCV_BRANCH	.L167
    14b4:	00f36533          	or	a0,t1,a5
    14b8:	00030363          	beqz	t1,14be <.L192>
			14b8: R_RISCV_BRANCH	.L192
    14bc:	07d9                	addi	a5,a5,22 # 16 <.L4>

000014be <.L192>:
    14be:	00000737          	lui	a4,0x0
			14be: R_RISCV_HI20	.LANCHOR1
			14be: R_RISCV_RELAX	*ABS*
    14c2:	00070713          	mv	a4,a4
			14c2: R_RISCV_LO12_I	.LANCHOR1
			14c2: R_RISCV_RELAX	*ABS*
    14c6:	97ba                	add	a5,a5,a4
    14c8:	1587c703          	lbu	a4,344(a5)
    14cc:	000007b7          	lui	a5,0x0
			14cc: R_RISCV_HI20	op
			14cc: R_RISCV_RELAX	*ABS*
    14d0:	00078793          	mv	a5,a5
			14d0: R_RISCV_LO12_I	op
			14d0: R_RISCV_RELAX	*ABS*
    14d4:	20e745b3          	sh2add	a1,a4,a4
    14d8:	20e5c5b3          	sh2add	a1,a1,a4
    14dc:	20f5e5b3          	sh3add	a1,a1,a5
    14e0:	c82e                	sw	a1,16(sp)
    14e2:	c62a                	sw	a0,12(sp)
    14e4:	00000097          	auipc	ra,0x0
			14e4: R_RISCV_CALL_PLT	change_attackrate
			14e4: R_RISCV_RELAX	*ABS*
    14e8:	000080e7          	jalr	ra # 14e4 <.L192+0x26>
    14ec:	45c2                	lw	a1,16(sp)
    14ee:	4532                	lw	a0,12(sp)
    14f0:	50b2                	lw	ra,44(sp)
    14f2:	6145                	addi	sp,sp,48
    14f4:	00000317          	auipc	t1,0x0
			14f4: R_RISCV_CALL_PLT	change_decayrate
			14f4: R_RISCV_RELAX	*ABS*
    14f8:	00030067          	jr	t1 # 14f4 <.L192+0x36>

000014fc <.L168>:
    14fc:	00757793          	andi	a5,a0,7
    1500:	f8050713          	addi	a4,a0,-128
    1504:	0067b793          	sltiu	a5,a5,6
    1508:	0ff77713          	zext.b	a4,a4
    150c:	d80782e3          	beqz	a5,1290 <.L167>
			150c: R_RISCV_BRANCH	.L167
    1510:	01673793          	sltiu	a5,a4,22
    1514:	d6078ee3          	beqz	a5,1290 <.L167>
			1514: R_RISCV_BRANCH	.L167
    1518:	d422                	sw	s0,40(sp)
    151a:	00e36533          	or	a0,t1,a4
    151e:	00030363          	beqz	t1,1524 <.L193>
			151e: R_RISCV_BRANCH	.L193
    1522:	0759                	addi	a4,a4,22 # 16 <.L4>

00001524 <.L193>:
    1524:	000007b7          	lui	a5,0x0
			1524: R_RISCV_HI20	.LANCHOR1
			1524: R_RISCV_RELAX	*ABS*
    1528:	00078793          	mv	a5,a5
			1528: R_RISCV_LO12_I	.LANCHOR1
			1528: R_RISCV_RELAX	*ABS*
    152c:	97ba                	add	a5,a5,a4
    152e:	1587c683          	lbu	a3,344(a5) # 158 <.L27+0x6>
    1532:	000007b7          	lui	a5,0x0
			1532: R_RISCV_HI20	op
			1532: R_RISCV_RELAX	*ABS*
    1536:	00078793          	mv	a5,a5
			1536: R_RISCV_LO12_I	op
			1536: R_RISCV_RELAX	*ABS*
    153a:	20d6c733          	sh2add	a4,a3,a3
    153e:	20d74733          	sh2add	a4,a4,a3
    1542:	20f76433          	sh3add	s0,a4,a5
    1546:	85a2                	mv	a1,s0
    1548:	c62a                	sw	a0,12(sp)
    154a:	00000097          	auipc	ra,0x0
			154a: R_RISCV_CALL_PLT	change_releaserate
			154a: R_RISCV_RELAX	*ABS*
    154e:	000080e7          	jalr	ra # 154a <.L193+0x26>
    1552:	4532                	lw	a0,12(sp)
    1554:	000007b7          	lui	a5,0x0
			1554: R_RISCV_HI20	.LANCHOR0
			1554: R_RISCV_RELAX	*ABS*
    1558:	00078893          	mv	a7,a5
			1558: R_RISCV_LO12_I	.LANCHOR0
			1558: R_RISCV_RELAX	*ABS*
    155c:	9546                	add	a0,a0,a7
    155e:	08054503          	lbu	a0,128(a0)
    1562:	47bd                	li	a5,15
    1564:	8111                	srli	a0,a0,0x4
    1566:	14f51863          	bne	a0,a5,16b6 <.L305>
			1566: R_RISCV_BRANCH	.L305
    156a:	02042823          	sw	zero,48(s0)
    156e:	02042a23          	sw	zero,52(s0)
    1572:	5422                	lw	s0,40(sp)
    1574:	bb31                	j	1290 <.L167>
			1574: R_RISCV_RVC_JUMP	.L167

00001576 <.L176>:
    1576:	0bd00793          	li	a5,189
    157a:	18f50563          	beq	a0,a5,1704 <.L306>
			157a: R_RISCV_BRANCH	.L306
    157e:	f5050513          	addi	a0,a0,-176
    1582:	0ff57813          	zext.b	a6,a0
    1586:	47a1                	li	a5,8
    1588:	d107e4e3          	bltu	a5,a6,1290 <.L167>
			1588: R_RISCV_BRANCH	.L167
    158c:	8542                	mv	a0,a6
    158e:	00030463          	beqz	t1,1596 <.L223>
			158e: R_RISCV_BRANCH	.L223
    1592:	01280513          	addi	a0,a6,18

00001596 <.L223>:
    1596:	00000e37          	lui	t3,0x0
			1596: R_RISCV_HI20	.LANCHOR1
			1596: R_RISCV_RELAX	*ABS*
    159a:	000e0e13          	mv	t3,t3
			159a: R_RISCV_LO12_I	.LANCHOR1
			159a: R_RISCV_RELAX	*ABS*
    159e:	010e07b3          	add	a5,t3,a6
    15a2:	1707c583          	lbu	a1,368(a5) # 170 <.L27+0x1e>
    15a6:	00000737          	lui	a4,0x0
			15a6: R_RISCV_HI20	op
			15a6: R_RISCV_RELAX	*ABS*
    15aa:	20a547b3          	sh2add	a5,a0,a0
    15ae:	00070713          	mv	a4,a4
			15ae: R_RISCV_LO12_I	op
			15ae: R_RISCV_RELAX	*ABS*
    15b2:	20a7c7b3          	sh2add	a5,a5,a0
    15b6:	20e7e7b3          	sh3add	a5,a5,a4
    15ba:	0206f693          	andi	a3,a3,32
    15be:	0847ae83          	lw	t4,132(a5)
    15c2:	959a                	add	a1,a1,t1
    15c4:	00251613          	slli	a2,a0,0x2
    15c8:	42068663          	beqz	a3,19f4 <.L224>
			15c8: R_RISCV_BRANCH	.L224
    15cc:	020e9d63          	bnez	t4,1606 <.L225>
			15cc: R_RISCV_BRANCH	.L225
    15d0:	0ff00693          	li	a3,255
    15d4:	87ae                	mv	a5,a1
    15d6:	00b6f463          	bgeu	a3,a1,15de <.L226>
			15d6: R_RISCV_BRANCH	.L226
    15da:	f1658793          	addi	a5,a1,-234

000015de <.L226>:
    15de:	97c6                	add	a5,a5,a7
    15e0:	1007c683          	lbu	a3,256(a5)
    15e4:	00a607b3          	add	a5,a2,a0
    15e8:	20a7c7b3          	sh2add	a5,a5,a0
    15ec:	21c6c6b3          	sh2add	a3,a3,t3
    15f0:	0a06a683          	lw	a3,160(a3) # a0 <.L17+0x8>
    15f4:	20e7e7b3          	sh3add	a5,a5,a4
    15f8:	4e85                	li	t4,1
    15fa:	06c2                	slli	a3,a3,0x10
    15fc:	c794                	sw	a3,8(a5)
    15fe:	0607a823          	sw	zero,112(a5)
    1602:	09d7a223          	sw	t4,132(a5)

00001606 <.L225>:
    1606:	00950693          	addi	a3,a0,9
    160a:	20d6c7b3          	sh2add	a5,a3,a3
    160e:	20d7c7b3          	sh2add	a5,a5,a3
    1612:	20e7e7b3          	sh3add	a5,a5,a4
    1616:	0847af03          	lw	t5,132(a5)
    161a:	00358e93          	addi	t4,a1,3
    161e:	00269793          	slli	a5,a3,0x2
    1622:	020f1e63          	bnez	t5,165e <.L229>
			1622: R_RISCV_BRANCH	.L229
    1626:	0ff00f93          	li	t6,255
    162a:	8f76                	mv	t5,t4
    162c:	01dfd463          	bge	t6,t4,1634 <.L228>
			162c: R_RISCV_BRANCH	.L228
    1630:	f1958f13          	addi	t5,a1,-231

00001634 <.L228>:
    1634:	9f46                	add	t5,t5,a7
    1636:	100f4f03          	lbu	t5,256(t5)
    163a:	00d788b3          	add	a7,a5,a3
    163e:	20d8c8b3          	sh2add	a7,a7,a3
    1642:	21cf4e33          	sh2add	t3,t5,t3
    1646:	0a0e2e03          	lw	t3,160(t3) # a0 <.L17+0x8>
    164a:	20e8e8b3          	sh3add	a7,a7,a4
    164e:	4f05                	li	t5,1
    1650:	0e42                	slli	t3,t3,0x10
    1652:	01c8a423          	sw	t3,8(a7)
    1656:	0608a823          	sw	zero,112(a7)
    165a:	09e8a223          	sw	t5,132(a7)

0000165e <.L229>:
    165e:	962a                	add	a2,a2,a0
    1660:	20a64633          	sh2add	a2,a2,a0
    1664:	20e66633          	sh3add	a2,a2,a4
    1668:	01036533          	or	a0,t1,a6
    166c:	ce3e                	sw	a5,28(sp)
    166e:	cc36                	sw	a3,24(sp)
    1670:	c83a                	sw	a4,16(sp)
    1672:	c62a                	sw	a0,12(sp)
    1674:	ca76                	sw	t4,20(sp)
    1676:	00000097          	auipc	ra,0x0
			1676: R_RISCV_CALL_PLT	change_frequency
			1676: R_RISCV_RELAX	*ABS*
    167a:	000080e7          	jalr	ra # 1676 <.L229+0x18>
    167e:	46e2                	lw	a3,24(sp)
    1680:	47f2                	lw	a5,28(sp)
    1682:	4742                	lw	a4,16(sp)
    1684:	45d2                	lw	a1,20(sp)
    1686:	4532                	lw	a0,12(sp)
    1688:	50b2                	lw	ra,44(sp)
    168a:	97b6                	add	a5,a5,a3
    168c:	20d7c633          	sh2add	a2,a5,a3
    1690:	20e66633          	sh3add	a2,a2,a4
    1694:	6145                	addi	sp,sp,48
    1696:	00000317          	auipc	t1,0x0
			1696: R_RISCV_CALL_PLT	change_frequency
			1696: R_RISCV_RELAX	*ABS*
    169a:	00030067          	jr	t1 # 1696 <.L229+0x38>

0000169e <.L304>:
    169e:	1567c783          	lbu	a5,342(a5)
    16a2:	0ee78513          	addi	a0,a5,238
    16a6:	b389                	j	13e8 <.L190>
			16a6: R_RISCV_RVC_JUMP	.L190

000016a8 <.L301>:
    16a8:	15674683          	lbu	a3,342(a4) # 156 <.L27+0x4>
    16ac:	1005e713          	ori	a4,a1,256
    16b0:	0ee68513          	addi	a0,a3,238
    16b4:	b149                	j	1336 <.L185>
			16b4: R_RISCV_RVC_JUMP	.L185

000016b6 <.L305>:
    16b6:	00000097          	auipc	ra,0x0
			16b6: R_RISCV_CALL_PLT	__floatsidf
			16b6: R_RISCV_RELAX	*ABS*
    16ba:	000080e7          	jalr	ra # 16b6 <.L305>
    16be:	000007b7          	lui	a5,0x0
			16be: R_RISCV_HI20	.LC9
			16be: R_RISCV_RELAX	*ABS*
    16c2:	0007a603          	lw	a2,0(a5) # 0 <operator_off>
			16c2: R_RISCV_LO12_I	.LC9
			16c2: R_RISCV_RELAX	*ABS*
    16c6:	0047a683          	lw	a3,4(a5)
			16c6: R_RISCV_LO12_I	.LC9+0x4
			16c6: R_RISCV_RELAX	*ABS*+0x4
    16ca:	00000097          	auipc	ra,0x0
			16ca: R_RISCV_CALL_PLT	__muldf3
			16ca: R_RISCV_RELAX	*ABS*
    16ce:	000080e7          	jalr	ra # 16ca <.L305+0x14>
    16d2:	000007b7          	lui	a5,0x0
			16d2: R_RISCV_HI20	.LC3
			16d2: R_RISCV_RELAX	*ABS*
    16d6:	862a                	mv	a2,a0
    16d8:	86ae                	mv	a3,a1
    16da:	0007a503          	lw	a0,0(a5) # 0 <operator_off>
			16da: R_RISCV_LO12_I	.LC3
			16da: R_RISCV_RELAX	*ABS*
    16de:	0047a583          	lw	a1,4(a5)
			16de: R_RISCV_LO12_I	.LC3+0x4
			16de: R_RISCV_RELAX	*ABS*+0x4
    16e2:	00000097          	auipc	ra,0x0
			16e2: R_RISCV_CALL_PLT	pow
			16e2: R_RISCV_RELAX	*ABS*
    16e6:	000080e7          	jalr	ra # 16e2 <.L305+0x2c>
    16ea:	d808                	sw	a0,48(s0)
    16ec:	d84c                	sw	a1,52(s0)
    16ee:	5422                	lw	s0,40(sp)
    16f0:	b645                	j	1290 <.L167>
			16f0: R_RISCV_RVC_JUMP	.L167

000016f2 <.L300>:
    16f2:	60459693          	sext.b	a3,a1
    16f6:	2e06c663          	bltz	a3,19e2 <.L307>
			16f6: R_RISCV_BRANCH	.L307
    16fa:	000007b7          	lui	a5,0x0
			16fa: R_RISCV_HI20	status
			16fa: R_RISCV_RELAX	*ABS*
    16fe:	00078023          	sb	zero,0(a5) # 0 <operator_off>
			16fe: R_RISCV_LO12_S	status
			16fe: R_RISCV_RELAX	*ABS*
    1702:	b679                	j	1290 <.L167>
			1702: R_RISCV_RVC_JUMP	.L167

00001704 <.L306>:
    1704:	03000793          	li	a5,48
    1708:	00000737          	lui	a4,0x0
			1708: R_RISCV_HI20	op
			1708: R_RISCV_RELAX	*ABS*
    170c:	00070713          	mv	a4,a4
			170c: R_RISCV_LO12_I	op
			170c: R_RISCV_RELAX	*ABS*
    1710:	40b7f633          	andn	a2,a5,a1
    1714:	47472783          	lw	a5,1140(a4) # 474 <operator_output+0x16>
    1718:	28061463          	bnez	a2,19a0 <.L197>
			1718: R_RISCV_BRANCH	.L197
    171c:	e39d                	bnez	a5,1742 <.L198>
			171c: R_RISCV_RVC_BRANCH	.L198
    171e:	1108c783          	lbu	a5,272(a7)
    1722:	00000637          	lui	a2,0x0
			1722: R_RISCV_HI20	.LANCHOR1
			1722: R_RISCV_RELAX	*ABS*
    1726:	00060613          	mv	a2,a2
			1726: R_RISCV_LO12_I	.LANCHOR1
			1726: R_RISCV_RELAX	*ABS*
    172a:	20c7c7b3          	sh2add	a5,a5,a2
    172e:	0a07a783          	lw	a5,160(a5)
    1732:	4609                	li	a2,2
    1734:	46072023          	sw	zero,1120(a4)
    1738:	07c2                	slli	a5,a5,0x10
    173a:	3ef72c23          	sw	a5,1016(a4)
    173e:	46c72a23          	sw	a2,1140(a4)

00001742 <.L198>:
    1742:	00000637          	lui	a2,0x0
			1742: R_RISCV_HI20	op+0x3f0
			1742: R_RISCV_RELAX	*ABS*+0x3f0
    1746:	3f060613          	addi	a2,a2,1008 # 3f0 <operator_advance_drums+0xae>
			1746: R_RISCV_LO12_I	op+0x3f0
			1746: R_RISCV_RELAX	*ABS*+0x3f0
    174a:	45c1                	li	a1,16
    174c:	4519                	li	a0,6
    174e:	c836                	sw	a3,16(sp)
    1750:	c63a                	sw	a4,12(sp)
    1752:	00000097          	auipc	ra,0x0
			1752: R_RISCV_CALL_PLT	change_frequency
			1752: R_RISCV_RELAX	*ABS*
    1756:	000080e7          	jalr	ra # 1752 <.L198+0x10>
    175a:	4732                	lw	a4,12(sp)
    175c:	6785                	lui	a5,0x1
    175e:	000006b7          	lui	a3,0x0
			175e: R_RISCV_HI20	.LANCHOR0
			175e: R_RISCV_RELAX	*ABS*
    1762:	97ba                	add	a5,a5,a4
    1764:	a5c7a603          	lw	a2,-1444(a5) # a5c <.L132+0x24>
    1768:	00068893          	mv	a7,a3
			1768: R_RISCV_LO12_I	.LANCHOR0
			1768: R_RISCV_RELAX	*ABS*
    176c:	46c2                	lw	a3,16(sp)
    176e:	e21d                	bnez	a2,1794 <.L199>
			176e: R_RISCV_RVC_BRANCH	.L199
    1770:	1138c603          	lbu	a2,275(a7)
    1774:	000005b7          	lui	a1,0x0
			1774: R_RISCV_HI20	.LANCHOR1
			1774: R_RISCV_RELAX	*ABS*
    1778:	00058593          	mv	a1,a1
			1778: R_RISCV_LO12_I	.LANCHOR1
			1778: R_RISCV_RELAX	*ABS*
    177c:	20b64633          	sh2add	a2,a2,a1
    1780:	0a062603          	lw	a2,160(a2)
    1784:	4589                	li	a1,2
    1786:	a407a423          	sw	zero,-1464(a5)
    178a:	0642                	slli	a2,a2,0x10
    178c:	9ec7a023          	sw	a2,-1568(a5)
    1790:	a4b7ae23          	sw	a1,-1444(a5)

00001794 <.L199>:
    1794:	00001637          	lui	a2,0x1
			1794: R_RISCV_HI20	op+0x9d8
			1794: R_RISCV_RELAX	*ABS*+0x9d8
    1798:	9d860613          	addi	a2,a2,-1576 # 9d8 <change_keepsustain+0x10>
			1798: R_RISCV_LO12_I	op+0x9d8
			1798: R_RISCV_RELAX	*ABS*+0x9d8
    179c:	45cd                	li	a1,19
    179e:	4519                	li	a0,6
    17a0:	ca36                	sw	a3,20(sp)
    17a2:	c83a                	sw	a4,16(sp)
    17a4:	c63e                	sw	a5,12(sp)
    17a6:	00000097          	auipc	ra,0x0
			17a6: R_RISCV_CALL_PLT	change_frequency
			17a6: R_RISCV_RELAX	*ABS*
    17aa:	000080e7          	jalr	ra # 17a6 <.L199+0x12>
    17ae:	000006b7          	lui	a3,0x0
			17ae: R_RISCV_HI20	.LANCHOR0
			17ae: R_RISCV_RELAX	*ABS*
    17b2:	00068893          	mv	a7,a3
			17b2: R_RISCV_LO12_I	.LANCHOR0
			17b2: R_RISCV_RELAX	*ABS*
    17b6:	47b2                	lw	a5,12(sp)
    17b8:	4742                	lw	a4,16(sp)
    17ba:	46d2                	lw	a3,20(sp)

000017bc <.L200>:
    17bc:	02800613          	li	a2,40
    17c0:	40d675b3          	andn	a1,a2,a3
    17c4:	b047a603          	lw	a2,-1276(a5)
    17c8:	1a059c63          	bnez	a1,1980 <.L206>
			17c8: R_RISCV_BRANCH	.L206
    17cc:	e21d                	bnez	a2,17f2 <.L207>
			17cc: R_RISCV_RVC_BRANCH	.L207
    17ce:	1148c603          	lbu	a2,276(a7)
    17d2:	000005b7          	lui	a1,0x0
			17d2: R_RISCV_HI20	.LANCHOR1
			17d2: R_RISCV_RELAX	*ABS*
    17d6:	00058593          	mv	a1,a1
			17d6: R_RISCV_LO12_I	.LANCHOR1
			17d6: R_RISCV_RELAX	*ABS*
    17da:	20b64633          	sh2add	a2,a2,a1
    17de:	0a062603          	lw	a2,160(a2)
    17e2:	4589                	li	a1,2
    17e4:	ae07a823          	sw	zero,-1296(a5)
    17e8:	0642                	slli	a2,a2,0x10
    17ea:	a8c7a423          	sw	a2,-1400(a5)
    17ee:	b0b7a223          	sw	a1,-1276(a5)

000017f2 <.L207>:
    17f2:	00001637          	lui	a2,0x1
			17f2: R_RISCV_HI20	op+0xa80
			17f2: R_RISCV_RELAX	*ABS*+0xa80
    17f6:	a8060613          	addi	a2,a2,-1408 # a80 <change_frequency+0xa>
			17f6: R_RISCV_LO12_I	op+0xa80
			17f6: R_RISCV_RELAX	*ABS*+0xa80
    17fa:	45d1                	li	a1,20
    17fc:	451d                	li	a0,7
    17fe:	ca36                	sw	a3,20(sp)
    1800:	c83a                	sw	a4,16(sp)
    1802:	c63e                	sw	a5,12(sp)
    1804:	00000097          	auipc	ra,0x0
			1804: R_RISCV_CALL_PLT	change_frequency
			1804: R_RISCV_RELAX	*ABS*
    1808:	000080e7          	jalr	ra # 1804 <.L207+0x12>
    180c:	000006b7          	lui	a3,0x0
			180c: R_RISCV_HI20	.LANCHOR0
			180c: R_RISCV_RELAX	*ABS*
    1810:	00068893          	mv	a7,a3
			1810: R_RISCV_LO12_I	.LANCHOR0
			1810: R_RISCV_RELAX	*ABS*
    1814:	47b2                	lw	a5,12(sp)
    1816:	4742                	lw	a4,16(sp)
    1818:	46d2                	lw	a3,20(sp)

0000181a <.L208>:
    181a:	02400613          	li	a2,36
    181e:	40d675b3          	andn	a1,a2,a3
    1822:	5c472603          	lw	a2,1476(a4)
    1826:	12059f63          	bnez	a1,1964 <.L211>
			1826: R_RISCV_BRANCH	.L211
    182a:	e21d                	bnez	a2,1850 <.L212>
			182a: R_RISCV_RVC_BRANCH	.L212
    182c:	1128c603          	lbu	a2,274(a7)
    1830:	000005b7          	lui	a1,0x0
			1830: R_RISCV_HI20	.LANCHOR1
			1830: R_RISCV_RELAX	*ABS*
    1834:	00058593          	mv	a1,a1
			1834: R_RISCV_LO12_I	.LANCHOR1
			1834: R_RISCV_RELAX	*ABS*
    1838:	20b64633          	sh2add	a2,a2,a1
    183c:	0a062603          	lw	a2,160(a2)
    1840:	4589                	li	a1,2
    1842:	5a072823          	sw	zero,1456(a4)
    1846:	0642                	slli	a2,a2,0x10
    1848:	54c72423          	sw	a2,1352(a4)
    184c:	5cb72223          	sw	a1,1476(a4)

00001850 <.L212>:
    1850:	00000637          	lui	a2,0x0
			1850: R_RISCV_HI20	op+0x540
			1850: R_RISCV_RELAX	*ABS*+0x540
    1854:	54060613          	addi	a2,a2,1344 # 540 <change_attackrate+0x38>
			1854: R_RISCV_LO12_I	op+0x540
			1854: R_RISCV_RELAX	*ABS*+0x540
    1858:	45c9                	li	a1,18
    185a:	4521                	li	a0,8
    185c:	ca36                	sw	a3,20(sp)
    185e:	c83a                	sw	a4,16(sp)
    1860:	c63e                	sw	a5,12(sp)
    1862:	00000097          	auipc	ra,0x0
			1862: R_RISCV_CALL_PLT	change_frequency
			1862: R_RISCV_RELAX	*ABS*
    1866:	000080e7          	jalr	ra # 1862 <.L212+0x12>
    186a:	000006b7          	lui	a3,0x0
			186a: R_RISCV_HI20	.LANCHOR0
			186a: R_RISCV_RELAX	*ABS*
    186e:	00068893          	mv	a7,a3
			186e: R_RISCV_LO12_I	.LANCHOR0
			186e: R_RISCV_RELAX	*ABS*
    1872:	47b2                	lw	a5,12(sp)
    1874:	4742                	lw	a4,16(sp)
    1876:	46d2                	lw	a3,20(sp)

00001878 <.L213>:
    1878:	02200613          	li	a2,34
    187c:	40d675b3          	andn	a1,a2,a3
    1880:	bac7a603          	lw	a2,-1108(a5)
    1884:	e1f1                	bnez	a1,1948 <.L216>
			1884: R_RISCV_RVC_BRANCH	.L216
    1886:	e21d                	bnez	a2,18ac <.L217>
			1886: R_RISCV_RVC_BRANCH	.L217
    1888:	1158c603          	lbu	a2,277(a7)
    188c:	000005b7          	lui	a1,0x0
			188c: R_RISCV_HI20	.LANCHOR1
			188c: R_RISCV_RELAX	*ABS*
    1890:	00058593          	mv	a1,a1
			1890: R_RISCV_LO12_I	.LANCHOR1
			1890: R_RISCV_RELAX	*ABS*
    1894:	20b64633          	sh2add	a2,a2,a1
    1898:	0a062603          	lw	a2,160(a2)
    189c:	4589                	li	a1,2
    189e:	b807ac23          	sw	zero,-1128(a5)
    18a2:	0642                	slli	a2,a2,0x10
    18a4:	b2c7a823          	sw	a2,-1232(a5)
    18a8:	bab7a623          	sw	a1,-1108(a5)

000018ac <.L217>:
    18ac:	00001637          	lui	a2,0x1
			18ac: R_RISCV_HI20	op+0xb28
			18ac: R_RISCV_RELAX	*ABS*+0xb28
    18b0:	b2860613          	addi	a2,a2,-1240 # b28 <.L134+0x3c>
			18b0: R_RISCV_LO12_I	op+0xb28
			18b0: R_RISCV_RELAX	*ABS*+0xb28
    18b4:	45d5                	li	a1,21
    18b6:	4521                	li	a0,8
    18b8:	c836                	sw	a3,16(sp)
    18ba:	c63a                	sw	a4,12(sp)
    18bc:	00000097          	auipc	ra,0x0
			18bc: R_RISCV_CALL_PLT	change_frequency
			18bc: R_RISCV_RELAX	*ABS*
    18c0:	000080e7          	jalr	ra # 18bc <.L217+0x10>
    18c4:	4732                	lw	a4,12(sp)
    18c6:	46c2                	lw	a3,16(sp)
    18c8:	000007b7          	lui	a5,0x0
			18c8: R_RISCV_HI20	.LANCHOR0
			18c8: R_RISCV_RELAX	*ABS*
    18cc:	00078893          	mv	a7,a5
			18cc: R_RISCV_LO12_I	.LANCHOR0
			18cc: R_RISCV_RELAX	*ABS*

000018d0 <.L218>:
    18d0:	02100793          	li	a5,33
    18d4:	40d7f6b3          	andn	a3,a5,a3
    18d8:	51c72783          	lw	a5,1308(a4)
    18dc:	e6b1                	bnez	a3,1928 <.L221>
			18dc: R_RISCV_RVC_BRANCH	.L221
    18de:	e39d                	bnez	a5,1904 <.L222>
			18de: R_RISCV_RVC_BRANCH	.L222
    18e0:	1118c783          	lbu	a5,273(a7)
    18e4:	000006b7          	lui	a3,0x0
			18e4: R_RISCV_HI20	.LANCHOR1
			18e4: R_RISCV_RELAX	*ABS*
    18e8:	00068693          	mv	a3,a3
			18e8: R_RISCV_LO12_I	.LANCHOR1
			18e8: R_RISCV_RELAX	*ABS*
    18ec:	20d7c7b3          	sh2add	a5,a5,a3
    18f0:	0a07a783          	lw	a5,160(a5) # a0 <.L17+0x8>
    18f4:	4689                	li	a3,2
    18f6:	50072423          	sw	zero,1288(a4)
    18fa:	07c2                	slli	a5,a5,0x10
    18fc:	4af72023          	sw	a5,1184(a4)
    1900:	50d72e23          	sw	a3,1308(a4)

00001904 <.L222>:
    1904:	50b2                	lw	ra,44(sp)
    1906:	00000637          	lui	a2,0x0
			1906: R_RISCV_HI20	op+0x498
			1906: R_RISCV_RELAX	*ABS*+0x498
    190a:	49860613          	addi	a2,a2,1176 # 498 <operator_output+0x3a>
			190a: R_RISCV_LO12_I	op+0x498
			190a: R_RISCV_RELAX	*ABS*+0x498
    190e:	45c5                	li	a1,17
    1910:	451d                	li	a0,7
    1912:	6145                	addi	sp,sp,48
    1914:	00000317          	auipc	t1,0x0
			1914: R_RISCV_CALL_PLT	change_frequency
			1914: R_RISCV_RELAX	*ABS*
    1918:	00030067          	jr	t1 # 1914 <.L222+0x10>

0000191c <.L302>:
    191c:	a60e91e3          	bnez	t4,137e <.L188>
			191c: R_RISCV_BRANCH	.L188
    1920:	4891                	li	a7,4
    1922:	07162823          	sw	a7,112(a2)
    1926:	bca1                	j	137e <.L188>
			1926: R_RISCV_RVC_JUMP	.L188

00001928 <.L221>:
    1928:	960784e3          	beqz	a5,1290 <.L167>
			1928: R_RISCV_BRANCH	.L167
    192c:	9bf5                	andi	a5,a5,-3
    192e:	50f72e23          	sw	a5,1308(a4)
    1932:	94079fe3          	bnez	a5,1290 <.L167>
			1932: R_RISCV_BRANCH	.L167
    1936:	50872683          	lw	a3,1288(a4)
    193a:	4795                	li	a5,5
    193c:	94f68ae3          	beq	a3,a5,1290 <.L167>
			193c: R_RISCV_BRANCH	.L167
    1940:	4789                	li	a5,2
    1942:	50f72423          	sw	a5,1288(a4)
    1946:	b2a9                	j	1290 <.L167>
			1946: R_RISCV_RVC_JUMP	.L167

00001948 <.L216>:
    1948:	d641                	beqz	a2,18d0 <.L218>
			1948: R_RISCV_RVC_BRANCH	.L218
    194a:	9a75                	andi	a2,a2,-3
    194c:	bac7a623          	sw	a2,-1108(a5)
    1950:	f241                	bnez	a2,18d0 <.L218>
			1950: R_RISCV_RVC_BRANCH	.L218
    1952:	b987a583          	lw	a1,-1128(a5)
    1956:	4615                	li	a2,5
    1958:	f6c58ce3          	beq	a1,a2,18d0 <.L218>
			1958: R_RISCV_BRANCH	.L218
    195c:	4609                	li	a2,2
    195e:	b8c7ac23          	sw	a2,-1128(a5)
    1962:	b7bd                	j	18d0 <.L218>
			1962: R_RISCV_RVC_JUMP	.L218

00001964 <.L211>:
    1964:	da11                	beqz	a2,1878 <.L213>
			1964: R_RISCV_RVC_BRANCH	.L213
    1966:	9a75                	andi	a2,a2,-3
    1968:	5cc72223          	sw	a2,1476(a4)
    196c:	f611                	bnez	a2,1878 <.L213>
			196c: R_RISCV_RVC_BRANCH	.L213
    196e:	5b072583          	lw	a1,1456(a4)
    1972:	4615                	li	a2,5
    1974:	f0c582e3          	beq	a1,a2,1878 <.L213>
			1974: R_RISCV_BRANCH	.L213
    1978:	4609                	li	a2,2
    197a:	5ac72823          	sw	a2,1456(a4)
    197e:	bded                	j	1878 <.L213>
			197e: R_RISCV_RVC_JUMP	.L213

00001980 <.L206>:
    1980:	e8060de3          	beqz	a2,181a <.L208>
			1980: R_RISCV_BRANCH	.L208
    1984:	9a75                	andi	a2,a2,-3
    1986:	b0c7a223          	sw	a2,-1276(a5)
    198a:	e80618e3          	bnez	a2,181a <.L208>
			198a: R_RISCV_BRANCH	.L208
    198e:	af07a583          	lw	a1,-1296(a5)
    1992:	4615                	li	a2,5
    1994:	e8c583e3          	beq	a1,a2,181a <.L208>
			1994: R_RISCV_BRANCH	.L208
    1998:	4609                	li	a2,2
    199a:	aec7a823          	sw	a2,-1296(a5)
    199e:	bdb5                	j	181a <.L208>
			199e: R_RISCV_RVC_JUMP	.L208

000019a0 <.L197>:
    19a0:	cf89                	beqz	a5,19ba <.L202>
			19a0: R_RISCV_RVC_BRANCH	.L202
    19a2:	9bf5                	andi	a5,a5,-3
    19a4:	46f72a23          	sw	a5,1140(a4)
    19a8:	eb89                	bnez	a5,19ba <.L202>
			19a8: R_RISCV_RVC_BRANCH	.L202
    19aa:	46072603          	lw	a2,1120(a4)
    19ae:	4795                	li	a5,5
    19b0:	00f60563          	beq	a2,a5,19ba <.L202>
			19b0: R_RISCV_BRANCH	.L202
    19b4:	4789                	li	a5,2
    19b6:	46f72023          	sw	a5,1120(a4)

000019ba <.L202>:
    19ba:	6785                	lui	a5,0x1
    19bc:	97ba                	add	a5,a5,a4
    19be:	a5c7a603          	lw	a2,-1444(a5) # a5c <.L132+0x24>
    19c2:	de060de3          	beqz	a2,17bc <.L200>
			19c2: R_RISCV_BRANCH	.L200
    19c6:	9a75                	andi	a2,a2,-3
    19c8:	a4c7ae23          	sw	a2,-1444(a5)
    19cc:	de0618e3          	bnez	a2,17bc <.L200>
			19cc: R_RISCV_BRANCH	.L200
    19d0:	a487a583          	lw	a1,-1464(a5)
    19d4:	4615                	li	a2,5
    19d6:	dec583e3          	beq	a1,a2,17bc <.L200>
			19d6: R_RISCV_BRANCH	.L200
    19da:	4609                	li	a2,2
    19dc:	a4c7a423          	sw	a2,-1464(a5)
    19e0:	bbf1                	j	17bc <.L200>
			19e0: R_RISCV_RVC_JUMP	.L200

000019e2 <.L307>:
    19e2:	00000737          	lui	a4,0x0
			19e2: R_RISCV_HI20	status
			19e2: R_RISCV_RELAX	*ABS*
    19e6:	00074783          	lbu	a5,0(a4) # 0 <operator_off>
			19e6: R_RISCV_LO12_I	status
			19e6: R_RISCV_RELAX	*ABS*
    19ea:	f9f7f793          	andi	a5,a5,-97
    19ee:	00f70023          	sb	a5,0(a4)
			19ee: R_RISCV_LO12_S	status
			19ee: R_RISCV_RELAX	*ABS*
    19f2:	b879                	j	1290 <.L167>
			19f2: R_RISCV_RVC_JUMP	.L167

000019f4 <.L224>:
    19f4:	000e8f63          	beqz	t4,1a12 <.L231>
			19f4: R_RISCV_BRANCH	.L231
    19f8:	ffeefe93          	andi	t4,t4,-2
    19fc:	09d7a223          	sw	t4,132(a5)
    1a00:	000e9963          	bnez	t4,1a12 <.L231>
			1a00: R_RISCV_BRANCH	.L231
    1a04:	0707a883          	lw	a7,112(a5)
    1a08:	4695                	li	a3,5
    1a0a:	00d88463          	beq	a7,a3,1a12 <.L231>
			1a0a: R_RISCV_BRANCH	.L231
    1a0e:	4689                	li	a3,2
    1a10:	dbb4                	sw	a3,112(a5)

00001a12 <.L231>:
    1a12:	00950693          	addi	a3,a0,9
    1a16:	20d6c8b3          	sh2add	a7,a3,a3
    1a1a:	20d8c8b3          	sh2add	a7,a7,a3
    1a1e:	20e8e8b3          	sh3add	a7,a7,a4
    1a22:	0848ae03          	lw	t3,132(a7)
    1a26:	00269793          	slli	a5,a3,0x2
    1a2a:	00358e93          	addi	t4,a1,3 # 3 <operator_sustain+0x1>
    1a2e:	c20e08e3          	beqz	t3,165e <.L229>
			1a2e: R_RISCV_BRANCH	.L229
    1a32:	ffee7e13          	andi	t3,t3,-2
    1a36:	09c8a223          	sw	t3,132(a7)
    1a3a:	c20e12e3          	bnez	t3,165e <.L229>
			1a3a: R_RISCV_BRANCH	.L229
    1a3e:	0708af03          	lw	t5,112(a7)
    1a42:	4e15                	li	t3,5
    1a44:	c1cf0de3          	beq	t5,t3,165e <.L229>
			1a44: R_RISCV_BRANCH	.L229
    1a48:	4e09                	li	t3,2
    1a4a:	07c8a823          	sw	t3,112(a7)
    1a4e:	b901                	j	165e <.L229>
			1a4e: R_RISCV_RVC_JUMP	.L229

00001a50 <.L303>:
    1a50:	07c62823          	sw	t3,112(a2)
    1a54:	b22d                	j	137e <.L188>
			1a54: R_RISCV_RVC_JUMP	.L188

00001a56 <adlib_reg_read>:
    1a56:	8905                	andi	a0,a0,1
    1a58:	c501                	beqz	a0,1a60 <.L311>
			1a58: R_RISCV_RVC_BRANCH	.L311
    1a5a:	0ff00513          	li	a0,255
    1a5e:	8082                	ret

00001a60 <.L311>:
    1a60:	000007b7          	lui	a5,0x0
			1a60: R_RISCV_HI20	status
			1a60: R_RISCV_RELAX	*ABS*
    1a64:	0007c503          	lbu	a0,0(a5) # 0 <operator_off>
			1a64: R_RISCV_LO12_I	status
			1a64: R_RISCV_RELAX	*ABS*
    1a68:	00656513          	ori	a0,a0,6
    1a6c:	8082                	ret

00001a6e <adlib_write_index>:
    1a6e:	000007b7          	lui	a5,0x0
			1a6e: R_RISCV_HI20	opl_index
			1a6e: R_RISCV_RELAX	*ABS*
    1a72:	00b7a023          	sw	a1,0(a5) # 0 <operator_off>
			1a72: R_RISCV_LO12_S	opl_index
			1a72: R_RISCV_RELAX	*ABS*
    1a76:	8082                	ret

00001a78 <adlib_getsample>:
    1a78:	72f9                	lui	t0,0xffffe
    1a7a:	7139                	addi	sp,sp,-64
    1a7c:	7c028293          	addi	t0,t0,1984 # ffffe7c0 <op+0xffffabe0>
    1a80:	da26                	sw	s1,52(sp)
    1a82:	de06                	sw	ra,60(sp)
    1a84:	dc22                	sw	s0,56(sp)
    1a86:	d84a                	sw	s2,48(sp)
    1a88:	d64e                	sw	s3,44(sp)
    1a8a:	d452                	sw	s4,40(sp)
    1a8c:	d256                	sw	s5,36(sp)
    1a8e:	d05a                	sw	s6,32(sp)
    1a90:	ce5e                	sw	s7,28(sp)
    1a92:	cc62                	sw	s8,24(sp)
    1a94:	ca66                	sw	s9,20(sp)
    1a96:	c86a                	sw	s10,16(sp)
    1a98:	c66e                	sw	s11,12(sp)
    1a9a:	9116                	add	sp,sp,t0
    1a9c:	da2a                	sw	a0,52(sp)
    1a9e:	06b056e3          	blez	a1,230a <.L313>
			1a9e: R_RISCV_BRANCH	.L313
    1aa2:	6785                	lui	a5,0x1
    1aa4:	04078793          	addi	a5,a5,64 # 1040 <.L150+0x4e>
    1aa8:	00000737          	lui	a4,0x0
			1aa8: R_RISCV_HI20	.LANCHOR0
			1aa8: R_RISCV_RELAX	*ABS*
    1aac:	002786b3          	add	a3,a5,sp
    1ab0:	00070713          	mv	a4,a4
			1ab0: R_RISCV_LO12_I	.LANCHOR0
			1ab0: R_RISCV_RELAX	*ABS*
    1ab4:	000007b7          	lui	a5,0x0
			1ab4: R_RISCV_HI20	op
			1ab4: R_RISCV_RELAX	*ABS*
    1ab8:	c63a                	sw	a4,12(sp)
    1aba:	80068713          	addi	a4,a3,-2048 # fffff800 <op+0xffffbc20>
    1abe:	dc2e                	sw	a1,56(sp)
    1ac0:	d63a                	sw	a4,44(sp)
    1ac2:	00078a13          	mv	s4,a5
			1ac2: R_RISCV_LO12_I	op
			1ac2: R_RISCV_RELAX	*ABS*
    1ac6:	d802                	sw	zero,48(sp)

00001ac8 <.L314>:
    1ac8:	57e2                	lw	a5,56(sp)
    1aca:	5742                	lw	a4,48(sp)
    1acc:	4581                	li	a1,0
    1ace:	0088                	addi	a0,sp,64
    1ad0:	40e78333          	sub	t1,a5,a4
    1ad4:	20000793          	li	a5,512
    1ad8:	0af34333          	min	t1,t1,a5
    1adc:	00231413          	slli	s0,t1,0x2
    1ae0:	8622                	mv	a2,s0
    1ae2:	c41a                	sw	t1,8(sp)
    1ae4:	d422                	sw	s0,40(sp)
    1ae6:	00000097          	auipc	ra,0x0
			1ae6: R_RISCV_CALL_PLT	memset
			1ae6: R_RISCV_RELAX	*ABS*
    1aea:	000080e7          	jalr	ra # 1ae6 <.L314+0x1e>
    1aee:	47b2                	lw	a5,12(sp)
    1af0:	00000737          	lui	a4,0x0
			1af0: R_RISCV_HI20	tremtab_add
			1af0: R_RISCV_RELAX	*ABS*
    1af4:	6585                	lui	a1,0x1
    1af6:	0bd7c683          	lbu	a3,189(a5) # bd <.L17+0x25>
    1afa:	0090                	addi	a2,sp,64
    1afc:	000007b7          	lui	a5,0x0
			1afc: R_RISCV_HI20	vibtab_add
			1afc: R_RISCV_RELAX	*ABS*
    1b00:	0007a283          	lw	t0,0(a5) # 0 <operator_off>
			1b00: R_RISCV_LO12_I	vibtab_add
			1b00: R_RISCV_RELAX	*ABS*
    1b04:	00072f83          	lw	t6,0(a4) # 0 <operator_off>
			1b04: R_RISCV_LO12_I	tremtab_add
			1b04: R_RISCV_RELAX	*ABS*
    1b08:	000007b7          	lui	a5,0x0
			1b08: R_RISCV_HI20	vibtab_pos
			1b08: R_RISCV_RELAX	*ABS*
    1b0c:	00000737          	lui	a4,0x0
			1b0c: R_RISCV_HI20	tremtab_pos
			1b0c: R_RISCV_RELAX	*ABS*
    1b10:	4866de93          	bexti	t4,a3,0x6
    1b14:	95b2                	add	a1,a1,a2
    1b16:	0007a783          	lw	a5,0(a5) # 0 <operator_off>
			1b16: R_RISCV_LO12_I	vibtab_pos
			1b16: R_RISCV_RELAX	*ABS*
    1b1a:	00072703          	lw	a4,0(a4) # 0 <operator_off>
			1b1a: R_RISCV_LO12_I	tremtab_pos
			1b1a: R_RISCV_RELAX	*ABS*
    1b1e:	5532                	lw	a0,44(sp)
    1b20:	4322                	lw	t1,8(sp)
    1b22:	001ece93          	xori	t4,t4,1
    1b26:	60469393          	sext.b	t2,a3
    1b2a:	00858f33          	add	t5,a1,s0
    1b2e:	080008b7          	lui	a7,0x8000
    1b32:	35000837          	lui	a6,0x35000
    1b36:	a809                	j	1b48 <.L319>
			1b36: R_RISCV_RVC_JUMP	.L319

00001b38 <.L317>:
    1b38:	30ce2603          	lw	a2,780(t3)
    1b3c:	0591                	addi	a1,a1,4 # 1004 <.L150+0x12>
    1b3e:	0511                	addi	a0,a0,4
    1b40:	fec5ae23          	sw	a2,-4(a1)
    1b44:	04bf0563          	beq	t5,a1,1b8e <.L484>
			1b44: R_RISCV_BRANCH	.L484

00001b48 <.L319>:
    1b48:	9796                	add	a5,a5,t0
    1b4a:	977e                	add	a4,a4,t6
    1b4c:	0117e463          	bltu	a5,a7,1b54 <.L315>
			1b4c: R_RISCV_BRANCH	.L315
    1b50:	411787b3          	sub	a5,a5,a7

00001b54 <.L315>:
    1b54:	4432                	lw	s0,12(sp)
    1b56:	0187d613          	srli	a2,a5,0x18
    1b5a:	20864633          	sh2add	a2,a2,s0
    1b5e:	21862603          	lw	a2,536(a2)
    1b62:	41d65633          	sra	a2,a2,t4
    1b66:	01076463          	bltu	a4,a6,1b6e <.L316>
			1b66: R_RISCV_BRANCH	.L316
    1b6a:	41070733          	sub	a4,a4,a6

00001b6e <.L316>:
    1b6e:	4432                	lw	s0,12(sp)
    1b70:	c110                	sw	a2,0(a0)
    1b72:	01875613          	srli	a2,a4,0x18
    1b76:	20864e33          	sh2add	t3,a2,s0
    1b7a:	fa03dfe3          	bgez	t2,1b38 <.L317>
			1b7a: R_RISCV_BRANCH	.L317
    1b7e:	238e2603          	lw	a2,568(t3)
    1b82:	0591                	addi	a1,a1,4
    1b84:	0511                	addi	a0,a0,4
    1b86:	fec5ae23          	sw	a2,-4(a1)
    1b8a:	fabf1fe3          	bne	t5,a1,1b48 <.L319>
			1b8a: R_RISCV_BRANCH	.L319

00001b8e <.L484>:
    1b8e:	00000637          	lui	a2,0x0
			1b8e: R_RISCV_HI20	tremtab_pos
			1b8e: R_RISCV_RELAX	*ABS*
    1b92:	00e62023          	sw	a4,0(a2) # 0 <operator_off>
			1b92: R_RISCV_LO12_S	tremtab_pos
			1b92: R_RISCV_RELAX	*ABS*
    1b96:	00000737          	lui	a4,0x0
			1b96: R_RISCV_HI20	vibtab_pos
			1b96: R_RISCV_RELAX	*ABS*
    1b9a:	00f72023          	sw	a5,0(a4) # 0 <operator_off>
			1b9a: R_RISCV_LO12_S	vibtab_pos
			1b9a: R_RISCV_RELAX	*ABS*
    1b9e:	0206f713          	andi	a4,a3,32
    1ba2:	87ba                	mv	a5,a4
    1ba4:	c729                	beqz	a4,1bee <.L355>
			1ba4: R_RISCV_RVC_BRANCH	.L355
    1ba6:	47b2                	lw	a5,12(sp)
    1ba8:	6c05                	lui	s8,0x1
    1baa:	9c52                	add	s8,s8,s4
    1bac:	0c67c783          	lbu	a5,198(a5)
    1bb0:	a48c2c83          	lw	s9,-1464(s8) # a48 <.L132+0x10>
    1bb4:	8b85                	andi	a5,a5,1
    1bb6:	3e078ce3          	beqz	a5,27ae <.L322>
			1bb6: R_RISCV_BRANCH	.L322
    1bba:	4795                	li	a5,5
    1bbc:	60fc93e3          	bne	s9,a5,29c2 <.L485>
			1bbc: R_RISCV_BRANCH	.L485

00001bc0 <.L323>:
    1bc0:	5b0a2403          	lw	s0,1456(s4)
    1bc4:	4715                	li	a4,5
    1bc6:	46e41be3          	bne	s0,a4,283c <.L486>
			1bc6: R_RISCV_BRANCH	.L486

00001bca <.L346>:
    1bca:	508a2783          	lw	a5,1288(s4)
    1bce:	4715                	li	a4,5
    1bd0:	40e794e3          	bne	a5,a4,27d8 <.L353>
			1bd0: R_RISCV_BRANCH	.L353
    1bd4:	af0c2703          	lw	a4,-1296(s8)
    1bd8:	08f719e3          	bne	a4,a5,246a <.L354>
			1bd8: R_RISCV_BRANCH	.L354
    1bdc:	b98c2783          	lw	a5,-1128(s8)
    1be0:	08e795e3          	bne	a5,a4,246a <.L354>
			1be0: R_RISCV_BRANCH	.L354

00001be4 <.L479>:
    1be4:	47b2                	lw	a5,12(sp)
    1be6:	0bd7c683          	lbu	a3,189(a5)
    1bea:	0206f793          	andi	a5,a3,32

00001bee <.L355>:
    1bee:	56a2                	lw	a3,40(sp)
    1bf0:	00000737          	lui	a4,0x0
			1bf0: R_RISCV_HI20	.LANCHOR2
			1bf0: R_RISCV_RELAX	*ABS*
    1bf4:	04010b93          	addi	s7,sp,64
    1bf8:	96de                	add	a3,a3,s7
    1bfa:	00070d13          	mv	s10,a4
			1bfa: R_RISCV_LO12_I	.LANCHOR2
			1bfa: R_RISCV_RELAX	*ABS*
    1bfe:	00001737          	lui	a4,0x1
			1bfe: R_RISCV_HI20	op+0xb28
			1bfe: R_RISCV_RELAX	*ABS*+0xb28
    1c02:	c436                	sw	a3,8(sp)
    1c04:	b2870c13          	addi	s8,a4,-1240 # b28 <.L134+0x3c>
			1c04: R_RISCV_LO12_I	op+0xb28
			1c04: R_RISCV_RELAX	*ABS*+0xb28
    1c08:	4b09                	li	s6,2
    1c0a:	de1a                	sw	t1,60(sp)

00001c0c <.L321>:
    1c0c:	c781                	beqz	a5,1c14 <.L372>
			1c0c: R_RISCV_RVC_BRANCH	.L372
    1c0e:	4789                	li	a5,2
    1c10:	6b67f963          	bgeu	a5,s6,22c2 <.L373>
			1c10: R_RISCV_BRANCH	.L373

00001c14 <.L372>:
    1c14:	47b2                	lw	a5,12(sp)
    1c16:	070c2703          	lw	a4,112(s8)
    1c1a:	a18c0e93          	addi	t4,s8,-1512
    1c1e:	97da                	add	a5,a5,s6
    1c20:	0c67c783          	lbu	a5,198(a5)
    1c24:	8b85                	andi	a5,a5,1
    1c26:	2a078563          	beqz	a5,1ed0 <.L374>
			1c26: R_RISCV_BRANCH	.L374
    1c2a:	4795                	li	a5,5
    1c2c:	5ef71363          	bne	a4,a5,2212 <.L375>
			1c2c: R_RISCV_BRANCH	.L375
    1c30:	a88c2803          	lw	a6,-1400(s8)
    1c34:	8542                	mv	a0,a6
    1c36:	28e80163          	beq	a6,a4,1eb8 <.L376>
			1c36: R_RISCV_BRANCH	.L376
    1c3a:	aa1c4783          	lbu	a5,-1375(s8)
    1c3e:	7a079c63          	bnez	a5,23f6 <.L377>
			1c3e: R_RISCV_BRANCH	.L377
    1c42:	000007b7          	lui	a5,0x0
			1c42: R_RISCV_HI20	vibval_const
			1c42: R_RISCV_RELAX	*ABS*
    1c46:	00078793          	mv	a5,a5
			1c46: R_RISCV_LO12_I	vibval_const
			1c46: R_RISCV_RELAX	*ABS*
    1c4a:	000005b7          	lui	a1,0x0
			1c4a: R_RISCV_HI20	vibval1
			1c4a: R_RISCV_RELAX	*ABS*
    1c4e:	00f5a023          	sw	a5,0(a1) # 0 <operator_off>
			1c4e: R_RISCV_LO12_S	vibval1
			1c4e: R_RISCV_RELAX	*ABS*
    1c52:	86be                	mv	a3,a5

00001c54 <.L378>:
    1c54:	00000cb7          	lui	s9,0x0
			1c54: R_RISCV_HI20	vibval2
			1c54: R_RISCV_RELAX	*ABS*
    1c58:	00fca023          	sw	a5,0(s9) # 0 <operator_off>
			1c58: R_RISCV_LO12_S	vibval2
			1c58: R_RISCV_RELAX	*ABS*
    1c5c:	aa2c4783          	lbu	a5,-1374(s8)
    1c60:	64078063          	beqz	a5,22a0 <.L425>
			1c60: R_RISCV_BRANCH	.L425

00001c64 <.L494>:
    1c64:	6785                	lui	a5,0x1
    1c66:	0098                	addi	a4,sp,64
    1c68:	97ba                	add	a5,a5,a4
    1c6a:	00000db7          	lui	s11,0x0
			1c6a: R_RISCV_HI20	tremval1
			1c6a: R_RISCV_RELAX	*ABS*
    1c6e:	00fda023          	sw	a5,0(s11) # 0 <operator_off>
			1c6e: R_RISCV_LO12_S	tremval1
			1c6e: R_RISCV_RELAX	*ABS*
    1c72:	08ac4783          	lbu	a5,138(s8)
    1c76:	64078163          	beqz	a5,22b8 <.L426>
			1c76: R_RISCV_BRANCH	.L426

00001c7a <.L495>:
    1c7a:	6605                	lui	a2,0x1
    1c7c:	009c                	addi	a5,sp,64
    1c7e:	963e                	add	a2,a2,a5

00001c80 <.L389>:
    1c80:	00000ab7          	lui	s5,0x0
			1c80: R_RISCV_HI20	tremval2
			1c80: R_RISCV_RELAX	*ABS*
    1c84:	cc6e                	sw	s11,24(sp)
    1c86:	00caa023          	sw	a2,0(s5) # 0 <operator_off>
			1c86: R_RISCV_LO12_S	tremval2
			1c86: R_RISCV_RELAX	*ABS*
    1c8a:	84de                	mv	s1,s7
    1c8c:	4401                	li	s0,0
    1c8e:	00000937          	lui	s2,0x0
			1c8e: R_RISCV_HI20	generator_add
			1c8e: R_RISCV_RELAX	*ABS*
    1c92:	4995                	li	s3,5
    1c94:	c876                	sw	t4,16(sp)
    1c96:	d05a                	sw	s6,32(sp)
    1c98:	d25e                	sw	s7,36(sp)
    1c9a:	ca2e                	sw	a1,20(sp)
    1c9c:	8dd6                	mv	s11,s5
    1c9e:	a039                	j	1cac <.L392>
			1c9e: R_RISCV_RVC_JUMP	.L392

00001ca0 <.L487>:
    1ca0:	47d2                	lw	a5,20(sp)
    1ca2:	a88c2803          	lw	a6,-1400(s8)
    1ca6:	0411                	addi	s0,s0,4
    1ca8:	0007a683          	lw	a3,0(a5) # 1000 <.L150+0xe>
			1ca8: R_RISCV_LO12_I	vibval1
			1ca8: R_RISCV_RELAX	*ABS*

00001cac <.L392>:
    1cac:	96a2                	add	a3,a3,s0
    1cae:	4290                	lw	a2,0(a3)
    1cb0:	a28c2703          	lw	a4,-1496(s8)
    1cb4:	a20c2503          	lw	a0,-1504(s8)
    1cb8:	aa4c2583          	lw	a1,-1372(s8)
    1cbc:	02c70633          	mul	a2,a4,a2
    1cc0:	00e506b3          	add	a3,a0,a4
    1cc4:	00092703          	lw	a4,0(s2) # 0 <operator_off>
			1cc4: R_RISCV_LO12_I	generator_add
			1cc4: R_RISCV_RELAX	*ABS*
    1cc8:	21a84833          	sh2add	a6,a6,s10
    1ccc:	a2ac2223          	sw	a0,-1500(s8)
    1cd0:	95ba                	add	a1,a1,a4
    1cd2:	00082803          	lw	a6,0(a6) # 35000000 <op+0x34ffc420>
    1cd6:	4542                	lw	a0,16(sp)
    1cd8:	aabc2223          	sw	a1,-1372(s8)
    1cdc:	41f65713          	srai	a4,a2,0x1f
    1ce0:	08074733          	zext.h	a4,a4
    1ce4:	9732                	add	a4,a4,a2
    1ce6:	8741                	srai	a4,a4,0x10
    1ce8:	9736                	add	a4,a4,a3
    1cea:	a2ec2023          	sw	a4,-1504(s8)
    1cee:	9802                	jalr	a6
    1cf0:	a88c2703          	lw	a4,-1400(s8)
    1cf4:	0b370d63          	beq	a4,s3,1dae <.L390>
			1cf4: R_RISCV_BRANCH	.L390
    1cf8:	a18c2603          	lw	a2,-1512(s8)
    1cfc:	a1cc2683          	lw	a3,-1508(s8)
    1d00:	a50c2703          	lw	a4,-1456(s8)
    1d04:	47e2                	lw	a5,24(sp)
    1d06:	96b2                	add	a3,a3,a2
    1d08:	02e686b3          	mul	a3,a3,a4
    1d0c:	0007a703          	lw	a4,0(a5)
			1d0c: R_RISCV_LO12_I	tremval1
			1d0c: R_RISCV_RELAX	*ABS*
    1d10:	a24c2803          	lw	a6,-1500(s8)
    1d14:	a98c2503          	lw	a0,-1384(s8)
    1d18:	9722                	add	a4,a4,s0
    1d1a:	00072a83          	lw	s5,0(a4)
    1d1e:	a94c2583          	lw	a1,-1388(s8)
    1d22:	a0cc2e23          	sw	a2,-1508(s8)
    1d26:	01f6d713          	srli	a4,a3,0x1f
    1d2a:	9736                	add	a4,a4,a3
    1d2c:	8705                	srai	a4,a4,0x1
    1d2e:	9742                	add	a4,a4,a6
    1d30:	8341                	srli	a4,a4,0x10
    1d32:	8f69                	and	a4,a4,a0
    1d34:	20b72733          	sh1add	a4,a4,a1
    1d38:	00071503          	lh	a0,0(a4)
    1d3c:	00000097          	auipc	ra,0x0
			1d3c: R_RISCV_CALL_PLT	__floatsidf
			1d3c: R_RISCV_RELAX	*ABS*
    1d40:	000080e7          	jalr	ra # 1d3c <.L392+0x90>
    1d44:	8b2a                	mv	s6,a0
    1d46:	8bae                	mv	s7,a1
    1d48:	a40c2603          	lw	a2,-1472(s8)
    1d4c:	a44c2683          	lw	a3,-1468(s8)
    1d50:	a38c2503          	lw	a0,-1480(s8)
    1d54:	a3cc2583          	lw	a1,-1476(s8)
    1d58:	00000097          	auipc	ra,0x0
			1d58: R_RISCV_CALL_PLT	__muldf3
			1d58: R_RISCV_RELAX	*ABS*
    1d5c:	000080e7          	jalr	ra # 1d58 <.L392+0xac>
    1d60:	862a                	mv	a2,a0
    1d62:	86ae                	mv	a3,a1
    1d64:	855a                	mv	a0,s6
    1d66:	85de                	mv	a1,s7
    1d68:	00000097          	auipc	ra,0x0
			1d68: R_RISCV_CALL_PLT	__muldf3
			1d68: R_RISCV_RELAX	*ABS*
    1d6c:	000080e7          	jalr	ra # 1d68 <.L392+0xbc>
    1d70:	8b2a                	mv	s6,a0
    1d72:	8556                	mv	a0,s5
    1d74:	8bae                	mv	s7,a1
    1d76:	00000097          	auipc	ra,0x0
			1d76: R_RISCV_CALL_PLT	__floatsidf
			1d76: R_RISCV_RELAX	*ABS*
    1d7a:	000080e7          	jalr	ra # 1d76 <.L392+0xca>
    1d7e:	862a                	mv	a2,a0
    1d80:	86ae                	mv	a3,a1
    1d82:	855a                	mv	a0,s6
    1d84:	85de                	mv	a1,s7
    1d86:	00000097          	auipc	ra,0x0
			1d86: R_RISCV_CALL_PLT	__muldf3
			1d86: R_RISCV_RELAX	*ABS*
    1d8a:	000080e7          	jalr	ra # 1d86 <.L392+0xda>
    1d8e:	000007b7          	lui	a5,0x0
			1d8e: R_RISCV_HI20	.LC2
			1d8e: R_RISCV_RELAX	*ABS*
    1d92:	0007a603          	lw	a2,0(a5) # 0 <operator_off>
			1d92: R_RISCV_LO12_I	.LC2
			1d92: R_RISCV_RELAX	*ABS*
    1d96:	0047a683          	lw	a3,4(a5)
			1d96: R_RISCV_LO12_I	.LC2+0x4
			1d96: R_RISCV_RELAX	*ABS*+0x4
    1d9a:	00000097          	auipc	ra,0x0
			1d9a: R_RISCV_CALL_PLT	__muldf3
			1d9a: R_RISCV_RELAX	*ABS*
    1d9e:	000080e7          	jalr	ra # 1d9a <.L392+0xee>
    1da2:	00000097          	auipc	ra,0x0
			1da2: R_RISCV_CALL_PLT	__fixdfsi
			1da2: R_RISCV_RELAX	*ABS*
    1da6:	000080e7          	jalr	ra # 1da2 <.L392+0xf6>
    1daa:	a0ac2c23          	sw	a0,-1512(s8)

00001dae <.L390>:
    1dae:	000ca603          	lw	a2,0(s9)
			1dae: R_RISCV_LO12_I	vibval2
			1dae: R_RISCV_RELAX	*ABS*
    1db2:	010c2703          	lw	a4,16(s8)
    1db6:	070c2683          	lw	a3,112(s8)
    1dba:	9622                	add	a2,a2,s0
    1dbc:	4210                	lw	a2,0(a2)
    1dbe:	008c2583          	lw	a1,8(s8)
    1dc2:	21a6c6b3          	sh2add	a3,a3,s10
    1dc6:	02c70633          	mul	a2,a4,a2
    1dca:	0006a803          	lw	a6,0(a3)
    1dce:	00bc2623          	sw	a1,12(s8)
    1dd2:	00e586b3          	add	a3,a1,a4
    1dd6:	08cc2703          	lw	a4,140(s8)
    1dda:	00092583          	lw	a1,0(s2)
			1dda: R_RISCV_LO12_I	generator_add
			1dda: R_RISCV_RELAX	*ABS*
    1dde:	8562                	mv	a0,s8
    1de0:	972e                	add	a4,a4,a1
    1de2:	08ec2623          	sw	a4,140(s8)
    1de6:	41f65713          	srai	a4,a2,0x1f
    1dea:	08074733          	zext.h	a4,a4
    1dee:	9732                	add	a4,a4,a2
    1df0:	8741                	srai	a4,a4,0x10
    1df2:	9736                	add	a4,a4,a3
    1df4:	00ec2423          	sw	a4,8(s8)
    1df8:	9802                	jalr	a6
    1dfa:	070c2683          	lw	a3,112(s8)
    1dfe:	000c2703          	lw	a4,0(s8)
    1e02:	09368f63          	beq	a3,s3,1ea0 <.L391>
			1e02: R_RISCV_BRANCH	.L391
    1e06:	080c2503          	lw	a0,128(s8)
    1e0a:	00ec5683          	lhu	a3,14(s8)
    1e0e:	07cc2583          	lw	a1,124(s8)
    1e12:	000da603          	lw	a2,0(s11)
			1e12: R_RISCV_LO12_I	tremval2
			1e12: R_RISCV_RELAX	*ABS*
    1e16:	8ee9                	and	a3,a3,a0
    1e18:	20b6a6b3          	sh1add	a3,a3,a1
    1e1c:	00069503          	lh	a0,0(a3)
    1e20:	008606b3          	add	a3,a2,s0
    1e24:	0006aa83          	lw	s5,0(a3)
    1e28:	00ec2223          	sw	a4,4(s8)
    1e2c:	00000097          	auipc	ra,0x0
			1e2c: R_RISCV_CALL_PLT	__floatsidf
			1e2c: R_RISCV_RELAX	*ABS*
    1e30:	000080e7          	jalr	ra # 1e2c <.L390+0x7e>
    1e34:	8b2a                	mv	s6,a0
    1e36:	8bae                	mv	s7,a1
    1e38:	028c2603          	lw	a2,40(s8)
    1e3c:	02cc2683          	lw	a3,44(s8)
    1e40:	020c2503          	lw	a0,32(s8)
    1e44:	024c2583          	lw	a1,36(s8)
    1e48:	00000097          	auipc	ra,0x0
			1e48: R_RISCV_CALL_PLT	__muldf3
			1e48: R_RISCV_RELAX	*ABS*
    1e4c:	000080e7          	jalr	ra # 1e48 <.L390+0x9a>
    1e50:	862a                	mv	a2,a0
    1e52:	86ae                	mv	a3,a1
    1e54:	855a                	mv	a0,s6
    1e56:	85de                	mv	a1,s7
    1e58:	00000097          	auipc	ra,0x0
			1e58: R_RISCV_CALL_PLT	__muldf3
			1e58: R_RISCV_RELAX	*ABS*
    1e5c:	000080e7          	jalr	ra # 1e58 <.L390+0xaa>
    1e60:	8b2a                	mv	s6,a0
    1e62:	8556                	mv	a0,s5
    1e64:	8bae                	mv	s7,a1
    1e66:	00000097          	auipc	ra,0x0
			1e66: R_RISCV_CALL_PLT	__floatsidf
			1e66: R_RISCV_RELAX	*ABS*
    1e6a:	000080e7          	jalr	ra # 1e66 <.L390+0xb8>
    1e6e:	862a                	mv	a2,a0
    1e70:	86ae                	mv	a3,a1
    1e72:	855a                	mv	a0,s6
    1e74:	85de                	mv	a1,s7
    1e76:	00000097          	auipc	ra,0x0
			1e76: R_RISCV_CALL_PLT	__muldf3
			1e76: R_RISCV_RELAX	*ABS*
    1e7a:	000080e7          	jalr	ra # 1e76 <.L390+0xc8>
    1e7e:	000007b7          	lui	a5,0x0
			1e7e: R_RISCV_HI20	.LC2
			1e7e: R_RISCV_RELAX	*ABS*
    1e82:	0007a603          	lw	a2,0(a5) # 0 <operator_off>
			1e82: R_RISCV_LO12_I	.LC2
			1e82: R_RISCV_RELAX	*ABS*
    1e86:	0047a683          	lw	a3,4(a5)
			1e86: R_RISCV_LO12_I	.LC2+0x4
			1e86: R_RISCV_RELAX	*ABS*+0x4
    1e8a:	00000097          	auipc	ra,0x0
			1e8a: R_RISCV_CALL_PLT	__muldf3
			1e8a: R_RISCV_RELAX	*ABS*
    1e8e:	000080e7          	jalr	ra # 1e8a <.L390+0xdc>
    1e92:	00000097          	auipc	ra,0x0
			1e92: R_RISCV_CALL_PLT	__fixdfsi
			1e92: R_RISCV_RELAX	*ABS*
    1e96:	000080e7          	jalr	ra # 1e92 <.L390+0xe4>
    1e9a:	872a                	mv	a4,a0
    1e9c:	00ac2023          	sw	a0,0(s8)

00001ea0 <.L391>:
    1ea0:	a18c2603          	lw	a2,-1512(s8)
    1ea4:	4094                	lw	a3,0(s1)
    1ea6:	47a2                	lw	a5,8(sp)
    1ea8:	9732                	add	a4,a4,a2
    1eaa:	9736                	add	a4,a4,a3
    1eac:	c098                	sw	a4,0(s1)
    1eae:	0491                	addi	s1,s1,4
    1eb0:	def498e3          	bne	s1,a5,1ca0 <.L487>
			1eb0: R_RISCV_BRANCH	.L487

00001eb4 <.L477>:
    1eb4:	5b02                	lw	s6,32(sp)
    1eb6:	5b92                	lw	s7,36(sp)

00001eb8 <.L376>:
    1eb8:	1b7d                	addi	s6,s6,-1
    1eba:	57e5                	li	a5,-7
    1ebc:	40fb0763          	beq	s6,a5,22ca <.L488>
			1ebc: R_RISCV_BRANCH	.L488
    1ec0:	f58c0c13          	addi	s8,s8,-168

00001ec4 <.L410>:
    1ec4:	47b2                	lw	a5,12(sp)
    1ec6:	0bd7c783          	lbu	a5,189(a5)
    1eca:	0207f793          	andi	a5,a5,32
    1ece:	bb3d                	j	1c0c <.L321>
			1ece: R_RISCV_RVC_JUMP	.L321

00001ed0 <.L374>:
    1ed0:	4795                	li	a5,5
    1ed2:	28f71863          	bne	a4,a5,2162 <.L393>
			1ed2: R_RISCV_BRANCH	.L393
    1ed6:	a88c2803          	lw	a6,-1400(s8)
    1eda:	8542                	mv	a0,a6
    1edc:	fce80ee3          	beq	a6,a4,1eb8 <.L376>
			1edc: R_RISCV_BRANCH	.L376
    1ee0:	aa1c4783          	lbu	a5,-1375(s8)
    1ee4:	4a079863          	bnez	a5,2394 <.L394>
			1ee4: R_RISCV_BRANCH	.L394
    1ee8:	000007b7          	lui	a5,0x0
			1ee8: R_RISCV_HI20	vibval_const
			1ee8: R_RISCV_RELAX	*ABS*
    1eec:	00078793          	mv	a5,a5
			1eec: R_RISCV_LO12_I	vibval_const
			1eec: R_RISCV_RELAX	*ABS*
    1ef0:	000005b7          	lui	a1,0x0
			1ef0: R_RISCV_HI20	vibval1
			1ef0: R_RISCV_RELAX	*ABS*
    1ef4:	00f5a023          	sw	a5,0(a1) # 0 <operator_off>
			1ef4: R_RISCV_LO12_S	vibval1
			1ef4: R_RISCV_RELAX	*ABS*
    1ef8:	86be                	mv	a3,a5

00001efa <.L395>:
    1efa:	00000cb7          	lui	s9,0x0
			1efa: R_RISCV_HI20	vibval2
			1efa: R_RISCV_RELAX	*ABS*
    1efe:	00fca023          	sw	a5,0(s9) # 0 <operator_off>
			1efe: R_RISCV_LO12_S	vibval2
			1efe: R_RISCV_RELAX	*ABS*
    1f02:	aa2c4783          	lbu	a5,-1374(s8)
    1f06:	2e078563          	beqz	a5,21f0 <.L428>
			1f06: R_RISCV_BRANCH	.L428

00001f0a <.L491>:
    1f0a:	6785                	lui	a5,0x1
    1f0c:	0098                	addi	a4,sp,64
    1f0e:	97ba                	add	a5,a5,a4
    1f10:	00000db7          	lui	s11,0x0
			1f10: R_RISCV_HI20	tremval1
			1f10: R_RISCV_RELAX	*ABS*
    1f14:	00fda023          	sw	a5,0(s11) # 0 <operator_off>
			1f14: R_RISCV_LO12_S	tremval1
			1f14: R_RISCV_RELAX	*ABS*
    1f18:	08ac4783          	lbu	a5,138(s8)
    1f1c:	2e078663          	beqz	a5,2208 <.L429>
			1f1c: R_RISCV_BRANCH	.L429

00001f20 <.L492>:
    1f20:	6605                	lui	a2,0x1
    1f22:	009c                	addi	a5,sp,64
    1f24:	963e                	add	a2,a2,a5

00001f26 <.L406>:
    1f26:	00000ab7          	lui	s5,0x0
			1f26: R_RISCV_HI20	tremval2
			1f26: R_RISCV_RELAX	*ABS*
    1f2a:	cc6e                	sw	s11,24(sp)
    1f2c:	00caa023          	sw	a2,0(s5) # 0 <operator_off>
			1f2c: R_RISCV_LO12_S	tremval2
			1f2c: R_RISCV_RELAX	*ABS*
    1f30:	84de                	mv	s1,s7
    1f32:	4401                	li	s0,0
    1f34:	00000937          	lui	s2,0x0
			1f34: R_RISCV_HI20	generator_add
			1f34: R_RISCV_RELAX	*ABS*
    1f38:	4995                	li	s3,5
    1f3a:	c876                	sw	t4,16(sp)
    1f3c:	d05a                	sw	s6,32(sp)
    1f3e:	d25e                	sw	s7,36(sp)
    1f40:	ca2e                	sw	a1,20(sp)
    1f42:	8dd6                	mv	s11,s5
    1f44:	a039                	j	1f52 <.L409>
			1f44: R_RISCV_RVC_JUMP	.L409

00001f46 <.L489>:
    1f46:	47d2                	lw	a5,20(sp)
    1f48:	a88c2803          	lw	a6,-1400(s8)
    1f4c:	0411                	addi	s0,s0,4
    1f4e:	0007a683          	lw	a3,0(a5) # 1000 <.L150+0xe>
			1f4e: R_RISCV_LO12_I	vibval1
			1f4e: R_RISCV_RELAX	*ABS*

00001f52 <.L409>:
    1f52:	96a2                	add	a3,a3,s0
    1f54:	4290                	lw	a2,0(a3)
    1f56:	a28c2703          	lw	a4,-1496(s8)
    1f5a:	a20c2503          	lw	a0,-1504(s8)
    1f5e:	aa4c2583          	lw	a1,-1372(s8)
    1f62:	02c70633          	mul	a2,a4,a2
    1f66:	00e506b3          	add	a3,a0,a4
    1f6a:	00092703          	lw	a4,0(s2) # 0 <operator_off>
			1f6a: R_RISCV_LO12_I	generator_add
			1f6a: R_RISCV_RELAX	*ABS*
    1f6e:	21a84833          	sh2add	a6,a6,s10
    1f72:	a2ac2223          	sw	a0,-1500(s8)
    1f76:	95ba                	add	a1,a1,a4
    1f78:	00082803          	lw	a6,0(a6)
    1f7c:	4542                	lw	a0,16(sp)
    1f7e:	aabc2223          	sw	a1,-1372(s8)
    1f82:	41f65713          	srai	a4,a2,0x1f
    1f86:	08074733          	zext.h	a4,a4
    1f8a:	9732                	add	a4,a4,a2
    1f8c:	8741                	srai	a4,a4,0x10
    1f8e:	9736                	add	a4,a4,a3
    1f90:	a2ec2023          	sw	a4,-1504(s8)
    1f94:	9802                	jalr	a6
    1f96:	a88c2703          	lw	a4,-1400(s8)
    1f9a:	0b370d63          	beq	a4,s3,2054 <.L407>
			1f9a: R_RISCV_BRANCH	.L407
    1f9e:	a18c2603          	lw	a2,-1512(s8)
    1fa2:	a1cc2683          	lw	a3,-1508(s8)
    1fa6:	a50c2703          	lw	a4,-1456(s8)
    1faa:	47e2                	lw	a5,24(sp)
    1fac:	96b2                	add	a3,a3,a2
    1fae:	02e686b3          	mul	a3,a3,a4
    1fb2:	0007a703          	lw	a4,0(a5)
			1fb2: R_RISCV_LO12_I	tremval1
			1fb2: R_RISCV_RELAX	*ABS*
    1fb6:	a24c2803          	lw	a6,-1500(s8)
    1fba:	a98c2503          	lw	a0,-1384(s8)
    1fbe:	9722                	add	a4,a4,s0
    1fc0:	00072a83          	lw	s5,0(a4)
    1fc4:	a94c2583          	lw	a1,-1388(s8)
    1fc8:	a0cc2e23          	sw	a2,-1508(s8)
    1fcc:	01f6d713          	srli	a4,a3,0x1f
    1fd0:	9736                	add	a4,a4,a3
    1fd2:	8705                	srai	a4,a4,0x1
    1fd4:	9742                	add	a4,a4,a6
    1fd6:	8341                	srli	a4,a4,0x10
    1fd8:	8f69                	and	a4,a4,a0
    1fda:	20b72733          	sh1add	a4,a4,a1
    1fde:	00071503          	lh	a0,0(a4)
    1fe2:	00000097          	auipc	ra,0x0
			1fe2: R_RISCV_CALL_PLT	__floatsidf
			1fe2: R_RISCV_RELAX	*ABS*
    1fe6:	000080e7          	jalr	ra # 1fe2 <.L409+0x90>
    1fea:	8b2a                	mv	s6,a0
    1fec:	8bae                	mv	s7,a1
    1fee:	a40c2603          	lw	a2,-1472(s8)
    1ff2:	a44c2683          	lw	a3,-1468(s8)
    1ff6:	a38c2503          	lw	a0,-1480(s8)
    1ffa:	a3cc2583          	lw	a1,-1476(s8)
    1ffe:	00000097          	auipc	ra,0x0
			1ffe: R_RISCV_CALL_PLT	__muldf3
			1ffe: R_RISCV_RELAX	*ABS*
    2002:	000080e7          	jalr	ra # 1ffe <.L409+0xac>
    2006:	862a                	mv	a2,a0
    2008:	86ae                	mv	a3,a1
    200a:	855a                	mv	a0,s6
    200c:	85de                	mv	a1,s7
    200e:	00000097          	auipc	ra,0x0
			200e: R_RISCV_CALL_PLT	__muldf3
			200e: R_RISCV_RELAX	*ABS*
    2012:	000080e7          	jalr	ra # 200e <.L409+0xbc>
    2016:	8b2a                	mv	s6,a0
    2018:	8556                	mv	a0,s5
    201a:	8bae                	mv	s7,a1
    201c:	00000097          	auipc	ra,0x0
			201c: R_RISCV_CALL_PLT	__floatsidf
			201c: R_RISCV_RELAX	*ABS*
    2020:	000080e7          	jalr	ra # 201c <.L409+0xca>
    2024:	862a                	mv	a2,a0
    2026:	86ae                	mv	a3,a1
    2028:	855a                	mv	a0,s6
    202a:	85de                	mv	a1,s7
    202c:	00000097          	auipc	ra,0x0
			202c: R_RISCV_CALL_PLT	__muldf3
			202c: R_RISCV_RELAX	*ABS*
    2030:	000080e7          	jalr	ra # 202c <.L409+0xda>
    2034:	000007b7          	lui	a5,0x0
			2034: R_RISCV_HI20	.LC2
			2034: R_RISCV_RELAX	*ABS*
    2038:	0007a603          	lw	a2,0(a5) # 0 <operator_off>
			2038: R_RISCV_LO12_I	.LC2
			2038: R_RISCV_RELAX	*ABS*
    203c:	0047a683          	lw	a3,4(a5)
			203c: R_RISCV_LO12_I	.LC2+0x4
			203c: R_RISCV_RELAX	*ABS*+0x4
    2040:	00000097          	auipc	ra,0x0
			2040: R_RISCV_CALL_PLT	__muldf3
			2040: R_RISCV_RELAX	*ABS*
    2044:	000080e7          	jalr	ra # 2040 <.L409+0xee>
    2048:	00000097          	auipc	ra,0x0
			2048: R_RISCV_CALL_PLT	__fixdfsi
			2048: R_RISCV_RELAX	*ABS*
    204c:	000080e7          	jalr	ra # 2048 <.L409+0xf6>
    2050:	a0ac2c23          	sw	a0,-1512(s8)

00002054 <.L407>:
    2054:	000ca603          	lw	a2,0(s9)
			2054: R_RISCV_LO12_I	vibval2
			2054: R_RISCV_RELAX	*ABS*
    2058:	010c2703          	lw	a4,16(s8)
    205c:	070c2683          	lw	a3,112(s8)
    2060:	9622                	add	a2,a2,s0
    2062:	4210                	lw	a2,0(a2)
    2064:	008c2583          	lw	a1,8(s8)
    2068:	21a6c6b3          	sh2add	a3,a3,s10
    206c:	02c70633          	mul	a2,a4,a2
    2070:	0006a803          	lw	a6,0(a3)
    2074:	00bc2623          	sw	a1,12(s8)
    2078:	00e586b3          	add	a3,a1,a4
    207c:	08cc2703          	lw	a4,140(s8)
    2080:	00092583          	lw	a1,0(s2)
			2080: R_RISCV_LO12_I	generator_add
			2080: R_RISCV_RELAX	*ABS*
    2084:	8562                	mv	a0,s8
    2086:	972e                	add	a4,a4,a1
    2088:	08ec2623          	sw	a4,140(s8)
    208c:	41f65713          	srai	a4,a2,0x1f
    2090:	08074733          	zext.h	a4,a4
    2094:	9732                	add	a4,a4,a2
    2096:	8741                	srai	a4,a4,0x10
    2098:	9736                	add	a4,a4,a3
    209a:	00ec2423          	sw	a4,8(s8)
    209e:	9802                	jalr	a6
    20a0:	070c2703          	lw	a4,112(s8)
    20a4:	000c2683          	lw	a3,0(s8)
    20a8:	0b370463          	beq	a4,s3,2150 <.L408>
			20a8: R_RISCV_BRANCH	.L408
    20ac:	a18c2703          	lw	a4,-1512(s8)
    20b0:	00cc2603          	lw	a2,12(s8)
    20b4:	080c2583          	lw	a1,128(s8)
    20b8:	0742                	slli	a4,a4,0x10
    20ba:	9732                	add	a4,a4,a2
    20bc:	07cc2603          	lw	a2,124(s8)
    20c0:	8341                	srli	a4,a4,0x10
    20c2:	8f6d                	and	a4,a4,a1
    20c4:	20c72733          	sh1add	a4,a4,a2
    20c8:	000da603          	lw	a2,0(s11)
			20c8: R_RISCV_LO12_I	tremval2
			20c8: R_RISCV_RELAX	*ABS*
    20cc:	00071503          	lh	a0,0(a4)
    20d0:	00860733          	add	a4,a2,s0
    20d4:	00072a83          	lw	s5,0(a4)
    20d8:	00dc2223          	sw	a3,4(s8)
    20dc:	00000097          	auipc	ra,0x0
			20dc: R_RISCV_CALL_PLT	__floatsidf
			20dc: R_RISCV_RELAX	*ABS*
    20e0:	000080e7          	jalr	ra # 20dc <.L407+0x88>
    20e4:	8b2a                	mv	s6,a0
    20e6:	8bae                	mv	s7,a1
    20e8:	028c2603          	lw	a2,40(s8)
    20ec:	02cc2683          	lw	a3,44(s8)
    20f0:	020c2503          	lw	a0,32(s8)
    20f4:	024c2583          	lw	a1,36(s8)
    20f8:	00000097          	auipc	ra,0x0
			20f8: R_RISCV_CALL_PLT	__muldf3
			20f8: R_RISCV_RELAX	*ABS*
    20fc:	000080e7          	jalr	ra # 20f8 <.L407+0xa4>
    2100:	862a                	mv	a2,a0
    2102:	86ae                	mv	a3,a1
    2104:	855a                	mv	a0,s6
    2106:	85de                	mv	a1,s7
    2108:	00000097          	auipc	ra,0x0
			2108: R_RISCV_CALL_PLT	__muldf3
			2108: R_RISCV_RELAX	*ABS*
    210c:	000080e7          	jalr	ra # 2108 <.L407+0xb4>
    2110:	8b2a                	mv	s6,a0
    2112:	8556                	mv	a0,s5
    2114:	8bae                	mv	s7,a1
    2116:	00000097          	auipc	ra,0x0
			2116: R_RISCV_CALL_PLT	__floatsidf
			2116: R_RISCV_RELAX	*ABS*
    211a:	000080e7          	jalr	ra # 2116 <.L407+0xc2>
    211e:	862a                	mv	a2,a0
    2120:	86ae                	mv	a3,a1
    2122:	855a                	mv	a0,s6
    2124:	85de                	mv	a1,s7
    2126:	00000097          	auipc	ra,0x0
			2126: R_RISCV_CALL_PLT	__muldf3
			2126: R_RISCV_RELAX	*ABS*
    212a:	000080e7          	jalr	ra # 2126 <.L407+0xd2>
    212e:	000007b7          	lui	a5,0x0
			212e: R_RISCV_HI20	.LC2
			212e: R_RISCV_RELAX	*ABS*
    2132:	0047a683          	lw	a3,4(a5) # 4 <operator_sustain+0x2>
			2132: R_RISCV_LO12_I	.LC2+0x4
			2132: R_RISCV_RELAX	*ABS*+0x4
    2136:	0007a603          	lw	a2,0(a5)
			2136: R_RISCV_LO12_I	.LC2
			2136: R_RISCV_RELAX	*ABS*
    213a:	00000097          	auipc	ra,0x0
			213a: R_RISCV_CALL_PLT	__muldf3
			213a: R_RISCV_RELAX	*ABS*
    213e:	000080e7          	jalr	ra # 213a <.L407+0xe6>
    2142:	00000097          	auipc	ra,0x0
			2142: R_RISCV_CALL_PLT	__fixdfsi
			2142: R_RISCV_RELAX	*ABS*
    2146:	000080e7          	jalr	ra # 2142 <.L407+0xee>
    214a:	86aa                	mv	a3,a0
    214c:	00ac2023          	sw	a0,0(s8)

00002150 <.L408>:
    2150:	4098                	lw	a4,0(s1)
    2152:	47a2                	lw	a5,8(sp)
    2154:	0491                	addi	s1,s1,4
    2156:	9736                	add	a4,a4,a3
    2158:	fee4ae23          	sw	a4,-4(s1)
    215c:	de9795e3          	bne	a5,s1,1f46 <.L489>
			215c: R_RISCV_BRANCH	.L489
    2160:	bb91                	j	1eb4 <.L477>
			2160: R_RISCV_RVC_JUMP	.L477

00002162 <.L393>:
    2162:	aa1c4683          	lbu	a3,-1375(s8)
    2166:	1c069563          	bnez	a3,2330 <.L396>
			2166: R_RISCV_BRANCH	.L396
    216a:	000007b7          	lui	a5,0x0
			216a: R_RISCV_HI20	vibval_const
			216a: R_RISCV_RELAX	*ABS*
    216e:	089c4703          	lbu	a4,137(s8)
    2172:	00078793          	mv	a5,a5
			2172: R_RISCV_LO12_I	vibval_const
			2172: R_RISCV_RELAX	*ABS*
    2176:	000005b7          	lui	a1,0x0
			2176: R_RISCV_HI20	vibval1
			2176: R_RISCV_RELAX	*ABS*
    217a:	00f5a023          	sw	a5,0(a1) # 0 <operator_off>
			217a: R_RISCV_LO12_S	vibval1
			217a: R_RISCV_RELAX	*ABS*
    217e:	2c070d63          	beqz	a4,2458 <.L490>
			217e: R_RISCV_BRANCH	.L490
    2182:	a88c2503          	lw	a0,-1400(s8)
    2186:	86be                	mv	a3,a5

00002188 <.L397>:
    2188:	57a2                	lw	a5,40(sp)
    218a:	5732                	lw	a4,44(sp)
    218c:	00000637          	lui	a2,0x0
			218c: R_RISCV_HI20	vibval_var2
			218c: R_RISCV_RELAX	*ABS*
    2190:	078c2303          	lw	t1,120(s8)
    2194:	00060613          	mv	a2,a2
			2194: R_RISCV_LO12_I	vibval_var2
			2194: R_RISCV_RELAX	*ABS*
    2198:	00000cb7          	lui	s9,0x0
			2198: R_RISCV_HI20	vibval2
			2198: R_RISCV_RELAX	*ABS*
    219c:	14f8b837          	lui	a6,0x14f8b
    21a0:	00cca023          	sw	a2,0(s9) # 0 <operator_off>
			21a0: R_RISCV_LO12_S	vibval2
			21a0: R_RISCV_RELAX	*ABS*
    21a4:	58980813          	addi	a6,a6,1417 # 14f8b589 <op+0x14f879a9>
    21a8:	00e788b3          	add	a7,a5,a4

000021ac <.L403>:
    21ac:	00072e03          	lw	t3,0(a4)
    21b0:	0711                	addi	a4,a4,4
    21b2:	0611                	addi	a2,a2,4 # 4 <operator_sustain+0x2>
    21b4:	03c30e33          	mul	t3,t1,t3
    21b8:	41fe5793          	srai	a5,t3,0x1f
    21bc:	8b9d                	andi	a5,a5,7
    21be:	97f2                	add	a5,a5,t3
    21c0:	4037de13          	srai	t3,a5,0x3
    21c4:	9be1                	andi	a5,a5,-8
    21c6:	97f2                	add	a5,a5,t3
    21c8:	078a                	slli	a5,a5,0x2
    21ca:	41c787b3          	sub	a5,a5,t3
    21ce:	07c6                	slli	a5,a5,0x11
    21d0:	03079e33          	mulh	t3,a5,a6
    21d4:	87fd                	srai	a5,a5,0x1f
    21d6:	40ce5e13          	srai	t3,t3,0xc
    21da:	40fe07b3          	sub	a5,t3,a5
    21de:	fef62e23          	sw	a5,-4(a2)
    21e2:	fce895e3          	bne	a7,a4,21ac <.L403>
			21e2: R_RISCV_BRANCH	.L403
    21e6:	aa2c4783          	lbu	a5,-1374(s8)
    21ea:	882a                	mv	a6,a0
    21ec:	d0079fe3          	bnez	a5,1f0a <.L491>
			21ec: R_RISCV_BRANCH	.L491

000021f0 <.L428>:
    21f0:	000007b7          	lui	a5,0x0
			21f0: R_RISCV_HI20	tremval_const
			21f0: R_RISCV_RELAX	*ABS*
    21f4:	00078793          	mv	a5,a5
			21f4: R_RISCV_LO12_I	tremval_const
			21f4: R_RISCV_RELAX	*ABS*
    21f8:	00000db7          	lui	s11,0x0
			21f8: R_RISCV_HI20	tremval1
			21f8: R_RISCV_RELAX	*ABS*
    21fc:	00fda023          	sw	a5,0(s11) # 0 <operator_off>
			21fc: R_RISCV_LO12_S	tremval1
			21fc: R_RISCV_RELAX	*ABS*
    2200:	08ac4783          	lbu	a5,138(s8)
    2204:	d0079ee3          	bnez	a5,1f20 <.L492>
			2204: R_RISCV_BRANCH	.L492

00002208 <.L429>:
    2208:	00000637          	lui	a2,0x0
			2208: R_RISCV_HI20	tremval_const
			2208: R_RISCV_RELAX	*ABS*
    220c:	00060613          	mv	a2,a2
			220c: R_RISCV_LO12_I	tremval_const
			220c: R_RISCV_RELAX	*ABS*
    2210:	bb19                	j	1f26 <.L406>
			2210: R_RISCV_RVC_JUMP	.L406

00002212 <.L375>:
    2212:	aa1c4683          	lbu	a3,-1375(s8)
    2216:	14069663          	bnez	a3,2362 <.L379>
			2216: R_RISCV_BRANCH	.L379
    221a:	000007b7          	lui	a5,0x0
			221a: R_RISCV_HI20	vibval_const
			221a: R_RISCV_RELAX	*ABS*
    221e:	089c4703          	lbu	a4,137(s8)
    2222:	00078793          	mv	a5,a5
			2222: R_RISCV_LO12_I	vibval_const
			2222: R_RISCV_RELAX	*ABS*
    2226:	000005b7          	lui	a1,0x0
			2226: R_RISCV_HI20	vibval1
			2226: R_RISCV_RELAX	*ABS*
    222a:	00f5a023          	sw	a5,0(a1) # 0 <operator_off>
			222a: R_RISCV_LO12_S	vibval1
			222a: R_RISCV_RELAX	*ABS*
    222e:	22070963          	beqz	a4,2460 <.L493>
			222e: R_RISCV_BRANCH	.L493
    2232:	a88c2503          	lw	a0,-1400(s8)
    2236:	86be                	mv	a3,a5

00002238 <.L380>:
    2238:	57a2                	lw	a5,40(sp)
    223a:	5732                	lw	a4,44(sp)
    223c:	00000637          	lui	a2,0x0
			223c: R_RISCV_HI20	vibval_var2
			223c: R_RISCV_RELAX	*ABS*
    2240:	078c2303          	lw	t1,120(s8)
    2244:	00060613          	mv	a2,a2
			2244: R_RISCV_LO12_I	vibval_var2
			2244: R_RISCV_RELAX	*ABS*
    2248:	00000cb7          	lui	s9,0x0
			2248: R_RISCV_HI20	vibval2
			2248: R_RISCV_RELAX	*ABS*
    224c:	14f8b837          	lui	a6,0x14f8b
    2250:	00cca023          	sw	a2,0(s9) # 0 <operator_off>
			2250: R_RISCV_LO12_S	vibval2
			2250: R_RISCV_RELAX	*ABS*
    2254:	58980813          	addi	a6,a6,1417 # 14f8b589 <op+0x14f879a9>
    2258:	00e788b3          	add	a7,a5,a4

0000225c <.L386>:
    225c:	00072e03          	lw	t3,0(a4)
    2260:	0711                	addi	a4,a4,4
    2262:	0611                	addi	a2,a2,4 # 4 <operator_sustain+0x2>
    2264:	03c30e33          	mul	t3,t1,t3
    2268:	41fe5793          	srai	a5,t3,0x1f
    226c:	8b9d                	andi	a5,a5,7
    226e:	97f2                	add	a5,a5,t3
    2270:	4037de13          	srai	t3,a5,0x3
    2274:	9be1                	andi	a5,a5,-8
    2276:	97f2                	add	a5,a5,t3
    2278:	078a                	slli	a5,a5,0x2
    227a:	41c787b3          	sub	a5,a5,t3
    227e:	07c6                	slli	a5,a5,0x11
    2280:	03079e33          	mulh	t3,a5,a6
    2284:	87fd                	srai	a5,a5,0x1f
    2286:	40ce5e13          	srai	t3,t3,0xc
    228a:	40fe07b3          	sub	a5,t3,a5
    228e:	fef62e23          	sw	a5,-4(a2)
    2292:	fd1715e3          	bne	a4,a7,225c <.L386>
			2292: R_RISCV_BRANCH	.L386
    2296:	aa2c4783          	lbu	a5,-1374(s8)
    229a:	882a                	mv	a6,a0
    229c:	9c0794e3          	bnez	a5,1c64 <.L494>
			229c: R_RISCV_BRANCH	.L494

000022a0 <.L425>:
    22a0:	000007b7          	lui	a5,0x0
			22a0: R_RISCV_HI20	tremval_const
			22a0: R_RISCV_RELAX	*ABS*
    22a4:	00078793          	mv	a5,a5
			22a4: R_RISCV_LO12_I	tremval_const
			22a4: R_RISCV_RELAX	*ABS*
    22a8:	00000db7          	lui	s11,0x0
			22a8: R_RISCV_HI20	tremval1
			22a8: R_RISCV_RELAX	*ABS*
    22ac:	00fda023          	sw	a5,0(s11) # 0 <operator_off>
			22ac: R_RISCV_LO12_S	tremval1
			22ac: R_RISCV_RELAX	*ABS*
    22b0:	08ac4783          	lbu	a5,138(s8)
    22b4:	9c0793e3          	bnez	a5,1c7a <.L495>
			22b4: R_RISCV_BRANCH	.L495

000022b8 <.L426>:
    22b8:	00000637          	lui	a2,0x0
			22b8: R_RISCV_HI20	tremval_const
			22b8: R_RISCV_RELAX	*ABS*
    22bc:	00060613          	mv	a2,a2
			22bc: R_RISCV_LO12_I	tremval_const
			22bc: R_RISCV_RELAX	*ABS*
    22c0:	b2c1                	j	1c80 <.L389>
			22c0: R_RISCV_RVC_JUMP	.L389

000022c2 <.L373>:
    22c2:	1b7d                	addi	s6,s6,-1
    22c4:	f58c0c13          	addi	s8,s8,-168
    22c8:	bef5                	j	1ec4 <.L410>
			22c8: R_RISCV_RVC_JUMP	.L410

000022ca <.L488>:
    22ca:	5372                	lw	t1,60(sp)
    22cc:	57d2                	lw	a5,52(sp)
    22ce:	6621                	lui	a2,0x8
    22d0:	7561                	lui	a0,0xffff8
    22d2:	20f325b3          	sh1add	a1,t1,a5

000022d6 <.L413>:
    22d6:	000ba683          	lw	a3,0(s7)
    22da:	0789                	addi	a5,a5,2 # 2 <operator_sustain>
    22dc:	fff60713          	addi	a4,a2,-1 # 7fff <op+0x441f>
    22e0:	00c6d663          	bge	a3,a2,22ec <.L412>
			22e0: R_RISCV_BRANCH	.L412
    22e4:	7761                	lui	a4,0xffff8
    22e6:	00a6c363          	blt	a3,a0,22ec <.L412>
			22e6: R_RISCV_BRANCH	.L412
    22ea:	8736                	mv	a4,a3

000022ec <.L412>:
    22ec:	fee79f23          	sh	a4,-2(a5)
    22f0:	0b91                	addi	s7,s7,4
    22f2:	fef592e3          	bne	a1,a5,22d6 <.L413>
			22f2: R_RISCV_BRANCH	.L413
    22f6:	5752                	lw	a4,52(sp)
    22f8:	57c2                	lw	a5,48(sp)
    22fa:	20e32733          	sh1add	a4,t1,a4
    22fe:	da3a                	sw	a4,52(sp)
    2300:	5762                	lw	a4,56(sp)
    2302:	979a                	add	a5,a5,t1
    2304:	d83e                	sw	a5,48(sp)
    2306:	fce7c163          	blt	a5,a4,1ac8 <.L314>
			2306: R_RISCV_BRANCH	.L314

0000230a <.L313>:
    230a:	6289                	lui	t0,0x2
    230c:	84028293          	addi	t0,t0,-1984 # 1840 <.L208+0x26>
    2310:	9116                	add	sp,sp,t0
    2312:	50f2                	lw	ra,60(sp)
    2314:	5462                	lw	s0,56(sp)
    2316:	54d2                	lw	s1,52(sp)
    2318:	5942                	lw	s2,48(sp)
    231a:	59b2                	lw	s3,44(sp)
    231c:	5a22                	lw	s4,40(sp)
    231e:	5a92                	lw	s5,36(sp)
    2320:	5b02                	lw	s6,32(sp)
    2322:	4bf2                	lw	s7,28(sp)
    2324:	4c62                	lw	s8,24(sp)
    2326:	4cd2                	lw	s9,20(sp)
    2328:	4d42                	lw	s10,16(sp)
    232a:	4db2                	lw	s11,12(sp)
    232c:	6121                	addi	sp,sp,64
    232e:	8082                	ret

00002330 <.L396>:
    2330:	a88c2503          	lw	a0,-1400(s8)
    2334:	06f51063          	bne	a0,a5,2394 <.L394>
			2334: R_RISCV_BRANCH	.L394
    2338:	000007b7          	lui	a5,0x0
			2338: R_RISCV_HI20	vibval_const
			2338: R_RISCV_RELAX	*ABS*
    233c:	00078793          	mv	a5,a5
			233c: R_RISCV_LO12_I	vibval_const
			233c: R_RISCV_RELAX	*ABS*
    2340:	000005b7          	lui	a1,0x0
			2340: R_RISCV_HI20	vibval1
			2340: R_RISCV_RELAX	*ABS*
    2344:	00f5a023          	sw	a5,0(a1) # 0 <operator_off>
			2344: R_RISCV_LO12_S	vibval1
			2344: R_RISCV_RELAX	*ABS*
    2348:	86be                	mv	a3,a5

0000234a <.L401>:
    234a:	089c4783          	lbu	a5,137(s8)
    234e:	c781                	beqz	a5,2356 <.L433>
			234e: R_RISCV_RVC_BRANCH	.L433
    2350:	176d                	addi	a4,a4,-5 # ffff7ffb <op+0xffff441b>
    2352:	e2071be3          	bnez	a4,2188 <.L397>
			2352: R_RISCV_BRANCH	.L397

00002356 <.L433>:
    2356:	000007b7          	lui	a5,0x0
			2356: R_RISCV_HI20	vibval_const
			2356: R_RISCV_RELAX	*ABS*
    235a:	882a                	mv	a6,a0
    235c:	00078793          	mv	a5,a5
			235c: R_RISCV_LO12_I	vibval_const
			235c: R_RISCV_RELAX	*ABS*
    2360:	be69                	j	1efa <.L395>
			2360: R_RISCV_RVC_JUMP	.L395

00002362 <.L379>:
    2362:	a88c2503          	lw	a0,-1400(s8)
    2366:	08f51863          	bne	a0,a5,23f6 <.L377>
			2366: R_RISCV_BRANCH	.L377
    236a:	000007b7          	lui	a5,0x0
			236a: R_RISCV_HI20	vibval_const
			236a: R_RISCV_RELAX	*ABS*
    236e:	00078793          	mv	a5,a5
			236e: R_RISCV_LO12_I	vibval_const
			236e: R_RISCV_RELAX	*ABS*
    2372:	000005b7          	lui	a1,0x0
			2372: R_RISCV_HI20	vibval1
			2372: R_RISCV_RELAX	*ABS*
    2376:	00f5a023          	sw	a5,0(a1) # 0 <operator_off>
			2376: R_RISCV_LO12_S	vibval1
			2376: R_RISCV_RELAX	*ABS*
    237a:	86be                	mv	a3,a5

0000237c <.L384>:
    237c:	089c4783          	lbu	a5,137(s8)
    2380:	c781                	beqz	a5,2388 <.L432>
			2380: R_RISCV_RVC_BRANCH	.L432
    2382:	176d                	addi	a4,a4,-5
    2384:	ea071ae3          	bnez	a4,2238 <.L380>
			2384: R_RISCV_BRANCH	.L380

00002388 <.L432>:
    2388:	000007b7          	lui	a5,0x0
			2388: R_RISCV_HI20	vibval_const
			2388: R_RISCV_RELAX	*ABS*
    238c:	882a                	mv	a6,a0
    238e:	00078793          	mv	a5,a5
			238e: R_RISCV_LO12_I	vibval_const
			238e: R_RISCV_RELAX	*ABS*
    2392:	b0c9                	j	1c54 <.L378>
			2392: R_RISCV_RVC_JUMP	.L378

00002394 <.L394>:
    2394:	57a2                	lw	a5,40(sp)
    2396:	5632                	lw	a2,44(sp)
    2398:	000006b7          	lui	a3,0x0
			2398: R_RISCV_HI20	vibval_var1
			2398: R_RISCV_RELAX	*ABS*
    239c:	a90c2e03          	lw	t3,-1392(s8)
    23a0:	00068693          	mv	a3,a3
			23a0: R_RISCV_LO12_I	vibval_var1
			23a0: R_RISCV_RELAX	*ABS*
    23a4:	000005b7          	lui	a1,0x0
			23a4: R_RISCV_HI20	vibval1
			23a4: R_RISCV_RELAX	*ABS*
    23a8:	14f8b8b7          	lui	a7,0x14f8b
    23ac:	00d5a023          	sw	a3,0(a1) # 0 <operator_off>
			23ac: R_RISCV_LO12_S	vibval1
			23ac: R_RISCV_RELAX	*ABS*
    23b0:	8836                	mv	a6,a3
    23b2:	58988893          	addi	a7,a7,1417 # 14f8b589 <op+0x14f879a9>
    23b6:	00c78333          	add	t1,a5,a2

000023ba <.L400>:
    23ba:	00062f03          	lw	t5,0(a2)
    23be:	0611                	addi	a2,a2,4
    23c0:	0811                	addi	a6,a6,4
    23c2:	03ee0f33          	mul	t5,t3,t5
    23c6:	41ff5793          	srai	a5,t5,0x1f
    23ca:	8b9d                	andi	a5,a5,7
    23cc:	97fa                	add	a5,a5,t5
    23ce:	4037df13          	srai	t5,a5,0x3
    23d2:	9be1                	andi	a5,a5,-8
    23d4:	97fa                	add	a5,a5,t5
    23d6:	078a                	slli	a5,a5,0x2
    23d8:	41e787b3          	sub	a5,a5,t5
    23dc:	07c6                	slli	a5,a5,0x11
    23de:	03179f33          	mulh	t5,a5,a7
    23e2:	87fd                	srai	a5,a5,0x1f
    23e4:	40cf5f13          	srai	t5,t5,0xc
    23e8:	40ff07b3          	sub	a5,t5,a5
    23ec:	fef82e23          	sw	a5,-4(a6)
    23f0:	fcc315e3          	bne	t1,a2,23ba <.L400>
			23f0: R_RISCV_BRANCH	.L400
    23f4:	bf99                	j	234a <.L401>
			23f4: R_RISCV_RVC_JUMP	.L401

000023f6 <.L377>:
    23f6:	57a2                	lw	a5,40(sp)
    23f8:	5632                	lw	a2,44(sp)
    23fa:	000006b7          	lui	a3,0x0
			23fa: R_RISCV_HI20	vibval_var1
			23fa: R_RISCV_RELAX	*ABS*
    23fe:	a90c2e03          	lw	t3,-1392(s8)
    2402:	00068693          	mv	a3,a3
			2402: R_RISCV_LO12_I	vibval_var1
			2402: R_RISCV_RELAX	*ABS*
    2406:	000005b7          	lui	a1,0x0
			2406: R_RISCV_HI20	vibval1
			2406: R_RISCV_RELAX	*ABS*
    240a:	14f8b8b7          	lui	a7,0x14f8b
    240e:	00d5a023          	sw	a3,0(a1) # 0 <operator_off>
			240e: R_RISCV_LO12_S	vibval1
			240e: R_RISCV_RELAX	*ABS*
    2412:	8836                	mv	a6,a3
    2414:	58988893          	addi	a7,a7,1417 # 14f8b589 <op+0x14f879a9>
    2418:	00c78333          	add	t1,a5,a2

0000241c <.L383>:
    241c:	00062f03          	lw	t5,0(a2)
    2420:	0611                	addi	a2,a2,4
    2422:	0811                	addi	a6,a6,4
    2424:	03ee0f33          	mul	t5,t3,t5
    2428:	41ff5793          	srai	a5,t5,0x1f
    242c:	8b9d                	andi	a5,a5,7
    242e:	97fa                	add	a5,a5,t5
    2430:	4037df13          	srai	t5,a5,0x3
    2434:	9be1                	andi	a5,a5,-8
    2436:	97fa                	add	a5,a5,t5
    2438:	078a                	slli	a5,a5,0x2
    243a:	41e787b3          	sub	a5,a5,t5
    243e:	07c6                	slli	a5,a5,0x11
    2440:	03179f33          	mulh	t5,a5,a7
    2444:	87fd                	srai	a5,a5,0x1f
    2446:	40cf5f13          	srai	t5,t5,0xc
    244a:	40ff07b3          	sub	a5,t5,a5
    244e:	fef82e23          	sw	a5,-4(a6)
    2452:	fcc315e3          	bne	t1,a2,241c <.L383>
			2452: R_RISCV_BRANCH	.L383
    2456:	b71d                	j	237c <.L384>
			2456: R_RISCV_RVC_JUMP	.L384

00002458 <.L490>:
    2458:	a88c2803          	lw	a6,-1400(s8)
    245c:	86be                	mv	a3,a5
    245e:	bc71                	j	1efa <.L395>
			245e: R_RISCV_RVC_JUMP	.L395

00002460 <.L493>:
    2460:	a88c2803          	lw	a6,-1400(s8)
    2464:	86be                	mv	a3,a5
    2466:	feeff06f          	j	1c54 <.L378>
			2466: R_RISCV_JAL	.L378

0000246a <.L354>:
    246a:	00000537          	lui	a0,0x0
			246a: R_RISCV_HI20	vibval_const
			246a: R_RISCV_RELAX	*ABS*
    246e:	00050513          	mv	a0,a0
			246e: R_RISCV_LO12_I	vibval_const
			246e: R_RISCV_RELAX	*ABS*
    2472:	000007b7          	lui	a5,0x0
			2472: R_RISCV_HI20	vibval1
			2472: R_RISCV_RELAX	*ABS*
    2476:	00a7a023          	sw	a0,0(a5) # 0 <operator_off>
			2476: R_RISCV_LO12_S	vibval1
			2476: R_RISCV_RELAX	*ABS*

0000247a <.L482>:
    247a:	b09c4703          	lbu	a4,-1271(s8)
    247e:	88aa                	mv	a7,a0
    2480:	c711                	beqz	a4,248c <.L358>
			2480: R_RISCV_RVC_BRANCH	.L358
    2482:	af0c2683          	lw	a3,-1296(s8)
    2486:	4715                	li	a4,5
    2488:	32e68ce3          	beq	a3,a4,2fc0 <.L496>
			2488: R_RISCV_BRANCH	.L496

0000248c <.L358>:
    248c:	00000537          	lui	a0,0x0
			248c: R_RISCV_HI20	vibval_const
			248c: R_RISCV_RELAX	*ABS*
    2490:	00050513          	mv	a0,a0
			2490: R_RISCV_LO12_I	vibval_const
			2490: R_RISCV_RELAX	*ABS*
    2494:	00000db7          	lui	s11,0x0
			2494: R_RISCV_HI20	vibval2
			2494: R_RISCV_RELAX	*ABS*
    2498:	00ada023          	sw	a0,0(s11) # 0 <operator_off>
			2498: R_RISCV_LO12_S	vibval2
			2498: R_RISCV_RELAX	*ABS*

0000249c <.L483>:
    249c:	522a4683          	lbu	a3,1314(s4)
    24a0:	8e2a                	mv	t3,a0
    24a2:	50068663          	beqz	a3,29ae <.L421>
			24a2: R_RISCV_BRANCH	.L421
    24a6:	6605                	lui	a2,0x1
    24a8:	0098                	addi	a4,sp,64
    24aa:	963a                	add	a2,a2,a4

000024ac <.L361>:
    24ac:	000006b7          	lui	a3,0x0
			24ac: R_RISCV_HI20	tremval1
			24ac: R_RISCV_RELAX	*ABS*
    24b0:	00c6a023          	sw	a2,0(a3) # 0 <operator_off>
			24b0: R_RISCV_LO12_S	tremval1
			24b0: R_RISCV_RELAX	*ABS*
    24b4:	b0ac4603          	lbu	a2,-1270(s8)
    24b8:	4e060663          	beqz	a2,29a4 <.L422>
			24b8: R_RISCV_BRANCH	.L422
    24bc:	6605                	lui	a2,0x1
    24be:	0098                	addi	a4,sp,64
    24c0:	963a                	add	a2,a2,a4

000024c2 <.L362>:
    24c2:	00000d37          	lui	s10,0x0
			24c2: R_RISCV_HI20	tremval2
			24c2: R_RISCV_RELAX	*ABS*
    24c6:	00cd2023          	sw	a2,0(s10) # 0 <operator_off>
			24c6: R_RISCV_LO12_S	tremval2
			24c6: R_RISCV_RELAX	*ABS*
    24ca:	bb1c4603          	lbu	a2,-1103(s8)
    24ce:	c611                	beqz	a2,24da <.L363>
			24ce: R_RISCV_RVC_BRANCH	.L363
    24d0:	b98c2583          	lw	a1,-1128(s8)
    24d4:	4615                	li	a2,5
    24d6:	28c585e3          	beq	a1,a2,2f60 <.L497>
			24d6: R_RISCV_BRANCH	.L497

000024da <.L363>:
    24da:	00000537          	lui	a0,0x0
			24da: R_RISCV_HI20	vibval_const
			24da: R_RISCV_RELAX	*ABS*
    24de:	00050513          	mv	a0,a0
			24de: R_RISCV_LO12_I	vibval_const
			24de: R_RISCV_RELAX	*ABS*
    24e2:	00000637          	lui	a2,0x0
			24e2: R_RISCV_HI20	vibval4
			24e2: R_RISCV_RELAX	*ABS*
    24e6:	00a62023          	sw	a0,0(a2) # 0 <operator_off>
			24e6: R_RISCV_LO12_S	vibval4
			24e6: R_RISCV_RELAX	*ABS*

000024ea <.L365>:
    24ea:	bb2c4583          	lbu	a1,-1102(s8)
    24ee:	4c058563          	beqz	a1,29b8 <.L423>
			24ee: R_RISCV_BRANCH	.L423
    24f2:	6e85                	lui	t4,0x1
    24f4:	0098                	addi	a4,sp,64
    24f6:	9eba                	add	t4,t4,a4

000024f8 <.L366>:
    24f8:	00000737          	lui	a4,0x0
			24f8: R_RISCV_HI20	tremval4
			24f8: R_RISCV_RELAX	*ABS*
    24fc:	01d72023          	sw	t4,0(a4) # 0 <operator_off>
			24fc: R_RISCV_LO12_S	tremval4
			24fc: R_RISCV_RELAX	*ABS*
    2500:	5722                	lw	a4,40(sp)
    2502:	0080                	addi	s0,sp,64
    2504:	00001f37          	lui	t5,0x1
			2504: R_RISCV_HI20	op+0xb28
			2504: R_RISCV_RELAX	*ABS*+0xb28
    2508:	9722                	add	a4,a4,s0
    250a:	00001eb7          	lui	t4,0x1
			250a: R_RISCV_HI20	op+0xa80
			250a: R_RISCV_RELAX	*ABS*+0xa80
    250e:	ca3a                	sw	a4,20(sp)
    2510:	b28f0713          	addi	a4,t5,-1240 # b28 <.L134+0x3c>
			2510: R_RISCV_LO12_I	op+0xb28
			2510: R_RISCV_RELAX	*ABS*+0xb28
    2514:	000005b7          	lui	a1,0x0
			2514: R_RISCV_HI20	.LANCHOR2
			2514: R_RISCV_RELAX	*ABS*
    2518:	c43a                	sw	a4,8(sp)
    251a:	a80e8713          	addi	a4,t4,-1408 # a80 <change_frequency+0xa>
			251a: R_RISCV_LO12_I	op+0xa80
			251a: R_RISCV_RELAX	*ABS*+0xa80
    251e:	d06e                	sw	s11,32(sp)
    2520:	00058a93          	mv	s5,a1
			2520: R_RISCV_LO12_I	.LANCHOR2
			2520: R_RISCV_RELAX	*ABS*
    2524:	c83a                	sw	a4,16(sp)
    2526:	000009b7          	lui	s3,0x0
			2526: R_RISCV_HI20	op+0x498
			2526: R_RISCV_RELAX	*ABS*+0x498
    252a:	4915                	li	s2,5
    252c:	de1a                	sw	t1,60(sp)
    252e:	cc3e                	sw	a5,24(sp)
    2530:	d232                	sw	a2,36(sp)
    2532:	8db6                	mv	s11,a3
    2534:	a811                	j	2548 <.L371>
			2534: R_RISCV_RVC_JUMP	.L371

00002536 <.L370>:
    2536:	47e2                	lw	a5,24(sp)
    2538:	0007a883          	lw	a7,0(a5)
			2538: R_RISCV_LO12_I	vibval1
			2538: R_RISCV_RELAX	*ABS*
    253c:	5782                	lw	a5,32(sp)
    253e:	0007ae03          	lw	t3,0(a5)
			253e: R_RISCV_LO12_I	vibval2
			253e: R_RISCV_RELAX	*ABS*
    2542:	5792                	lw	a5,36(sp)
    2544:	0007a503          	lw	a0,0(a5)
			2544: R_RISCV_LO12_I	vibval4
			2544: R_RISCV_RELAX	*ABS*

00002548 <.L371>:
    2548:	009c                	addi	a5,sp,64
    254a:	40f404b3          	sub	s1,s0,a5
    254e:	00988733          	add	a4,a7,s1
    2552:	009e06b3          	add	a3,t3,s1
    2556:	009507b3          	add	a5,a0,s1
    255a:	430c                	lw	a1,0(a4)
    255c:	439c                	lw	a5,0(a5)
    255e:	4294                	lw	a3,0(a3)
    2560:	4722                	lw	a4,8(sp)
    2562:	4642                	lw	a2,16(sp)
    2564:	49898513          	addi	a0,s3,1176 # 498 <operator_output+0x3a>
			2564: R_RISCV_LO12_I	op+0x498
			2564: R_RISCV_RELAX	*ABS*+0x498
    2568:	00000097          	auipc	ra,0x0
			2568: R_RISCV_CALL_PLT	operator_advance_drums
			2568: R_RISCV_RELAX	*ABS*
    256c:	000080e7          	jalr	ra # 2568 <.L371+0x20>
    2570:	508a2783          	lw	a5,1288(s4)
    2574:	49898513          	addi	a0,s3,1176
			2574: R_RISCV_LO12_I	op+0x498
			2574: R_RISCV_RELAX	*ABS*+0x498
    2578:	2157c7b3          	sh2add	a5,a5,s5
    257c:	439c                	lw	a5,0(a5)
    257e:	9782                	jalr	a5
    2580:	508a2783          	lw	a5,1288(s4)
    2584:	0b278063          	beq	a5,s2,2624 <.L367>
			2584: R_RISCV_BRANCH	.L367
    2588:	518a2603          	lw	a2,1304(s4)
    258c:	4a6a5783          	lhu	a5,1190(s4)
    2590:	514a2683          	lw	a3,1300(s4)
    2594:	000da703          	lw	a4,0(s11)
			2594: R_RISCV_LO12_I	tremval1
			2594: R_RISCV_RELAX	*ABS*
    2598:	8ff1                	and	a5,a5,a2
    259a:	20d7a7b3          	sh1add	a5,a5,a3
    259e:	498a2683          	lw	a3,1176(s4)
    25a2:	00079503          	lh	a0,0(a5)
    25a6:	009707b3          	add	a5,a4,s1
    25aa:	0007ac83          	lw	s9,0(a5)
    25ae:	48da2e23          	sw	a3,1180(s4)
    25b2:	00000097          	auipc	ra,0x0
			25b2: R_RISCV_CALL_PLT	__floatsidf
			25b2: R_RISCV_RELAX	*ABS*
    25b6:	000080e7          	jalr	ra # 25b2 <.L371+0x6a>
    25ba:	8b2a                	mv	s6,a0
    25bc:	8bae                	mv	s7,a1
    25be:	4c0a2603          	lw	a2,1216(s4)
    25c2:	4c4a2683          	lw	a3,1220(s4)
    25c6:	4b8a2503          	lw	a0,1208(s4)
    25ca:	4bca2583          	lw	a1,1212(s4)
    25ce:	00000097          	auipc	ra,0x0
			25ce: R_RISCV_CALL_PLT	__muldf3
			25ce: R_RISCV_RELAX	*ABS*
    25d2:	000080e7          	jalr	ra # 25ce <.L371+0x86>
    25d6:	862a                	mv	a2,a0
    25d8:	86ae                	mv	a3,a1
    25da:	855a                	mv	a0,s6
    25dc:	85de                	mv	a1,s7
    25de:	00000097          	auipc	ra,0x0
			25de: R_RISCV_CALL_PLT	__muldf3
			25de: R_RISCV_RELAX	*ABS*
    25e2:	000080e7          	jalr	ra # 25de <.L371+0x96>
    25e6:	8b2a                	mv	s6,a0
    25e8:	8566                	mv	a0,s9
    25ea:	8bae                	mv	s7,a1
    25ec:	00000097          	auipc	ra,0x0
			25ec: R_RISCV_CALL_PLT	__floatsidf
			25ec: R_RISCV_RELAX	*ABS*
    25f0:	000080e7          	jalr	ra # 25ec <.L371+0xa4>
    25f4:	862a                	mv	a2,a0
    25f6:	86ae                	mv	a3,a1
    25f8:	855a                	mv	a0,s6
    25fa:	85de                	mv	a1,s7
    25fc:	00000097          	auipc	ra,0x0
			25fc: R_RISCV_CALL_PLT	__muldf3
			25fc: R_RISCV_RELAX	*ABS*
    2600:	000080e7          	jalr	ra # 25fc <.L371+0xb4>
    2604:	000007b7          	lui	a5,0x0
			2604: R_RISCV_HI20	.LC2
			2604: R_RISCV_RELAX	*ABS*
    2608:	0007a603          	lw	a2,0(a5) # 0 <operator_off>
			2608: R_RISCV_LO12_I	.LC2
			2608: R_RISCV_RELAX	*ABS*
    260c:	0047a683          	lw	a3,4(a5)
			260c: R_RISCV_LO12_I	.LC2+0x4
			260c: R_RISCV_RELAX	*ABS*+0x4
    2610:	00000097          	auipc	ra,0x0
			2610: R_RISCV_CALL_PLT	__muldf3
			2610: R_RISCV_RELAX	*ABS*
    2614:	000080e7          	jalr	ra # 2610 <.L371+0xc8>
    2618:	00000097          	auipc	ra,0x0
			2618: R_RISCV_CALL_PLT	__fixdfsi
			2618: R_RISCV_RELAX	*ABS*
    261c:	000080e7          	jalr	ra # 2618 <.L371+0xd0>
    2620:	48aa2c23          	sw	a0,1176(s4)

00002624 <.L367>:
    2624:	af0c2783          	lw	a5,-1296(s8)
    2628:	4542                	lw	a0,16(sp)
    262a:	2157c7b3          	sh2add	a5,a5,s5
    262e:	439c                	lw	a5,0(a5)
    2630:	9782                	jalr	a5
    2632:	af0c2783          	lw	a5,-1296(s8)
    2636:	0b278063          	beq	a5,s2,26d6 <.L368>
			2636: R_RISCV_BRANCH	.L368
    263a:	b00c2603          	lw	a2,-1280(s8)
    263e:	a8ec5783          	lhu	a5,-1394(s8)
    2642:	afcc2683          	lw	a3,-1284(s8)
    2646:	000d2703          	lw	a4,0(s10)
			2646: R_RISCV_LO12_I	tremval2
			2646: R_RISCV_RELAX	*ABS*
    264a:	8ff1                	and	a5,a5,a2
    264c:	20d7a7b3          	sh1add	a5,a5,a3
    2650:	a80c2683          	lw	a3,-1408(s8)
    2654:	00079503          	lh	a0,0(a5)
    2658:	009707b3          	add	a5,a4,s1
    265c:	0007ac83          	lw	s9,0(a5)
    2660:	a8dc2223          	sw	a3,-1404(s8)
    2664:	00000097          	auipc	ra,0x0
			2664: R_RISCV_CALL_PLT	__floatsidf
			2664: R_RISCV_RELAX	*ABS*
    2668:	000080e7          	jalr	ra # 2664 <.L367+0x40>
    266c:	8b2a                	mv	s6,a0
    266e:	8bae                	mv	s7,a1
    2670:	aa8c2603          	lw	a2,-1368(s8)
    2674:	aacc2683          	lw	a3,-1364(s8)
    2678:	aa0c2503          	lw	a0,-1376(s8)
    267c:	aa4c2583          	lw	a1,-1372(s8)
    2680:	00000097          	auipc	ra,0x0
			2680: R_RISCV_CALL_PLT	__muldf3
			2680: R_RISCV_RELAX	*ABS*
    2684:	000080e7          	jalr	ra # 2680 <.L367+0x5c>
    2688:	862a                	mv	a2,a0
    268a:	86ae                	mv	a3,a1
    268c:	855a                	mv	a0,s6
    268e:	85de                	mv	a1,s7
    2690:	00000097          	auipc	ra,0x0
			2690: R_RISCV_CALL_PLT	__muldf3
			2690: R_RISCV_RELAX	*ABS*
    2694:	000080e7          	jalr	ra # 2690 <.L367+0x6c>
    2698:	8b2a                	mv	s6,a0
    269a:	8566                	mv	a0,s9
    269c:	8bae                	mv	s7,a1
    269e:	00000097          	auipc	ra,0x0
			269e: R_RISCV_CALL_PLT	__floatsidf
			269e: R_RISCV_RELAX	*ABS*
    26a2:	000080e7          	jalr	ra # 269e <.L367+0x7a>
    26a6:	862a                	mv	a2,a0
    26a8:	86ae                	mv	a3,a1
    26aa:	855a                	mv	a0,s6
    26ac:	85de                	mv	a1,s7
    26ae:	00000097          	auipc	ra,0x0
			26ae: R_RISCV_CALL_PLT	__muldf3
			26ae: R_RISCV_RELAX	*ABS*
    26b2:	000080e7          	jalr	ra # 26ae <.L367+0x8a>
    26b6:	000007b7          	lui	a5,0x0
			26b6: R_RISCV_HI20	.LC2
			26b6: R_RISCV_RELAX	*ABS*
    26ba:	0007a603          	lw	a2,0(a5) # 0 <operator_off>
			26ba: R_RISCV_LO12_I	.LC2
			26ba: R_RISCV_RELAX	*ABS*
    26be:	0047a683          	lw	a3,4(a5)
			26be: R_RISCV_LO12_I	.LC2+0x4
			26be: R_RISCV_RELAX	*ABS*+0x4
    26c2:	00000097          	auipc	ra,0x0
			26c2: R_RISCV_CALL_PLT	__muldf3
			26c2: R_RISCV_RELAX	*ABS*
    26c6:	000080e7          	jalr	ra # 26c2 <.L367+0x9e>
    26ca:	00000097          	auipc	ra,0x0
			26ca: R_RISCV_CALL_PLT	__fixdfsi
			26ca: R_RISCV_RELAX	*ABS*
    26ce:	000080e7          	jalr	ra # 26ca <.L367+0xa6>
    26d2:	a8ac2023          	sw	a0,-1408(s8)

000026d6 <.L368>:
    26d6:	b98c2783          	lw	a5,-1128(s8)
    26da:	4522                	lw	a0,8(sp)
    26dc:	2157c7b3          	sh2add	a5,a5,s5
    26e0:	439c                	lw	a5,0(a5)
    26e2:	9782                	jalr	a5
    26e4:	b98c2783          	lw	a5,-1128(s8)
    26e8:	b28c2703          	lw	a4,-1240(s8)
    26ec:	09278f63          	beq	a5,s2,278a <.L369>
			26ec: R_RISCV_BRANCH	.L369
    26f0:	ba8c2583          	lw	a1,-1112(s8)
    26f4:	b36c5783          	lhu	a5,-1226(s8)
    26f8:	ba4c2603          	lw	a2,-1116(s8)
    26fc:	000006b7          	lui	a3,0x0
			26fc: R_RISCV_HI20	tremval4
			26fc: R_RISCV_RELAX	*ABS*
    2700:	8fed                	and	a5,a5,a1
    2702:	0006a683          	lw	a3,0(a3) # 0 <operator_off>
			2702: R_RISCV_LO12_I	tremval4
			2702: R_RISCV_RELAX	*ABS*
    2706:	20c7a7b3          	sh1add	a5,a5,a2
    270a:	00079503          	lh	a0,0(a5)
    270e:	96a6                	add	a3,a3,s1
    2710:	4284                	lw	s1,0(a3)
    2712:	b2ec2623          	sw	a4,-1236(s8)
    2716:	00000097          	auipc	ra,0x0
			2716: R_RISCV_CALL_PLT	__floatsidf
			2716: R_RISCV_RELAX	*ABS*
    271a:	000080e7          	jalr	ra # 2716 <.L368+0x40>
    271e:	8b2a                	mv	s6,a0
    2720:	8bae                	mv	s7,a1
    2722:	b50c2603          	lw	a2,-1200(s8)
    2726:	b54c2683          	lw	a3,-1196(s8)
    272a:	b48c2503          	lw	a0,-1208(s8)
    272e:	b4cc2583          	lw	a1,-1204(s8)
    2732:	00000097          	auipc	ra,0x0
			2732: R_RISCV_CALL_PLT	__muldf3
			2732: R_RISCV_RELAX	*ABS*
    2736:	000080e7          	jalr	ra # 2732 <.L368+0x5c>
    273a:	862a                	mv	a2,a0
    273c:	86ae                	mv	a3,a1
    273e:	855a                	mv	a0,s6
    2740:	85de                	mv	a1,s7
    2742:	00000097          	auipc	ra,0x0
			2742: R_RISCV_CALL_PLT	__muldf3
			2742: R_RISCV_RELAX	*ABS*
    2746:	000080e7          	jalr	ra # 2742 <.L368+0x6c>
    274a:	8b2a                	mv	s6,a0
    274c:	8526                	mv	a0,s1
    274e:	8bae                	mv	s7,a1
    2750:	00000097          	auipc	ra,0x0
			2750: R_RISCV_CALL_PLT	__floatsidf
			2750: R_RISCV_RELAX	*ABS*
    2754:	000080e7          	jalr	ra # 2750 <.L368+0x7a>
    2758:	862a                	mv	a2,a0
    275a:	86ae                	mv	a3,a1
    275c:	855a                	mv	a0,s6
    275e:	85de                	mv	a1,s7
    2760:	00000097          	auipc	ra,0x0
			2760: R_RISCV_CALL_PLT	__muldf3
			2760: R_RISCV_RELAX	*ABS*
    2764:	000080e7          	jalr	ra # 2760 <.L368+0x8a>
    2768:	000007b7          	lui	a5,0x0
			2768: R_RISCV_HI20	.LC2
			2768: R_RISCV_RELAX	*ABS*
    276c:	0007a603          	lw	a2,0(a5) # 0 <operator_off>
			276c: R_RISCV_LO12_I	.LC2
			276c: R_RISCV_RELAX	*ABS*
    2770:	0047a683          	lw	a3,4(a5)
			2770: R_RISCV_LO12_I	.LC2+0x4
			2770: R_RISCV_RELAX	*ABS*+0x4
    2774:	00000097          	auipc	ra,0x0
			2774: R_RISCV_CALL_PLT	__muldf3
			2774: R_RISCV_RELAX	*ABS*
    2778:	000080e7          	jalr	ra # 2774 <.L368+0x9e>
    277c:	00000097          	auipc	ra,0x0
			277c: R_RISCV_CALL_PLT	__fixdfsi
			277c: R_RISCV_RELAX	*ABS*
    2780:	000080e7          	jalr	ra # 277c <.L368+0xa6>
    2784:	872a                	mv	a4,a0
    2786:	b2ac2423          	sw	a0,-1240(s8)

0000278a <.L369>:
    278a:	498a2783          	lw	a5,1176(s4)
    278e:	a80c2603          	lw	a2,-1408(s8)
    2792:	4014                	lw	a3,0(s0)
    2794:	0411                	addi	s0,s0,4
    2796:	97b2                	add	a5,a5,a2
    2798:	97ba                	add	a5,a5,a4
    279a:	20d7a7b3          	sh1add	a5,a5,a3
    279e:	fef42e23          	sw	a5,-4(s0)
    27a2:	47d2                	lw	a5,20(sp)
    27a4:	d88799e3          	bne	a5,s0,2536 <.L370>
			27a4: R_RISCV_BRANCH	.L370
    27a8:	5372                	lw	t1,60(sp)
    27aa:	c3aff06f          	j	1be4 <.L479>
			27aa: R_RISCV_JAL	.L479

000027ae <.L322>:
    27ae:	4795                	li	a5,5
    27b0:	460a2603          	lw	a2,1120(s4)
    27b4:	38fc9563          	bne	s9,a5,2b3e <.L498>
			27b4: R_RISCV_BRANCH	.L498
    27b8:	c1960463          	beq	a2,s9,1bc0 <.L323>
			27b8: R_RISCV_BRANCH	.L323
    27bc:	479a4783          	lbu	a5,1145(s4)
    27c0:	72079f63          	bnez	a5,2efe <.L334>
			27c0: R_RISCV_BRANCH	.L334
    27c4:	00000537          	lui	a0,0x0
			27c4: R_RISCV_HI20	vibval_const
			27c4: R_RISCV_RELAX	*ABS*
    27c8:	00050513          	mv	a0,a0
			27c8: R_RISCV_LO12_I	vibval_const
			27c8: R_RISCV_RELAX	*ABS*
    27cc:	000007b7          	lui	a5,0x0
			27cc: R_RISCV_HI20	vibval1
			27cc: R_RISCV_RELAX	*ABS*
    27d0:	00a7a023          	sw	a0,0(a5) # 0 <operator_off>
			27d0: R_RISCV_LO12_S	vibval1
			27d0: R_RISCV_RELAX	*ABS*

000027d4 <.L333>:
    27d4:	88aa                	mv	a7,a0
    27d6:	ae69                	j	2b70 <.L338>
			27d6: R_RISCV_RVC_JUMP	.L338

000027d8 <.L353>:
    27d8:	521a4783          	lbu	a5,1313(s4)
    27dc:	c80787e3          	beqz	a5,246a <.L354>
			27dc: R_RISCV_BRANCH	.L354
    27e0:	5722                	lw	a4,40(sp)
    27e2:	5632                	lw	a2,44(sp)
    27e4:	00000537          	lui	a0,0x0
			27e4: R_RISCV_HI20	vibval_var1
			27e4: R_RISCV_RELAX	*ABS*
    27e8:	510a2e03          	lw	t3,1296(s4)
    27ec:	00050513          	mv	a0,a0
			27ec: R_RISCV_LO12_I	vibval_var1
			27ec: R_RISCV_RELAX	*ABS*
    27f0:	000007b7          	lui	a5,0x0
			27f0: R_RISCV_HI20	vibval1
			27f0: R_RISCV_RELAX	*ABS*
    27f4:	14f8b837          	lui	a6,0x14f8b
    27f8:	00a7a023          	sw	a0,0(a5) # 0 <operator_off>
			27f8: R_RISCV_LO12_S	vibval1
			27f8: R_RISCV_RELAX	*ABS*
    27fc:	85aa                	mv	a1,a0
    27fe:	58980813          	addi	a6,a6,1417 # 14f8b589 <op+0x14f879a9>
    2802:	00c708b3          	add	a7,a4,a2

00002806 <.L356>:
    2806:	4214                	lw	a3,0(a2)
    2808:	0611                	addi	a2,a2,4
    280a:	0591                	addi	a1,a1,4 # 4 <operator_sustain+0x2>
    280c:	02de06b3          	mul	a3,t3,a3
    2810:	41f6d713          	srai	a4,a3,0x1f
    2814:	8b1d                	andi	a4,a4,7
    2816:	9736                	add	a4,a4,a3
    2818:	40375693          	srai	a3,a4,0x3
    281c:	9b61                	andi	a4,a4,-8
    281e:	9736                	add	a4,a4,a3
    2820:	070a                	slli	a4,a4,0x2
    2822:	8f15                	sub	a4,a4,a3
    2824:	0746                	slli	a4,a4,0x11
    2826:	030716b3          	mulh	a3,a4,a6
    282a:	877d                	srai	a4,a4,0x1f
    282c:	86b1                	srai	a3,a3,0xc
    282e:	40e68733          	sub	a4,a3,a4
    2832:	fee5ae23          	sw	a4,-4(a1)
    2836:	fcc898e3          	bne	a7,a2,2806 <.L356>
			2836: R_RISCV_BRANCH	.L356
    283a:	b181                	j	247a <.L482>
			283a: R_RISCV_RVC_JUMP	.L482

0000283c <.L486>:
    283c:	5c9a4703          	lbu	a4,1481(s4)
    2840:	66071163          	bnez	a4,2ea2 <.L499>
			2840: R_RISCV_BRANCH	.L499
    2844:	00000537          	lui	a0,0x0
			2844: R_RISCV_HI20	vibval_const
			2844: R_RISCV_RELAX	*ABS*
    2848:	00050513          	mv	a0,a0
			2848: R_RISCV_LO12_I	vibval_const
			2848: R_RISCV_RELAX	*ABS*
    284c:	00000837          	lui	a6,0x0
			284c: R_RISCV_HI20	vibval3
			284c: R_RISCV_RELAX	*ABS*
    2850:	00a82023          	sw	a0,0(a6) # 0 <operator_off>
			2850: R_RISCV_LO12_S	vibval3
			2850: R_RISCV_RELAX	*ABS*

00002854 <.L349>:
    2854:	5caa4703          	lbu	a4,1482(s4)
    2858:	2c070e63          	beqz	a4,2b34 <.L420>
			2858: R_RISCV_BRANCH	.L420
    285c:	6705                	lui	a4,0x1
    285e:	009c                	addi	a5,sp,64
    2860:	973e                	add	a4,a4,a5

00002862 <.L350>:
    2862:	57a2                	lw	a5,40(sp)
    2864:	00000cb7          	lui	s9,0x0
			2864: R_RISCV_HI20	tremval3
			2864: R_RISCV_RELAX	*ABS*
    2868:	04010d93          	addi	s11,sp,64
    286c:	00eca023          	sw	a4,0(s9) # 0 <operator_off>
			286c: R_RISCV_LO12_S	tremval3
			286c: R_RISCV_RELAX	*ABS*
    2870:	00000737          	lui	a4,0x0
			2870: R_RISCV_HI20	op+0x540
			2870: R_RISCV_RELAX	*ABS*+0x540
    2874:	01b78bb3          	add	s7,a5,s11
    2878:	000005b7          	lui	a1,0x0
			2878: R_RISCV_HI20	.LANCHOR2
			2878: R_RISCV_RELAX	*ABS*
    287c:	54070793          	addi	a5,a4,1344 # 540 <change_attackrate+0x38>
			287c: R_RISCV_LO12_I	op+0x540
			287c: R_RISCV_RELAX	*ABS*+0x540
    2880:	8d6e                	mv	s10,s11
    2882:	00058a93          	mv	s5,a1
			2882: R_RISCV_LO12_I	.LANCHOR2
			2882: R_RISCV_RELAX	*ABS*
    2886:	8da2                	mv	s11,s0
    2888:	c83e                	sw	a5,16(sp)
    288a:	000004b7          	lui	s1,0x0
			288a: R_RISCV_HI20	generator_add
			288a: R_RISCV_RELAX	*ABS*
    288e:	4b15                	li	s6,5
    2890:	cc1a                	sw	t1,24(sp)
    2892:	ca42                	sw	a6,20(sp)
    2894:	4401                	li	s0,0
    2896:	a021                	j	289e <.L352>
			2896: R_RISCV_RVC_JUMP	.L352

00002898 <.L500>:
    2898:	47d2                	lw	a5,20(sp)
    289a:	0007a503          	lw	a0,0(a5)
			289a: R_RISCV_LO12_I	vibval3
			289a: R_RISCV_RELAX	*ABS*

0000289e <.L352>:
    289e:	008507b3          	add	a5,a0,s0
    28a2:	4390                	lw	a2,0(a5)
    28a4:	550a2783          	lw	a5,1360(s4)
    28a8:	548a2503          	lw	a0,1352(s4)
    28ac:	5cca2583          	lw	a1,1484(s4)
    28b0:	02c78633          	mul	a2,a5,a2
    28b4:	00f506b3          	add	a3,a0,a5
    28b8:	0004a783          	lw	a5,0(s1) # 0 <operator_off>
			28b8: R_RISCV_LO12_I	generator_add
			28b8: R_RISCV_RELAX	*ABS*
    28bc:	215dc8b3          	sh2add	a7,s11,s5
    28c0:	54aa2623          	sw	a0,1356(s4)
    28c4:	95be                	add	a1,a1,a5
    28c6:	0008a883          	lw	a7,0(a7)
    28ca:	4542                	lw	a0,16(sp)
    28cc:	5cba2623          	sw	a1,1484(s4)
    28d0:	41f65793          	srai	a5,a2,0x1f
    28d4:	0807c7b3          	zext.h	a5,a5
    28d8:	97b2                	add	a5,a5,a2
    28da:	87c1                	srai	a5,a5,0x10
    28dc:	97b6                	add	a5,a5,a3
    28de:	54fa2423          	sw	a5,1352(s4)
    28e2:	9882                	jalr	a7
    28e4:	5b0a2d83          	lw	s11,1456(s4)
    28e8:	540a2783          	lw	a5,1344(s4)
    28ec:	096d8f63          	beq	s11,s6,298a <.L351>
			28ec: R_RISCV_BRANCH	.L351
    28f0:	5c0a2503          	lw	a0,1472(s4)
    28f4:	54ea5683          	lhu	a3,1358(s4)
    28f8:	5bca2583          	lw	a1,1468(s4)
    28fc:	000ca603          	lw	a2,0(s9)
			28fc: R_RISCV_LO12_I	tremval3
			28fc: R_RISCV_RELAX	*ABS*
    2900:	8ee9                	and	a3,a3,a0
    2902:	20b6a6b3          	sh1add	a3,a3,a1
    2906:	00069503          	lh	a0,0(a3)
    290a:	008606b3          	add	a3,a2,s0
    290e:	4298                	lw	a4,0(a3)
    2910:	54fa2223          	sw	a5,1348(s4)
    2914:	c43a                	sw	a4,8(sp)
    2916:	00000097          	auipc	ra,0x0
			2916: R_RISCV_CALL_PLT	__floatsidf
			2916: R_RISCV_RELAX	*ABS*
    291a:	000080e7          	jalr	ra # 2916 <.L352+0x78>
    291e:	892a                	mv	s2,a0
    2920:	89ae                	mv	s3,a1
    2922:	568a2603          	lw	a2,1384(s4)
    2926:	56ca2683          	lw	a3,1388(s4)
    292a:	560a2503          	lw	a0,1376(s4)
    292e:	564a2583          	lw	a1,1380(s4)
    2932:	00000097          	auipc	ra,0x0
			2932: R_RISCV_CALL_PLT	__muldf3
			2932: R_RISCV_RELAX	*ABS*
    2936:	000080e7          	jalr	ra # 2932 <.L352+0x94>
    293a:	862a                	mv	a2,a0
    293c:	86ae                	mv	a3,a1
    293e:	854a                	mv	a0,s2
    2940:	85ce                	mv	a1,s3
    2942:	00000097          	auipc	ra,0x0
			2942: R_RISCV_CALL_PLT	__muldf3
			2942: R_RISCV_RELAX	*ABS*
    2946:	000080e7          	jalr	ra # 2942 <.L352+0xa4>
    294a:	892a                	mv	s2,a0
    294c:	4522                	lw	a0,8(sp)
    294e:	89ae                	mv	s3,a1
    2950:	00000097          	auipc	ra,0x0
			2950: R_RISCV_CALL_PLT	__floatsidf
			2950: R_RISCV_RELAX	*ABS*
    2954:	000080e7          	jalr	ra # 2950 <.L352+0xb2>
    2958:	862a                	mv	a2,a0
    295a:	86ae                	mv	a3,a1
    295c:	854a                	mv	a0,s2
    295e:	85ce                	mv	a1,s3
    2960:	00000097          	auipc	ra,0x0
			2960: R_RISCV_CALL_PLT	__muldf3
			2960: R_RISCV_RELAX	*ABS*
    2964:	000080e7          	jalr	ra # 2960 <.L352+0xc2>
    2968:	000007b7          	lui	a5,0x0
			2968: R_RISCV_HI20	.LC2
			2968: R_RISCV_RELAX	*ABS*
    296c:	0007a603          	lw	a2,0(a5) # 0 <operator_off>
			296c: R_RISCV_LO12_I	.LC2
			296c: R_RISCV_RELAX	*ABS*
    2970:	0047a683          	lw	a3,4(a5)
			2970: R_RISCV_LO12_I	.LC2+0x4
			2970: R_RISCV_RELAX	*ABS*+0x4
    2974:	00000097          	auipc	ra,0x0
			2974: R_RISCV_CALL_PLT	__muldf3
			2974: R_RISCV_RELAX	*ABS*
    2978:	000080e7          	jalr	ra # 2974 <.L352+0xd6>
    297c:	00000097          	auipc	ra,0x0
			297c: R_RISCV_CALL_PLT	__fixdfsi
			297c: R_RISCV_RELAX	*ABS*
    2980:	000080e7          	jalr	ra # 297c <.L352+0xde>
    2984:	87aa                	mv	a5,a0
    2986:	54aa2023          	sw	a0,1344(s4)

0000298a <.L351>:
    298a:	000d2683          	lw	a3,0(s10)
    298e:	0d11                	addi	s10,s10,4
    2990:	0411                	addi	s0,s0,4
    2992:	20d7a7b3          	sh1add	a5,a5,a3
    2996:	fefd2e23          	sw	a5,-4(s10)
    299a:	efab9fe3          	bne	s7,s10,2898 <.L500>
			299a: R_RISCV_BRANCH	.L500
    299e:	4362                	lw	t1,24(sp)
    29a0:	a2aff06f          	j	1bca <.L346>
			29a0: R_RISCV_JAL	.L346

000029a4 <.L422>:
    29a4:	00000637          	lui	a2,0x0
			29a4: R_RISCV_HI20	tremval_const
			29a4: R_RISCV_RELAX	*ABS*
    29a8:	00060613          	mv	a2,a2
			29a8: R_RISCV_LO12_I	tremval_const
			29a8: R_RISCV_RELAX	*ABS*
    29ac:	be19                	j	24c2 <.L362>
			29ac: R_RISCV_RVC_JUMP	.L362

000029ae <.L421>:
    29ae:	00000637          	lui	a2,0x0
			29ae: R_RISCV_HI20	tremval_const
			29ae: R_RISCV_RELAX	*ABS*
    29b2:	00060613          	mv	a2,a2
			29b2: R_RISCV_LO12_I	tremval_const
			29b2: R_RISCV_RELAX	*ABS*
    29b6:	bcdd                	j	24ac <.L361>
			29b6: R_RISCV_RVC_JUMP	.L361

000029b8 <.L423>:
    29b8:	00000eb7          	lui	t4,0x0
			29b8: R_RISCV_HI20	tremval_const
			29b8: R_RISCV_RELAX	*ABS*
    29bc:	000e8e93          	mv	t4,t4
			29bc: R_RISCV_LO12_I	tremval_const
			29bc: R_RISCV_RELAX	*ABS*
    29c0:	be25                	j	24f8 <.L366>
			29c0: R_RISCV_RVC_JUMP	.L366

000029c2 <.L485>:
    29c2:	a61c4783          	lbu	a5,-1439(s8)
    29c6:	64079c63          	bnez	a5,301e <.L501>
			29c6: R_RISCV_BRANCH	.L501
    29ca:	00000537          	lui	a0,0x0
			29ca: R_RISCV_HI20	vibval_const
			29ca: R_RISCV_RELAX	*ABS*
    29ce:	00050513          	mv	a0,a0
			29ce: R_RISCV_LO12_I	vibval_const
			29ce: R_RISCV_RELAX	*ABS*
    29d2:	000007b7          	lui	a5,0x0
			29d2: R_RISCV_HI20	vibval1
			29d2: R_RISCV_RELAX	*ABS*
    29d6:	00a7a023          	sw	a0,0(a5) # 0 <operator_off>
			29d6: R_RISCV_LO12_S	vibval1
			29d6: R_RISCV_RELAX	*ABS*

000029da <.L326>:
    29da:	a62c4703          	lbu	a4,-1438(s8)
    29de:	4a071e63          	bnez	a4,2e9a <.L502>
			29de: R_RISCV_BRANCH	.L502
    29e2:	00000737          	lui	a4,0x0
			29e2: R_RISCV_HI20	tremval_const
			29e2: R_RISCV_RELAX	*ABS*
    29e6:	00070713          	mv	a4,a4
			29e6: R_RISCV_LO12_I	tremval_const
			29e6: R_RISCV_RELAX	*ABS*

000029ea <.L327>:
    29ea:	000006b7          	lui	a3,0x0
			29ea: R_RISCV_HI20	.LC2
			29ea: R_RISCV_RELAX	*ABS*
    29ee:	0006a603          	lw	a2,0(a3) # 0 <operator_off>
			29ee: R_RISCV_LO12_I	.LC2
			29ee: R_RISCV_RELAX	*ABS*
    29f2:	0046a683          	lw	a3,4(a3)
			29f2: R_RISCV_LO12_I	.LC2+0x4
			29f2: R_RISCV_RELAX	*ABS*+0x4
    29f6:	04010d13          	addi	s10,sp,64
    29fa:	00001e37          	lui	t3,0x1
			29fa: R_RISCV_HI20	op+0x9d8
			29fa: R_RISCV_RELAX	*ABS*+0x9d8
    29fe:	ce36                	sw	a3,28(sp)
    2a00:	000006b7          	lui	a3,0x0
			2a00: R_RISCV_HI20	tremval1
			2a00: R_RISCV_RELAX	*ABS*
    2a04:	00e6a023          	sw	a4,0(a3) # 0 <operator_off>
			2a04: R_RISCV_LO12_S	tremval1
			2a04: R_RISCV_RELAX	*ABS*
    2a08:	5722                	lw	a4,40(sp)
    2a0a:	000005b7          	lui	a1,0x0
			2a0a: R_RISCV_HI20	.LANCHOR2
			2a0a: R_RISCV_RELAX	*ABS*
    2a0e:	8de6                	mv	s11,s9
    2a10:	01a70b33          	add	s6,a4,s10
    2a14:	9d8e0713          	addi	a4,t3,-1576 # 9d8 <change_keepsustain+0x10>
			2a14: R_RISCV_LO12_I	op+0x9d8
			2a14: R_RISCV_RELAX	*ABS*+0x9d8
    2a18:	cc32                	sw	a2,24(sp)
    2a1a:	00058a93          	mv	s5,a1
			2a1a: R_RISCV_LO12_I	.LANCHOR2
			2a1a: R_RISCV_RELAX	*ABS*
    2a1e:	c83a                	sw	a4,16(sp)
    2a20:	4b95                	li	s7,5
    2a22:	d01a                	sw	t1,32(sp)
    2a24:	4901                	li	s2,0
    2a26:	ca3e                	sw	a5,20(sp)
    2a28:	000009b7          	lui	s3,0x0
			2a28: R_RISCV_HI20	generator_add
			2a28: R_RISCV_RELAX	*ABS*
    2a2c:	8cb6                	mv	s9,a3
    2a2e:	a021                	j	2a36 <.L329>
			2a2e: R_RISCV_RVC_JUMP	.L329

00002a30 <.L503>:
    2a30:	47d2                	lw	a5,20(sp)
    2a32:	0007a503          	lw	a0,0(a5)
			2a32: R_RISCV_LO12_I	vibval1
			2a32: R_RISCV_RELAX	*ABS*

00002a36 <.L329>:
    2a36:	012507b3          	add	a5,a0,s2
    2a3a:	4390                	lw	a2,0(a5)
    2a3c:	9e8c2783          	lw	a5,-1560(s8)
    2a40:	9e0c2503          	lw	a0,-1568(s8)
    2a44:	a64c2583          	lw	a1,-1436(s8)
    2a48:	02c78633          	mul	a2,a5,a2
    2a4c:	00f506b3          	add	a3,a0,a5
    2a50:	0009a783          	lw	a5,0(s3) # 0 <operator_off>
			2a50: R_RISCV_LO12_I	generator_add
			2a50: R_RISCV_RELAX	*ABS*
    2a54:	215dc8b3          	sh2add	a7,s11,s5
    2a58:	9eac2223          	sw	a0,-1564(s8)
    2a5c:	95be                	add	a1,a1,a5
    2a5e:	0008a883          	lw	a7,0(a7)
    2a62:	4542                	lw	a0,16(sp)
    2a64:	a6bc2223          	sw	a1,-1436(s8)
    2a68:	41f65793          	srai	a5,a2,0x1f
    2a6c:	0807c7b3          	zext.h	a5,a5
    2a70:	97b2                	add	a5,a5,a2
    2a72:	87c1                	srai	a5,a5,0x10
    2a74:	97b6                	add	a5,a5,a3
    2a76:	9efc2023          	sw	a5,-1568(s8)
    2a7a:	9882                	jalr	a7
    2a7c:	a48c2d83          	lw	s11,-1464(s8)
    2a80:	9d8c2783          	lw	a5,-1576(s8)
    2a84:	097d8b63          	beq	s11,s7,2b1a <.L328>
			2a84: R_RISCV_BRANCH	.L328
    2a88:	a58c2503          	lw	a0,-1448(s8)
    2a8c:	9e6c5683          	lhu	a3,-1562(s8)
    2a90:	a54c2583          	lw	a1,-1452(s8)
    2a94:	000ca603          	lw	a2,0(s9)
			2a94: R_RISCV_LO12_I	tremval1
			2a94: R_RISCV_RELAX	*ABS*
    2a98:	8ee9                	and	a3,a3,a0
    2a9a:	20b6a6b3          	sh1add	a3,a3,a1
    2a9e:	00069503          	lh	a0,0(a3)
    2aa2:	012606b3          	add	a3,a2,s2
    2aa6:	4298                	lw	a4,0(a3)
    2aa8:	9cfc2e23          	sw	a5,-1572(s8)
    2aac:	c43a                	sw	a4,8(sp)
    2aae:	00000097          	auipc	ra,0x0
			2aae: R_RISCV_CALL_PLT	__floatsidf
			2aae: R_RISCV_RELAX	*ABS*
    2ab2:	000080e7          	jalr	ra # 2aae <.L329+0x78>
    2ab6:	842a                	mv	s0,a0
    2ab8:	84ae                	mv	s1,a1
    2aba:	a00c2603          	lw	a2,-1536(s8)
    2abe:	a04c2683          	lw	a3,-1532(s8)
    2ac2:	9f8c2503          	lw	a0,-1544(s8)
    2ac6:	9fcc2583          	lw	a1,-1540(s8)
    2aca:	00000097          	auipc	ra,0x0
			2aca: R_RISCV_CALL_PLT	__muldf3
			2aca: R_RISCV_RELAX	*ABS*
    2ace:	000080e7          	jalr	ra # 2aca <.L329+0x94>
    2ad2:	862a                	mv	a2,a0
    2ad4:	86ae                	mv	a3,a1
    2ad6:	8522                	mv	a0,s0
    2ad8:	85a6                	mv	a1,s1
    2ada:	00000097          	auipc	ra,0x0
			2ada: R_RISCV_CALL_PLT	__muldf3
			2ada: R_RISCV_RELAX	*ABS*
    2ade:	000080e7          	jalr	ra # 2ada <.L329+0xa4>
    2ae2:	842a                	mv	s0,a0
    2ae4:	4522                	lw	a0,8(sp)
    2ae6:	84ae                	mv	s1,a1
    2ae8:	00000097          	auipc	ra,0x0
			2ae8: R_RISCV_CALL_PLT	__floatsidf
			2ae8: R_RISCV_RELAX	*ABS*
    2aec:	000080e7          	jalr	ra # 2ae8 <.L329+0xb2>
    2af0:	862a                	mv	a2,a0
    2af2:	86ae                	mv	a3,a1
    2af4:	8522                	mv	a0,s0
    2af6:	85a6                	mv	a1,s1
    2af8:	00000097          	auipc	ra,0x0
			2af8: R_RISCV_CALL_PLT	__muldf3
			2af8: R_RISCV_RELAX	*ABS*
    2afc:	000080e7          	jalr	ra # 2af8 <.L329+0xc2>
    2b00:	4662                	lw	a2,24(sp)
    2b02:	46f2                	lw	a3,28(sp)
    2b04:	00000097          	auipc	ra,0x0
			2b04: R_RISCV_CALL_PLT	__muldf3
			2b04: R_RISCV_RELAX	*ABS*
    2b08:	000080e7          	jalr	ra # 2b04 <.L329+0xce>
    2b0c:	00000097          	auipc	ra,0x0
			2b0c: R_RISCV_CALL_PLT	__fixdfsi
			2b0c: R_RISCV_RELAX	*ABS*
    2b10:	000080e7          	jalr	ra # 2b0c <.L329+0xd6>
    2b14:	87aa                	mv	a5,a0
    2b16:	9cac2c23          	sw	a0,-1576(s8)

00002b1a <.L328>:
    2b1a:	000d2683          	lw	a3,0(s10)
    2b1e:	0d11                	addi	s10,s10,4
    2b20:	0911                	addi	s2,s2,4
    2b22:	20d7a7b3          	sh1add	a5,a5,a3
    2b26:	fefd2e23          	sw	a5,-4(s10)
    2b2a:	f1ab13e3          	bne	s6,s10,2a30 <.L503>
			2b2a: R_RISCV_BRANCH	.L503
    2b2e:	5302                	lw	t1,32(sp)
    2b30:	890ff06f          	j	1bc0 <.L323>
			2b30: R_RISCV_JAL	.L323

00002b34 <.L420>:
    2b34:	00000737          	lui	a4,0x0
			2b34: R_RISCV_HI20	tremval_const
			2b34: R_RISCV_RELAX	*ABS*
    2b38:	00070713          	mv	a4,a4
			2b38: R_RISCV_LO12_I	tremval_const
			2b38: R_RISCV_RELAX	*ABS*
    2b3c:	b31d                	j	2862 <.L350>
			2b3c: R_RISCV_RVC_JUMP	.L350

00002b3e <.L498>:
    2b3e:	479a4703          	lbu	a4,1145(s4)
    2b42:	2a070e63          	beqz	a4,2dfe <.L504>
			2b42: R_RISCV_BRANCH	.L504
    2b46:	3af61c63          	bne	a2,a5,2efe <.L334>
			2b46: R_RISCV_BRANCH	.L334
    2b4a:	00000537          	lui	a0,0x0
			2b4a: R_RISCV_HI20	vibval_const
			2b4a: R_RISCV_RELAX	*ABS*
    2b4e:	00050513          	mv	a0,a0
			2b4e: R_RISCV_LO12_I	vibval_const
			2b4e: R_RISCV_RELAX	*ABS*
    2b52:	000007b7          	lui	a5,0x0
			2b52: R_RISCV_HI20	vibval1
			2b52: R_RISCV_RELAX	*ABS*
    2b56:	00a7a023          	sw	a0,0(a5) # 0 <operator_off>
			2b56: R_RISCV_LO12_S	vibval1
			2b56: R_RISCV_RELAX	*ABS*

00002b5a <.L480>:
    2b5a:	a61c4703          	lbu	a4,-1439(s8)
    2b5e:	88aa                	mv	a7,a0
    2b60:	c701                	beqz	a4,2b68 <.L481>
			2b60: R_RISCV_RVC_BRANCH	.L481
    2b62:	1ced                	addi	s9,s9,-5
    2b64:	2a0c9a63          	bnez	s9,2e18 <.L332>
			2b64: R_RISCV_BRANCH	.L332

00002b68 <.L481>:
    2b68:	00000537          	lui	a0,0x0
			2b68: R_RISCV_HI20	vibval_const
			2b68: R_RISCV_RELAX	*ABS*
    2b6c:	00050513          	mv	a0,a0
			2b6c: R_RISCV_LO12_I	vibval_const
			2b6c: R_RISCV_RELAX	*ABS*

00002b70 <.L338>:
    2b70:	47aa4683          	lbu	a3,1146(s4)
    2b74:	00000db7          	lui	s11,0x0
			2b74: R_RISCV_HI20	vibval2
			2b74: R_RISCV_RELAX	*ABS*
    2b78:	00ada023          	sw	a0,0(s11) # 0 <operator_off>
			2b78: R_RISCV_LO12_S	vibval2
			2b78: R_RISCV_RELAX	*ABS*
    2b7c:	2e068e63          	beqz	a3,2e78 <.L418>
			2b7c: R_RISCV_BRANCH	.L418

00002b80 <.L506>:
    2b80:	6585                	lui	a1,0x1
    2b82:	0098                	addi	a4,sp,64
    2b84:	95ba                	add	a1,a1,a4
    2b86:	000006b7          	lui	a3,0x0
			2b86: R_RISCV_HI20	tremval1
			2b86: R_RISCV_RELAX	*ABS*
    2b8a:	00b6a023          	sw	a1,0(a3) # 0 <operator_off>
			2b8a: R_RISCV_LO12_S	tremval1
			2b8a: R_RISCV_RELAX	*ABS*
    2b8e:	a62c4583          	lbu	a1,-1438(s8)
    2b92:	2e058f63          	beqz	a1,2e90 <.L419>
			2b92: R_RISCV_BRANCH	.L419

00002b96 <.L507>:
    2b96:	6585                	lui	a1,0x1
    2b98:	0098                	addi	a4,sp,64
    2b9a:	95ba                	add	a1,a1,a4

00002b9c <.L342>:
    2b9c:	5722                	lw	a4,40(sp)
    2b9e:	04010c93          	addi	s9,sp,64
    2ba2:	00001e37          	lui	t3,0x1
			2ba2: R_RISCV_HI20	op+0x9d8
			2ba2: R_RISCV_RELAX	*ABS*+0x9d8
    2ba6:	9766                	add	a4,a4,s9
    2ba8:	00000d37          	lui	s10,0x0
			2ba8: R_RISCV_HI20	tremval2
			2ba8: R_RISCV_RELAX	*ABS*
    2bac:	00000537          	lui	a0,0x0
			2bac: R_RISCV_HI20	op+0x3f0
			2bac: R_RISCV_RELAX	*ABS*+0x3f0
    2bb0:	c43a                	sw	a4,8(sp)
    2bb2:	9d8e0713          	addi	a4,t3,-1576 # 9d8 <change_keepsustain+0x10>
			2bb2: R_RISCV_LO12_I	op+0x9d8
			2bb2: R_RISCV_RELAX	*ABS*+0x9d8
    2bb6:	00bd2023          	sw	a1,0(s10) # 0 <operator_off>
			2bb6: R_RISCV_LO12_S	tremval2
			2bb6: R_RISCV_RELAX	*ABS*
    2bba:	ca3a                	sw	a4,20(sp)
    2bbc:	000005b7          	lui	a1,0x0
			2bbc: R_RISCV_HI20	.LANCHOR2
			2bbc: R_RISCV_RELAX	*ABS*
    2bc0:	3f050713          	addi	a4,a0,1008 # 3f0 <operator_advance_drums+0xae>
			2bc0: R_RISCV_LO12_I	op+0x3f0
			2bc0: R_RISCV_RELAX	*ABS*+0x3f0
    2bc4:	00058a93          	mv	s5,a1
			2bc4: R_RISCV_LO12_I	.LANCHOR2
			2bc4: R_RISCV_RELAX	*ABS*
    2bc8:	c83a                	sw	a4,16(sp)
    2bca:	4401                	li	s0,0
    2bcc:	000004b7          	lui	s1,0x0
			2bcc: R_RISCV_HI20	generator_add
			2bcc: R_RISCV_RELAX	*ABS*
    2bd0:	4b95                	li	s7,5
    2bd2:	d21a                	sw	t1,36(sp)
    2bd4:	cc3e                	sw	a5,24(sp)
    2bd6:	d036                	sw	a3,32(sp)
    2bd8:	a039                	j	2be6 <.L345>
			2bd8: R_RISCV_RVC_JUMP	.L345

00002bda <.L505>:
    2bda:	47e2                	lw	a5,24(sp)
    2bdc:	460a2603          	lw	a2,1120(s4)
    2be0:	0411                	addi	s0,s0,4
    2be2:	0007a883          	lw	a7,0(a5)
			2be2: R_RISCV_LO12_I	vibval1
			2be2: R_RISCV_RELAX	*ABS*

00002be6 <.L345>:
    2be6:	008887b3          	add	a5,a7,s0
    2bea:	4394                	lw	a3,0(a5)
    2bec:	400a2783          	lw	a5,1024(s4)
    2bf0:	3f8a2583          	lw	a1,1016(s4)
    2bf4:	21564733          	sh2add	a4,a2,s5
    2bf8:	02d786b3          	mul	a3,a5,a3
    2bfc:	47ca2603          	lw	a2,1148(s4)
    2c00:	00072803          	lw	a6,0(a4) # 0 <operator_off>
    2c04:	00f58733          	add	a4,a1,a5
    2c08:	0004a783          	lw	a5,0(s1) # 0 <operator_off>
			2c08: R_RISCV_LO12_I	generator_add
			2c08: R_RISCV_RELAX	*ABS*
    2c0c:	4542                	lw	a0,16(sp)
    2c0e:	3eba2e23          	sw	a1,1020(s4)
    2c12:	963e                	add	a2,a2,a5
    2c14:	46ca2e23          	sw	a2,1148(s4)
    2c18:	41f6d793          	srai	a5,a3,0x1f
    2c1c:	0807c7b3          	zext.h	a5,a5
    2c20:	97b6                	add	a5,a5,a3
    2c22:	87c1                	srai	a5,a5,0x10
    2c24:	97ba                	add	a5,a5,a4
    2c26:	3efa2c23          	sw	a5,1016(s4)
    2c2a:	9802                	jalr	a6
    2c2c:	460a2783          	lw	a5,1120(s4)
    2c30:	0b778d63          	beq	a5,s7,2cea <.L343>
			2c30: R_RISCV_BRANCH	.L343
    2c34:	3f0a2683          	lw	a3,1008(s4)
    2c38:	3f4a2703          	lw	a4,1012(s4)
    2c3c:	428a2783          	lw	a5,1064(s4)
    2c40:	3fca2503          	lw	a0,1020(s4)
    2c44:	9736                	add	a4,a4,a3
    2c46:	02f70733          	mul	a4,a4,a5
    2c4a:	5782                	lw	a5,32(sp)
    2c4c:	470a2583          	lw	a1,1136(s4)
    2c50:	46ca2603          	lw	a2,1132(s4)
    2c54:	0007a783          	lw	a5,0(a5)
			2c54: R_RISCV_LO12_I	tremval1
			2c54: R_RISCV_RELAX	*ABS*
    2c58:	97a2                	add	a5,a5,s0
    2c5a:	0007ab03          	lw	s6,0(a5)
    2c5e:	3eda2a23          	sw	a3,1012(s4)
    2c62:	01f75793          	srli	a5,a4,0x1f
    2c66:	97ba                	add	a5,a5,a4
    2c68:	8785                	srai	a5,a5,0x1
    2c6a:	97aa                	add	a5,a5,a0
    2c6c:	83c1                	srli	a5,a5,0x10
    2c6e:	8fed                	and	a5,a5,a1
    2c70:	20c7a7b3          	sh1add	a5,a5,a2
    2c74:	00079503          	lh	a0,0(a5)
    2c78:	00000097          	auipc	ra,0x0
			2c78: R_RISCV_CALL_PLT	__floatsidf
			2c78: R_RISCV_RELAX	*ABS*
    2c7c:	000080e7          	jalr	ra # 2c78 <.L345+0x92>
    2c80:	892a                	mv	s2,a0
    2c82:	89ae                	mv	s3,a1
    2c84:	418a2603          	lw	a2,1048(s4)
    2c88:	41ca2683          	lw	a3,1052(s4)
    2c8c:	410a2503          	lw	a0,1040(s4)
    2c90:	414a2583          	lw	a1,1044(s4)
    2c94:	00000097          	auipc	ra,0x0
			2c94: R_RISCV_CALL_PLT	__muldf3
			2c94: R_RISCV_RELAX	*ABS*
    2c98:	000080e7          	jalr	ra # 2c94 <.L345+0xae>
    2c9c:	862a                	mv	a2,a0
    2c9e:	86ae                	mv	a3,a1
    2ca0:	854a                	mv	a0,s2
    2ca2:	85ce                	mv	a1,s3
    2ca4:	00000097          	auipc	ra,0x0
			2ca4: R_RISCV_CALL_PLT	__muldf3
			2ca4: R_RISCV_RELAX	*ABS*
    2ca8:	000080e7          	jalr	ra # 2ca4 <.L345+0xbe>
    2cac:	892a                	mv	s2,a0
    2cae:	855a                	mv	a0,s6
    2cb0:	89ae                	mv	s3,a1
    2cb2:	00000097          	auipc	ra,0x0
			2cb2: R_RISCV_CALL_PLT	__floatsidf
			2cb2: R_RISCV_RELAX	*ABS*
    2cb6:	000080e7          	jalr	ra # 2cb2 <.L345+0xcc>
    2cba:	862a                	mv	a2,a0
    2cbc:	86ae                	mv	a3,a1
    2cbe:	854a                	mv	a0,s2
    2cc0:	85ce                	mv	a1,s3
    2cc2:	00000097          	auipc	ra,0x0
			2cc2: R_RISCV_CALL_PLT	__muldf3
			2cc2: R_RISCV_RELAX	*ABS*
    2cc6:	000080e7          	jalr	ra # 2cc2 <.L345+0xdc>
    2cca:	000007b7          	lui	a5,0x0
			2cca: R_RISCV_HI20	.LC2
			2cca: R_RISCV_RELAX	*ABS*
    2cce:	0007a603          	lw	a2,0(a5) # 0 <operator_off>
			2cce: R_RISCV_LO12_I	.LC2
			2cce: R_RISCV_RELAX	*ABS*
    2cd2:	0047a683          	lw	a3,4(a5)
			2cd2: R_RISCV_LO12_I	.LC2+0x4
			2cd2: R_RISCV_RELAX	*ABS*+0x4
    2cd6:	00000097          	auipc	ra,0x0
			2cd6: R_RISCV_CALL_PLT	__muldf3
			2cd6: R_RISCV_RELAX	*ABS*
    2cda:	000080e7          	jalr	ra # 2cd6 <.L345+0xf0>
    2cde:	00000097          	auipc	ra,0x0
			2cde: R_RISCV_CALL_PLT	__fixdfsi
			2cde: R_RISCV_RELAX	*ABS*
    2ce2:	000080e7          	jalr	ra # 2cde <.L345+0xf8>
    2ce6:	3eaa2823          	sw	a0,1008(s4)

00002cea <.L343>:
    2cea:	000da683          	lw	a3,0(s11)
			2cea: R_RISCV_LO12_I	vibval2
			2cea: R_RISCV_RELAX	*ABS*
    2cee:	9e8c2783          	lw	a5,-1560(s8)
    2cf2:	a48c2703          	lw	a4,-1464(s8)
    2cf6:	96a2                	add	a3,a3,s0
    2cf8:	4294                	lw	a3,0(a3)
    2cfa:	9e0c2603          	lw	a2,-1568(s8)
    2cfe:	21574733          	sh2add	a4,a4,s5
    2d02:	02d786b3          	mul	a3,a5,a3
    2d06:	430c                	lw	a1,0(a4)
    2d08:	9ecc2223          	sw	a2,-1564(s8)
    2d0c:	00f60733          	add	a4,a2,a5
    2d10:	a64c2783          	lw	a5,-1436(s8)
    2d14:	0004a603          	lw	a2,0(s1)
			2d14: R_RISCV_LO12_I	generator_add
			2d14: R_RISCV_RELAX	*ABS*
    2d18:	4552                	lw	a0,20(sp)
    2d1a:	97b2                	add	a5,a5,a2
    2d1c:	a6fc2223          	sw	a5,-1436(s8)
    2d20:	41f6d793          	srai	a5,a3,0x1f
    2d24:	0807c7b3          	zext.h	a5,a5
    2d28:	97b6                	add	a5,a5,a3
    2d2a:	87c1                	srai	a5,a5,0x10
    2d2c:	97ba                	add	a5,a5,a4
    2d2e:	9efc2023          	sw	a5,-1568(s8)
    2d32:	9582                	jalr	a1
    2d34:	a48c2783          	lw	a5,-1464(s8)
    2d38:	9d8c2703          	lw	a4,-1576(s8)
    2d3c:	0b778463          	beq	a5,s7,2de4 <.L344>
			2d3c: R_RISCV_BRANCH	.L344
    2d40:	3f0a2783          	lw	a5,1008(s4)
    2d44:	9e4c2683          	lw	a3,-1564(s8)
    2d48:	a58c2603          	lw	a2,-1448(s8)
    2d4c:	07c2                	slli	a5,a5,0x10
    2d4e:	97b6                	add	a5,a5,a3
    2d50:	a54c2683          	lw	a3,-1452(s8)
    2d54:	83c1                	srli	a5,a5,0x10
    2d56:	8ff1                	and	a5,a5,a2
    2d58:	20d7a7b3          	sh1add	a5,a5,a3
    2d5c:	000d2683          	lw	a3,0(s10)
			2d5c: R_RISCV_LO12_I	tremval2
			2d5c: R_RISCV_RELAX	*ABS*
    2d60:	00079503          	lh	a0,0(a5)
    2d64:	008687b3          	add	a5,a3,s0
    2d68:	0007ab03          	lw	s6,0(a5)
    2d6c:	9cec2e23          	sw	a4,-1572(s8)
    2d70:	00000097          	auipc	ra,0x0
			2d70: R_RISCV_CALL_PLT	__floatsidf
			2d70: R_RISCV_RELAX	*ABS*
    2d74:	000080e7          	jalr	ra # 2d70 <.L343+0x86>
    2d78:	892a                	mv	s2,a0
    2d7a:	89ae                	mv	s3,a1
    2d7c:	a00c2603          	lw	a2,-1536(s8)
    2d80:	a04c2683          	lw	a3,-1532(s8)
    2d84:	9f8c2503          	lw	a0,-1544(s8)
    2d88:	9fcc2583          	lw	a1,-1540(s8)
    2d8c:	00000097          	auipc	ra,0x0
			2d8c: R_RISCV_CALL_PLT	__muldf3
			2d8c: R_RISCV_RELAX	*ABS*
    2d90:	000080e7          	jalr	ra # 2d8c <.L343+0xa2>
    2d94:	862a                	mv	a2,a0
    2d96:	86ae                	mv	a3,a1
    2d98:	854a                	mv	a0,s2
    2d9a:	85ce                	mv	a1,s3
    2d9c:	00000097          	auipc	ra,0x0
			2d9c: R_RISCV_CALL_PLT	__muldf3
			2d9c: R_RISCV_RELAX	*ABS*
    2da0:	000080e7          	jalr	ra # 2d9c <.L343+0xb2>
    2da4:	892a                	mv	s2,a0
    2da6:	855a                	mv	a0,s6
    2da8:	89ae                	mv	s3,a1
    2daa:	00000097          	auipc	ra,0x0
			2daa: R_RISCV_CALL_PLT	__floatsidf
			2daa: R_RISCV_RELAX	*ABS*
    2dae:	000080e7          	jalr	ra # 2daa <.L343+0xc0>
    2db2:	862a                	mv	a2,a0
    2db4:	86ae                	mv	a3,a1
    2db6:	854a                	mv	a0,s2
    2db8:	85ce                	mv	a1,s3
    2dba:	00000097          	auipc	ra,0x0
			2dba: R_RISCV_CALL_PLT	__muldf3
			2dba: R_RISCV_RELAX	*ABS*
    2dbe:	000080e7          	jalr	ra # 2dba <.L343+0xd0>
    2dc2:	000007b7          	lui	a5,0x0
			2dc2: R_RISCV_HI20	.LC2
			2dc2: R_RISCV_RELAX	*ABS*
    2dc6:	0007a603          	lw	a2,0(a5) # 0 <operator_off>
			2dc6: R_RISCV_LO12_I	.LC2
			2dc6: R_RISCV_RELAX	*ABS*
    2dca:	0047a683          	lw	a3,4(a5)
			2dca: R_RISCV_LO12_I	.LC2+0x4
			2dca: R_RISCV_RELAX	*ABS*+0x4
    2dce:	00000097          	auipc	ra,0x0
			2dce: R_RISCV_CALL_PLT	__muldf3
			2dce: R_RISCV_RELAX	*ABS*
    2dd2:	000080e7          	jalr	ra # 2dce <.L343+0xe4>
    2dd6:	00000097          	auipc	ra,0x0
			2dd6: R_RISCV_CALL_PLT	__fixdfsi
			2dd6: R_RISCV_RELAX	*ABS*
    2dda:	000080e7          	jalr	ra # 2dd6 <.L343+0xec>
    2dde:	872a                	mv	a4,a0
    2de0:	9cac2c23          	sw	a0,-1576(s8)

00002de4 <.L344>:
    2de4:	000ca783          	lw	a5,0(s9)
    2de8:	0c91                	addi	s9,s9,4
    2dea:	20f72733          	sh1add	a4,a4,a5
    2dee:	47a2                	lw	a5,8(sp)
    2df0:	feecae23          	sw	a4,-4(s9)
    2df4:	df9793e3          	bne	a5,s9,2bda <.L505>
			2df4: R_RISCV_BRANCH	.L505
    2df8:	5312                	lw	t1,36(sp)
    2dfa:	dc7fe06f          	j	1bc0 <.L323>
			2dfa: R_RISCV_JAL	.L323

00002dfe <.L504>:
    2dfe:	00000537          	lui	a0,0x0
			2dfe: R_RISCV_HI20	vibval_const
			2dfe: R_RISCV_RELAX	*ABS*
    2e02:	a61c4703          	lbu	a4,-1439(s8)
    2e06:	00050513          	mv	a0,a0
			2e06: R_RISCV_LO12_I	vibval_const
			2e06: R_RISCV_RELAX	*ABS*
    2e0a:	000007b7          	lui	a5,0x0
			2e0a: R_RISCV_HI20	vibval1
			2e0a: R_RISCV_RELAX	*ABS*
    2e0e:	00a7a023          	sw	a0,0(a5) # 0 <operator_off>
			2e0e: R_RISCV_LO12_S	vibval1
			2e0e: R_RISCV_RELAX	*ABS*
    2e12:	9c0701e3          	beqz	a4,27d4 <.L333>
			2e12: R_RISCV_BRANCH	.L333
    2e16:	88aa                	mv	a7,a0

00002e18 <.L332>:
    2e18:	5722                	lw	a4,40(sp)
    2e1a:	55b2                	lw	a1,44(sp)
    2e1c:	00000537          	lui	a0,0x0
			2e1c: R_RISCV_HI20	vibval_var2
			2e1c: R_RISCV_RELAX	*ABS*
    2e20:	a50c2e83          	lw	t4,-1456(s8)
    2e24:	00050513          	mv	a0,a0
			2e24: R_RISCV_LO12_I	vibval_var2
			2e24: R_RISCV_RELAX	*ABS*
    2e28:	00000db7          	lui	s11,0x0
			2e28: R_RISCV_HI20	vibval2
			2e28: R_RISCV_RELAX	*ABS*
    2e2c:	14f8b837          	lui	a6,0x14f8b
    2e30:	00ada023          	sw	a0,0(s11) # 0 <operator_off>
			2e30: R_RISCV_LO12_S	vibval2
			2e30: R_RISCV_RELAX	*ABS*
    2e34:	58980813          	addi	a6,a6,1417 # 14f8b589 <op+0x14f879a9>
    2e38:	00b70e33          	add	t3,a4,a1

00002e3c <.L339>:
    2e3c:	4194                	lw	a3,0(a1)
    2e3e:	0591                	addi	a1,a1,4 # 4 <operator_sustain+0x2>
    2e40:	0511                	addi	a0,a0,4 # 4 <operator_sustain+0x2>
    2e42:	02de86b3          	mul	a3,t4,a3
    2e46:	41f6d713          	srai	a4,a3,0x1f
    2e4a:	8b1d                	andi	a4,a4,7
    2e4c:	9736                	add	a4,a4,a3
    2e4e:	40375693          	srai	a3,a4,0x3
    2e52:	9b61                	andi	a4,a4,-8
    2e54:	9736                	add	a4,a4,a3
    2e56:	070a                	slli	a4,a4,0x2
    2e58:	8f15                	sub	a4,a4,a3
    2e5a:	0746                	slli	a4,a4,0x11
    2e5c:	030716b3          	mulh	a3,a4,a6
    2e60:	877d                	srai	a4,a4,0x1f
    2e62:	86b1                	srai	a3,a3,0xc
    2e64:	40e68733          	sub	a4,a3,a4
    2e68:	fee52e23          	sw	a4,-4(a0)
    2e6c:	fcbe18e3          	bne	t3,a1,2e3c <.L339>
			2e6c: R_RISCV_BRANCH	.L339
    2e70:	47aa4683          	lbu	a3,1146(s4)
    2e74:	d00696e3          	bnez	a3,2b80 <.L506>
			2e74: R_RISCV_BRANCH	.L506

00002e78 <.L418>:
    2e78:	000005b7          	lui	a1,0x0
			2e78: R_RISCV_HI20	tremval_const
			2e78: R_RISCV_RELAX	*ABS*
    2e7c:	00058593          	mv	a1,a1
			2e7c: R_RISCV_LO12_I	tremval_const
			2e7c: R_RISCV_RELAX	*ABS*
    2e80:	000006b7          	lui	a3,0x0
			2e80: R_RISCV_HI20	tremval1
			2e80: R_RISCV_RELAX	*ABS*
    2e84:	00b6a023          	sw	a1,0(a3) # 0 <operator_off>
			2e84: R_RISCV_LO12_S	tremval1
			2e84: R_RISCV_RELAX	*ABS*
    2e88:	a62c4583          	lbu	a1,-1438(s8)
    2e8c:	d00595e3          	bnez	a1,2b96 <.L507>
			2e8c: R_RISCV_BRANCH	.L507

00002e90 <.L419>:
    2e90:	000005b7          	lui	a1,0x0
			2e90: R_RISCV_HI20	tremval_const
			2e90: R_RISCV_RELAX	*ABS*
    2e94:	00058593          	mv	a1,a1
			2e94: R_RISCV_LO12_I	tremval_const
			2e94: R_RISCV_RELAX	*ABS*
    2e98:	b311                	j	2b9c <.L342>
			2e98: R_RISCV_RVC_JUMP	.L342

00002e9a <.L502>:
    2e9a:	6705                	lui	a4,0x1
    2e9c:	0094                	addi	a3,sp,64
    2e9e:	9736                	add	a4,a4,a3
    2ea0:	b6a9                	j	29ea <.L327>
			2ea0: R_RISCV_RVC_JUMP	.L327

00002ea2 <.L499>:
    2ea2:	57a2                	lw	a5,40(sp)
    2ea4:	5632                	lw	a2,44(sp)
    2ea6:	00000537          	lui	a0,0x0
			2ea6: R_RISCV_HI20	vibval_var1
			2ea6: R_RISCV_RELAX	*ABS*
    2eaa:	5b8a2e83          	lw	t4,1464(s4)
    2eae:	00050513          	mv	a0,a0
			2eae: R_RISCV_LO12_I	vibval_var1
			2eae: R_RISCV_RELAX	*ABS*
    2eb2:	00000837          	lui	a6,0x0
			2eb2: R_RISCV_HI20	vibval3
			2eb2: R_RISCV_RELAX	*ABS*
    2eb6:	14f8b8b7          	lui	a7,0x14f8b
    2eba:	00a82023          	sw	a0,0(a6) # 0 <operator_off>
			2eba: R_RISCV_LO12_S	vibval3
			2eba: R_RISCV_RELAX	*ABS*
    2ebe:	85aa                	mv	a1,a0
    2ec0:	58988893          	addi	a7,a7,1417 # 14f8b589 <op+0x14f879a9>
    2ec4:	00c78e33          	add	t3,a5,a2

00002ec8 <.L348>:
    2ec8:	4218                	lw	a4,0(a2)
    2eca:	0611                	addi	a2,a2,4 # 4 <operator_sustain+0x2>
    2ecc:	0591                	addi	a1,a1,4 # 4 <operator_sustain+0x2>
    2ece:	02ee8733          	mul	a4,t4,a4
    2ed2:	41f75793          	srai	a5,a4,0x1f
    2ed6:	8b9d                	andi	a5,a5,7
    2ed8:	97ba                	add	a5,a5,a4
    2eda:	4037d713          	srai	a4,a5,0x3
    2ede:	9be1                	andi	a5,a5,-8
    2ee0:	97ba                	add	a5,a5,a4
    2ee2:	078a                	slli	a5,a5,0x2
    2ee4:	8f99                	sub	a5,a5,a4
    2ee6:	07c6                	slli	a5,a5,0x11
    2ee8:	03179733          	mulh	a4,a5,a7
    2eec:	87fd                	srai	a5,a5,0x1f
    2eee:	8731                	srai	a4,a4,0xc
    2ef0:	40f707b3          	sub	a5,a4,a5
    2ef4:	fef5ae23          	sw	a5,-4(a1)
    2ef8:	fcce18e3          	bne	t3,a2,2ec8 <.L348>
			2ef8: R_RISCV_BRANCH	.L348
    2efc:	baa1                	j	2854 <.L349>
			2efc: R_RISCV_RVC_JUMP	.L349

00002efe <.L334>:
    2efe:	5722                	lw	a4,40(sp)
    2f00:	56b2                	lw	a3,44(sp)
    2f02:	00000537          	lui	a0,0x0
			2f02: R_RISCV_HI20	vibval_var1
			2f02: R_RISCV_RELAX	*ABS*
    2f06:	468a2e03          	lw	t3,1128(s4)
    2f0a:	00050513          	mv	a0,a0
			2f0a: R_RISCV_LO12_I	vibval_var1
			2f0a: R_RISCV_RELAX	*ABS*
    2f0e:	000007b7          	lui	a5,0x0
			2f0e: R_RISCV_HI20	vibval1
			2f0e: R_RISCV_RELAX	*ABS*
    2f12:	14f8b837          	lui	a6,0x14f8b
    2f16:	00a7a023          	sw	a0,0(a5) # 0 <operator_off>
			2f16: R_RISCV_LO12_S	vibval1
			2f16: R_RISCV_RELAX	*ABS*
    2f1a:	85aa                	mv	a1,a0
    2f1c:	58980813          	addi	a6,a6,1417 # 14f8b589 <op+0x14f879a9>
    2f20:	00d708b3          	add	a7,a4,a3

00002f24 <.L336>:
    2f24:	0006ae83          	lw	t4,0(a3)
    2f28:	0691                	addi	a3,a3,4
    2f2a:	0591                	addi	a1,a1,4
    2f2c:	03de0eb3          	mul	t4,t3,t4
    2f30:	41fed713          	srai	a4,t4,0x1f
    2f34:	8b1d                	andi	a4,a4,7
    2f36:	9776                	add	a4,a4,t4
    2f38:	40375e93          	srai	t4,a4,0x3
    2f3c:	9b61                	andi	a4,a4,-8
    2f3e:	9776                	add	a4,a4,t4
    2f40:	070a                	slli	a4,a4,0x2
    2f42:	41d70733          	sub	a4,a4,t4
    2f46:	0746                	slli	a4,a4,0x11
    2f48:	03071eb3          	mulh	t4,a4,a6
    2f4c:	877d                	srai	a4,a4,0x1f
    2f4e:	40cede93          	srai	t4,t4,0xc
    2f52:	40ee8733          	sub	a4,t4,a4
    2f56:	fee5ae23          	sw	a4,-4(a1)
    2f5a:	fcd895e3          	bne	a7,a3,2f24 <.L336>
			2f5a: R_RISCV_BRANCH	.L336
    2f5e:	bef5                	j	2b5a <.L480>
			2f5e: R_RISCV_RVC_JUMP	.L480

00002f60 <.L497>:
    2f60:	5722                	lw	a4,40(sp)
    2f62:	5eb2                	lw	t4,44(sp)
    2f64:	00000537          	lui	a0,0x0
			2f64: R_RISCV_HI20	vibval_var2
			2f64: R_RISCV_RELAX	*ABS*
    2f68:	ba0c2383          	lw	t2,-1120(s8)
    2f6c:	00050513          	mv	a0,a0
			2f6c: R_RISCV_LO12_I	vibval_var2
			2f6c: R_RISCV_RELAX	*ABS*
    2f70:	00000637          	lui	a2,0x0
			2f70: R_RISCV_HI20	vibval4
			2f70: R_RISCV_RELAX	*ABS*
    2f74:	14f8bfb7          	lui	t6,0x14f8b
    2f78:	00a62023          	sw	a0,0(a2) # 0 <operator_off>
			2f78: R_RISCV_LO12_S	vibval4
			2f78: R_RISCV_RELAX	*ABS*
    2f7c:	8f2a                	mv	t5,a0
    2f7e:	589f8f93          	addi	t6,t6,1417 # 14f8b589 <op+0x14f879a9>
    2f82:	01d702b3          	add	t0,a4,t4

00002f86 <.L364>:
    2f86:	000ea583          	lw	a1,0(t4) # 0 <operator_off>
    2f8a:	0e91                	addi	t4,t4,4
    2f8c:	0f11                	addi	t5,t5,4
    2f8e:	02b385b3          	mul	a1,t2,a1
    2f92:	41f5d713          	srai	a4,a1,0x1f
    2f96:	8b1d                	andi	a4,a4,7
    2f98:	972e                	add	a4,a4,a1
    2f9a:	40375593          	srai	a1,a4,0x3
    2f9e:	9b61                	andi	a4,a4,-8
    2fa0:	972e                	add	a4,a4,a1
    2fa2:	070a                	slli	a4,a4,0x2
    2fa4:	8f0d                	sub	a4,a4,a1
    2fa6:	0746                	slli	a4,a4,0x11
    2fa8:	03f715b3          	mulh	a1,a4,t6
    2fac:	877d                	srai	a4,a4,0x1f
    2fae:	85b1                	srai	a1,a1,0xc
    2fb0:	40e58733          	sub	a4,a1,a4
    2fb4:	feef2e23          	sw	a4,-4(t5)
    2fb8:	fdd297e3          	bne	t0,t4,2f86 <.L364>
			2fb8: R_RISCV_BRANCH	.L364
    2fbc:	d2eff06f          	j	24ea <.L365>
			2fbc: R_RISCV_JAL	.L365

00002fc0 <.L496>:
    2fc0:	5722                	lw	a4,40(sp)
    2fc2:	5632                	lw	a2,44(sp)
    2fc4:	00000537          	lui	a0,0x0
			2fc4: R_RISCV_HI20	vibval_var2
			2fc4: R_RISCV_RELAX	*ABS*
    2fc8:	af8c2e83          	lw	t4,-1288(s8)
    2fcc:	00050513          	mv	a0,a0
			2fcc: R_RISCV_LO12_I	vibval_var2
			2fcc: R_RISCV_RELAX	*ABS*
    2fd0:	00000db7          	lui	s11,0x0
			2fd0: R_RISCV_HI20	vibval2
			2fd0: R_RISCV_RELAX	*ABS*
    2fd4:	14f8b837          	lui	a6,0x14f8b
    2fd8:	00ada023          	sw	a0,0(s11) # 0 <operator_off>
			2fd8: R_RISCV_LO12_S	vibval2
			2fd8: R_RISCV_RELAX	*ABS*
    2fdc:	85aa                	mv	a1,a0
    2fde:	58980813          	addi	a6,a6,1417 # 14f8b589 <op+0x14f879a9>
    2fe2:	00c70e33          	add	t3,a4,a2

00002fe6 <.L359>:
    2fe6:	4214                	lw	a3,0(a2)
    2fe8:	0611                	addi	a2,a2,4
    2fea:	0591                	addi	a1,a1,4
    2fec:	02de86b3          	mul	a3,t4,a3
    2ff0:	41f6d713          	srai	a4,a3,0x1f
    2ff4:	8b1d                	andi	a4,a4,7
    2ff6:	9736                	add	a4,a4,a3
    2ff8:	40375693          	srai	a3,a4,0x3
    2ffc:	9b61                	andi	a4,a4,-8
    2ffe:	9736                	add	a4,a4,a3
    3000:	070a                	slli	a4,a4,0x2
    3002:	8f15                	sub	a4,a4,a3
    3004:	0746                	slli	a4,a4,0x11
    3006:	030716b3          	mulh	a3,a4,a6
    300a:	877d                	srai	a4,a4,0x1f
    300c:	86b1                	srai	a3,a3,0xc
    300e:	40e68733          	sub	a4,a3,a4
    3012:	fee5ae23          	sw	a4,-4(a1)
    3016:	fcce18e3          	bne	t3,a2,2fe6 <.L359>
			3016: R_RISCV_BRANCH	.L359
    301a:	c82ff06f          	j	249c <.L483>
			301a: R_RISCV_JAL	.L483

0000301e <.L501>:
    301e:	5722                	lw	a4,40(sp)
    3020:	5632                	lw	a2,44(sp)
    3022:	00000537          	lui	a0,0x0
			3022: R_RISCV_HI20	vibval_var1
			3022: R_RISCV_RELAX	*ABS*
    3026:	a50c2e03          	lw	t3,-1456(s8)
    302a:	00050513          	mv	a0,a0
			302a: R_RISCV_LO12_I	vibval_var1
			302a: R_RISCV_RELAX	*ABS*
    302e:	000007b7          	lui	a5,0x0
			302e: R_RISCV_HI20	vibval1
			302e: R_RISCV_RELAX	*ABS*
    3032:	14f8b837          	lui	a6,0x14f8b
    3036:	00a7a023          	sw	a0,0(a5) # 0 <operator_off>
			3036: R_RISCV_LO12_S	vibval1
			3036: R_RISCV_RELAX	*ABS*
    303a:	85aa                	mv	a1,a0
    303c:	58980813          	addi	a6,a6,1417 # 14f8b589 <op+0x14f879a9>
    3040:	00c708b3          	add	a7,a4,a2

00003044 <.L325>:
    3044:	4214                	lw	a3,0(a2)
    3046:	0611                	addi	a2,a2,4
    3048:	0591                	addi	a1,a1,4
    304a:	02de06b3          	mul	a3,t3,a3
    304e:	41f6d713          	srai	a4,a3,0x1f
    3052:	8b1d                	andi	a4,a4,7
    3054:	9736                	add	a4,a4,a3
    3056:	40375693          	srai	a3,a4,0x3
    305a:	9b61                	andi	a4,a4,-8
    305c:	9736                	add	a4,a4,a3
    305e:	070a                	slli	a4,a4,0x2
    3060:	8f15                	sub	a4,a4,a3
    3062:	0746                	slli	a4,a4,0x11
    3064:	030716b3          	mulh	a3,a4,a6
    3068:	877d                	srai	a4,a4,0x1f
    306a:	86b1                	srai	a3,a3,0xc
    306c:	40e68733          	sub	a4,a3,a4
    3070:	fee5ae23          	sw	a4,-4(a1)
    3074:	fcc898e3          	bne	a7,a2,3044 <.L325>
			3074: R_RISCV_BRANCH	.L325
    3078:	b28d                	j	29da <.L326>
			3078: R_RISCV_RVC_JUMP	.L326
