/* SPDX-License-Identifier: GPL-2.0-only */
/*
 * Generated by tools/mkxshimfont.py from X11 BDF sources.
 * Do not edit.
 *
 * Each glyph is normalised into the font's own box, origin on the
 * baseline with `ascent` rows above it, so drawing needs no
 * per-glyph offsets. MSB is the leftmost pixel.
 */
#ifndef LVDESK_XSHIM_FONT_H
#define LVDESK_XSHIM_FONT_H

static const unsigned char xfb_8x13[] = {
	0x00, 0x00, 0xaa, 0x00, 0x82, 0x00, 0x82, 0x00, 0x82, 0x00, 0xaa, 0x00, 0x00, 0x00, 0x00, 0x00,
	0x10, 0x38, 0x7c, 0xfe, 0x7c, 0x38, 0x10, 0x00, 0x00, 0x00, 0xaa, 0x55, 0xaa, 0x55, 0xaa, 0x55,
	0xaa, 0x55, 0xaa, 0x55, 0xaa, 0x55, 0xaa, 0x00, 0x00, 0xa0, 0xa0, 0xe0, 0xa0, 0xae, 0x04, 0x04,
	0x04, 0x04, 0x00, 0x00, 0x00, 0x00, 0xe0, 0x80, 0xc0, 0x80, 0x8e, 0x08, 0x0c, 0x08, 0x08, 0x00,
	0x00, 0x00, 0x00, 0x60, 0x80, 0x80, 0x80, 0x6c, 0x0a, 0x0c, 0x0a, 0x0a, 0x00, 0x00, 0x00, 0x00,
	0x80, 0x80, 0x80, 0x80, 0xee, 0x08, 0x0c, 0x08, 0x08, 0x00, 0x00, 0x00, 0x00, 0x18, 0x24, 0x24,
	0x18, 0x00, 0x00, 0x00, 0x00, 0x00, 0x00, 0x00, 0x00, 0x00, 0x00, 0x10, 0x10, 0x7c, 0x10, 0x10,
	0x00, 0x7c, 0x00, 0x00, 0x00, 0x00, 0x00, 0xc0, 0xa0, 0xa0, 0xa0, 0xa8, 0x08, 0x08, 0x08, 0x0e,
	0x00, 0x00, 0x00, 0x00, 0x88, 0x88, 0x50, 0x50, 0x2e, 0x04, 0x04, 0x04, 0x04, 0x00, 0x00, 0x10,
	0x10, 0x10, 0x10, 0x10, 0x10, 0xf0, 0x00, 0x00, 0x00, 0x00, 0x00, 0x00, 0x00, 0x00, 0x00, 0x00,
	0x00, 0x00, 0xf0, 0x10, 0x10, 0x10, 0x10, 0x10, 0x10, 0x00, 0x00, 0x00, 0x00, 0x00, 0x00, 0x1f,
	0x10, 0x10, 0x10, 0x10, 0x10, 0x10, 0x10, 0x10, 0x10, 0x10, 0x10, 0x10, 0x1f, 0x00, 0x00, 0x00,
	0x00, 0x00, 0x00, 0x10, 0x10, 0x10, 0x10, 0x10, 0x10, 0xff, 0x10, 0x10, 0x10, 0x10, 0x10, 0x10,
	0xff, 0x00, 0x00, 0x00, 0x00, 0x00, 0x00, 0x00, 0x00, 0x00, 0x00, 0x00, 0x00, 0x00, 0x00, 0x00,
	0xff, 0x00, 0x00, 0x00, 0x00, 0x00, 0x00, 0x00, 0x00, 0x00, 0x00, 0x00, 0x00, 0x00, 0x00, 0x00,
	0xff, 0x00, 0x00, 0x00, 0x00, 0x00, 0x00, 0x00, 0x00, 0x00, 0x00, 0x00, 0x00, 0x00, 0x00, 0x00,
	0xff, 0x00, 0x00, 0x00, 0x00, 0x00, 0x00, 0x00, 0x00, 0x00, 0x00, 0x00, 0x00, 0x00, 0x00, 0x00,
	0xff, 0x10, 0x10, 0x10, 0x10, 0x10, 0x10, 0x1f, 0x10, 0x10, 0x10, 0x10, 0x10, 0x10, 0x10, 0x10,
	0x10, 0x10, 0x10, 0x10, 0xf0, 0x10, 0x10, 0x10, 0x10, 0x10, 0x10, 0x10, 0x10, 0x10, 0x10, 0x10,
	0x10, 0xff, 0x00, 0x00, 0x00, 0x00, 0x00, 0x00, 0x00, 0x00, 0x00, 0x00, 0x00, 0x00, 0xff, 0x10,
	0x10, 0x10, 0x10, 0x10, 0x10, 0x10, 0x10, 0x10, 0x10, 0x10, 0x10, 0x10, 0x10, 0x10, 0x10, 0x10,
	0x10, 0x10, 0x00, 0x00, 0x00, 0x00, 0x0e, 0x30, 0xc0, 0x30, 0x0e, 0x00, 0xfe, 0x00, 0x00, 0x00,
	0x00, 0x00, 0x00, 0xe0, 0x18, 0x06, 0x18, 0xe0, 0x00, 0xfe, 0x00, 0x00, 0x00, 0x00, 0x00, 0x00,
	0x00, 0xfe, 0x44, 0x44, 0x44, 0x44, 0x44, 0x00, 0x00, 0x00, 0x00, 0x00, 0x04, 0x04, 0x7e, 0x08,
	0x10, 0x7e, 0x20, 0x20, 0x00, 0x00, 0x00, 0x00, 0x1c, 0x22, 0x20, 0x70, 0x20, 0x20, 0x20, 0x62,
	0xdc, 0x00, 0x00, 0x00, 0x00, 0x00, 0x00, 0x00, 0x00, 0x18, 0x00, 0x00, 0x00, 0x00, 0x00, 0x00,
	0x00, 0x00, 0x00, 0x00, 0x00, 0x00, 0x00, 0x00, 0x00, 0x00, 0x00, 0x00, 0x00, 0x00, 0x00, 0x10,
	0x10, 0x10, 0x10, 0x10, 0x10, 0x10, 0x00, 0x10, 0x00, 0x00, 0x00, 0x00, 0x24, 0x24, 0x24, 0x00,
	0x00, 0x00, 0x00, 0x00, 0x00, 0x00, 0x00, 0x00, 0x00, 0x00, 0x24, 0x24, 0x7e, 0x24, 0x7e, 0x24,
	0x24, 0x00, 0x00, 0x00, 0x00, 0x00, 0x10, 0x3c, 0x50, 0x50, 0x38, 0x14, 0x14, 0x78, 0x10, 0x00,
	0x00, 0x00, 0x00, 0x22, 0x52, 0x24, 0x08, 0x08, 0x10, 0x24, 0x2a, 0x44, 0x00, 0x00, 0x00, 0x00,
	0x00, 0x00, 0x30, 0x48, 0x48, 0x30, 0x4a, 0x44, 0x3a, 0x00, 0x00, 0x00, 0x00, 0x10, 0x10, 0x10,
	0x00, 0x00, 0x00, 0x00, 0x00, 0x00, 0x00, 0x00, 0x00, 0x00, 0x04, 0x08, 0x08, 0x10, 0x10, 0x10,
	0x08, 0x08, 0x04, 0x00, 0x00, 0x00, 0x00, 0x20, 0x10, 0x10, 0x08, 0x08, 0x08, 0x10, 0x10, 0x20,
	0x00, 0x00, 0x00, 0x00, 0x24, 0x18, 0x7e, 0x18, 0x24, 0x00, 0x00, 0x00, 0x00, 0x00, 0x00, 0x00,
	0x00, 0x00, 0x00, 0x10, 0x10, 0x7c, 0x10, 0x10, 0x00, 0x00, 0x00, 0x00, 0x00, 0x00, 0x00, 0x00,
	0x00, 0x00, 0x00, 0x00, 0x00, 0x38, 0x30, 0x40, 0x00, 0x00, 0x00, 0x00, 0x00, 0x00, 0x00, 0x7c,
	0x00, 0x00, 0x00, 0x00, 0x00, 0x00, 0x00, 0x00, 0x00, 0x00, 0x00, 0x00, 0x00, 0x00, 0x00, 0x10,
	0x38, 0x10, 0x00, 0x00, 0x00, 0x02, 0x02, 0x04, 0x08, 0x10, 0x20, 0x40, 0x80, 0x80, 0x00, 0x00,
	0x00, 0x00, 0x18, 0x24, 0x42, 0x42, 0x42, 0x42, 0x42, 0x24, 0x18, 0x00, 0x00, 0x00, 0x00, 0x10,
	0x30, 0x50, 0x10, 0x10, 0x10, 0x10, 0x10, 0x7c, 0x00, 0x00, 0x00, 0x00, 0x3c, 0x42, 0x42, 0x02,
	0x04, 0x18, 0x20, 0x40, 0x7e, 0x00, 0x00, 0x00, 0x00, 0x7e, 0x02, 0x04, 0x08, 0x1c, 0x02, 0x02,
	0x42, 0x3c, 0x00, 0x00, 0x00, 0x00, 0x04, 0x0c, 0x14, 0x24, 0x44, 0x44, 0x7e, 0x04, 0x04, 0x00,
	0x00, 0x00, 0x00, 0x7e, 0x40, 0x40, 0x5c, 0x62, 0x02, 0x02, 0x42, 0x3c, 0x00, 0x00, 0x00, 0x00,
	0x1c, 0x20, 0x40, 0x40, 0x5c, 0x62, 0x42, 0x42, 0x3c, 0x00, 0x00, 0x00, 0x00, 0x7e, 0x02, 0x04,
	0x08, 0x08, 0x10, 0x10, 0x20, 0x20, 0x00, 0x00, 0x00, 0x00, 0x3c, 0x42, 0x42, 0x42, 0x3c, 0x42,
	0x42, 0x42, 0x3c, 0x00, 0x00, 0x00, 0x00, 0x3c, 0x42, 0x42, 0x46, 0x3a, 0x02, 0x02, 0x04, 0x38,
	0x00, 0x00, 0x00, 0x00, 0x00, 0x00, 0x10, 0x38, 0x10, 0x00, 0x00, 0x10, 0x38, 0x10, 0x00, 0x00,
	0x00, 0x00, 0x00, 0x10, 0x38, 0x10, 0x00, 0x00, 0x38, 0x30, 0x40, 0x00, 0x00, 0x00, 0x02, 0x04,
	0x08, 0x10, 0x20, 0x10, 0x08, 0x04, 0x02, 0x00, 0x00, 0x00, 0x00, 0x00, 0x00, 0x00, 0x7e, 0x00,
	0x00, 0x7e, 0x00, 0x00, 0x00, 0x00, 0x00, 0x00, 0x40, 0x20, 0x10, 0x08, 0x04, 0x08, 0x10, 0x20,
	0x40, 0x00, 0x00, 0x00, 0x00, 0x3c, 0x42, 0x42, 0x02, 0x04, 0x08, 0x08, 0x00, 0x08, 0x00, 0x00,
	0x00, 0x00, 0x3c, 0x42, 0x42, 0x4e, 0x52, 0x56, 0x4a, 0x40, 0x3c, 0x00, 0x00, 0x00, 0x00, 0x18,
	0x24, 0x42, 0x42, 0x42, 0x7e, 0x42, 0x42, 0x42, 0x00, 0x00, 0x00, 0x00, 0x78, 0x44, 0x42, 0x44,
	0x78, 0x44, 0x42, 0x44, 0x78, 0x00, 0x00, 0x00, 0x00, 0x3c, 0x42, 0x40, 0x40, 0x40, 0x40, 0x40,
	0x42, 0x3c, 0x00, 0x00, 0x00, 0x00, 0x78, 0x44, 0x42, 0x42, 0x42, 0x42, 0x42, 0x44, 0x78, 0x00,
	0x00, 0x00, 0x00, 0x7e, 0x40, 0x40, 0x40, 0x78, 0x40, 0x40, 0x40, 0x7e, 0x00, 0x00, 0x00, 0x00,
	0x7e, 0x40, 0x40, 0x40, 0x78, 0x40, 0x40, 0x40, 0x40, 0x00, 0x00, 0x00, 0x00, 0x3c, 0x42, 0x40,
	0x40, 0x40, 0x4e, 0x42, 0x46, 0x3a, 0x00, 0x00, 0x00, 0x00, 0x42, 0x42, 0x42, 0x42, 0x7e, 0x42,
	0x42, 0x42, 0x42, 0x00, 0x00, 0x00, 0x00, 0x7c, 0x10, 0x10, 0x10, 0x10, 0x10, 0x10, 0x10, 0x7c,
	0x00, 0x00, 0x00, 0x00, 0x1f, 0x04, 0x04, 0x04, 0x04, 0x04, 0x04, 0x44, 0x38, 0x00, 0x00, 0x00,
	0x00, 0x42, 0x44, 0x48, 0x50, 0x60, 0x50, 0x48, 0x44, 0x42, 0x00, 0x00, 0x00, 0x00, 0x40, 0x40,
	0x40, 0x40, 0x40, 0x40, 0x40, 0x40, 0x7e, 0x00, 0x00, 0x00, 0x00, 0x82, 0x82, 0xc6, 0xaa, 0x92,
	0x92, 0x82, 0x82, 0x82, 0x00, 0x00, 0x00, 0x00, 0x42, 0x42, 0x62, 0x52, 0x4a, 0x46, 0x42, 0x42,
	0x42, 0x00, 0x00, 0x00, 0x00, 0x3c, 0x42, 0x42, 0x42, 0x42, 0x42, 0x42, 0x42, 0x3c, 0x00, 0x00,
	0x00, 0x00, 0x7c, 0x42, 0x42, 0x42, 0x7c, 0x40, 0x40, 0x40, 0x40, 0x00, 0x00, 0x00, 0x00, 0x3c,
	0x42, 0x42, 0x42, 0x42, 0x42, 0x52, 0x4a, 0x3c, 0x02, 0x00, 0x00, 0x00, 0x7c, 0x42, 0x42, 0x42,
	0x7c, 0x50, 0x48, 0x44, 0x42, 0x00, 0x00, 0x00, 0x00, 0x3c, 0x42, 0x40, 0x40, 0x3c, 0x02, 0x02,
	0x42, 0x3c, 0x00, 0x00, 0x00, 0x00, 0xfe, 0x10, 0x10, 0x10, 0x10, 0x10, 0x10, 0x10, 0x10, 0x00,
	0x00, 0x00, 0x00, 0x42, 0x42, 0x42, 0x42, 0x42, 0x42, 0x42, 0x42, 0x3c, 0x00, 0x00, 0x00, 0x00,
	0x82, 0x82, 0x44, 0x44, 0x44, 0x28, 0x28, 0x28, 0x10, 0x00, 0x00, 0x00, 0x00, 0x82, 0x82, 0x82,
	0x82, 0x92, 0x92, 0x92, 0xaa, 0x44, 0x00, 0x00, 0x00, 0x00, 0x82, 0x82, 0x44, 0x28, 0x10, 0x28,
	0x44, 0x82, 0x82, 0x00, 0x00, 0x00, 0x00, 0x82, 0x82, 0x44, 0x28, 0x10, 0x10, 0x10, 0x10, 0x10,
	0x00, 0x00, 0x00, 0x00, 0x7e, 0x02, 0x04, 0x08, 0x10, 0x20, 0x40, 0x40, 0x7e, 0x00, 0x00, 0x00,
	0x00, 0x3c, 0x20, 0x20, 0x20, 0x20, 0x20, 0x20, 0x20, 0x3c, 0x00, 0x00, 0x00, 0x00, 0x80, 0x80,
	0x40, 0x20, 0x10, 0x08, 0x04, 0x02, 0x02, 0x00, 0x00, 0x00, 0x00, 0x78, 0x08, 0x08, 0x08, 0x08,
	0x08, 0x08, 0x08, 0x78, 0x00, 0x00, 0x00, 0x00, 0x10, 0x28, 0x44, 0x00, 0x00, 0x00, 0x00, 0x00,
	0x00, 0x00, 0x00, 0x00, 0x00, 0x00, 0x00, 0x00, 0x00, 0x00, 0x00, 0x00, 0x00, 0x00, 0xfe, 0x00,
	0x00, 0x10, 0x08, 0x00, 0x00, 0x00, 0x00, 0x00, 0x00, 0x00, 0x00, 0x00, 0x00, 0x00, 0x00, 0x00,
	0x00, 0x00, 0x3c, 0x02, 0x3e, 0x42, 0x46, 0x3a, 0x00, 0x00, 0x00, 0x00, 0x40, 0x40, 0x40, 0x5c,
	0x62, 0x42, 0x42, 0x62, 0x5c, 0x00, 0x00, 0x00, 0x00, 0x00, 0x00, 0x00, 0x3c, 0x42, 0x40, 0x40,
	0x42, 0x3c, 0x00, 0x00, 0x00, 0x00, 0x02, 0x02, 0x02, 0x3a, 0x46, 0x42, 0x42, 0x46, 0x3a, 0x00,
	0x00, 0x00, 0x00, 0x00, 0x00, 0x00, 0x3c, 0x42, 0x7e, 0x40, 0x42, 0x3c, 0x00, 0x00, 0x00, 0x00,
	0x1c, 0x22, 0x20, 0x20, 0x7c, 0x20, 0x20, 0x20, 0x20, 0x00, 0x00, 0x00, 0x00, 0x00, 0x00, 0x00,
	0x3a, 0x44, 0x44, 0x38, 0x40, 0x3c, 0x42, 0x3c, 0x00, 0x00, 0x40, 0x40, 0x40, 0x5c, 0x62, 0x42,
	0x42, 0x42, 0x42, 0x00, 0x00, 0x00, 0x00, 0x00, 0x10, 0x00, 0x30, 0x10, 0x10, 0x10, 0x10, 0x7c,
	0x00, 0x00, 0x00, 0x00, 0x00, 0x04, 0x00, 0x0c, 0x04, 0x04, 0x04, 0x04, 0x44, 0x44, 0x38, 0x00,
	0x00, 0x40, 0x40, 0x40, 0x44, 0x48, 0x70, 0x48, 0x44, 0x42, 0x00, 0x00, 0x00, 0x00, 0x30, 0x10,
	0x10, 0x10, 0x10, 0x10, 0x10, 0x10, 0x7c, 0x00, 0x00, 0x00, 0x00, 0x00, 0x00, 0x00, 0xec, 0x92,
	0x92, 0x92, 0x92, 0x82, 0x00, 0x00, 0x00, 0x00, 0x00, 0x00, 0x00, 0x5c, 0x62, 0x42, 0x42, 0x42,
	0x42, 0x00, 0x00, 0x00, 0x00, 0x00, 0x00, 0x00, 0x3c, 0x42, 0x42, 0x42, 0x42, 0x3c, 0x00, 0x00,
	0x00, 0x00, 0x00, 0x00, 0x00, 0x5c, 0x62, 0x42, 0x62, 0x5c, 0x40, 0x40, 0x40, 0x00, 0x00, 0x00,
	0x00, 0x00, 0x3a, 0x46, 0x42, 0x46, 0x3a, 0x02, 0x02, 0x02, 0x00, 0x00, 0x00, 0x00, 0x00, 0x5c,
	0x22, 0x20, 0x20, 0x20, 0x20, 0x00, 0x00, 0x00, 0x00, 0x00, 0x00, 0x00, 0x3c, 0x42, 0x30, 0x0c,
	0x42, 0x3c, 0x00, 0x00, 0x00, 0x00, 0x00, 0x20, 0x20, 0x7c, 0x20, 0x20, 0x20, 0x22, 0x1c, 0x00,
	0x00, 0x00, 0x00, 0x00, 0x00, 0x00, 0x44, 0x44, 0x44, 0x44, 0x44, 0x3a, 0x00, 0x00, 0x00, 0x00,
	0x00, 0x00, 0x00, 0x44, 0x44, 0x44, 0x28, 0x28, 0x10, 0x00, 0x00, 0x00, 0x00, 0x00, 0x00, 0x00,
	0x82, 0x82, 0x92, 0x92, 0xaa, 0x44, 0x00, 0x00, 0x00, 0x00, 0x00, 0x00, 0x00, 0x42, 0x24, 0x18,
	0x18, 0x24, 0x42, 0x00, 0x00, 0x00, 0x00, 0x00, 0x00, 0x00, 0x42, 0x42, 0x42, 0x46, 0x3a, 0x02,
	0x42, 0x3c, 0x00, 0x00, 0x00, 0x00, 0x00, 0x7e, 0x04, 0x08, 0x10, 0x20, 0x7e, 0x00, 0x00, 0x00,
	0x00, 0x0e, 0x10, 0x10, 0x08, 0x30, 0x08, 0x10, 0x10, 0x0e, 0x00, 0x00, 0x00, 0x00, 0x10, 0x10,
	0x10, 0x10, 0x10, 0x10, 0x10, 0x10, 0x10, 0x00, 0x00, 0x00, 0x00, 0x70, 0x08, 0x08, 0x10, 0x0c,
	0x10, 0x08, 0x08, 0x70, 0x00, 0x00, 0x00, 0x00, 0x24, 0x54, 0x48, 0x00, 0x00, 0x00, 0x00, 0x00,
	0x00, 0x00, 0x00, 0x00, 0x00, 0x00, 0x00, 0x00, 0x00, 0x00, 0x00, 0x00, 0x00, 0x00, 0x00, 0x00,
	0x00, 0x00, 0x00, 0x00, 0x00, 0x00, 0x00, 0x00, 0x00, 0x00, 0x00, 0x00, 0x00, 0x00, 0x00, 0x00,
	0x00, 0x00, 0x00, 0x00, 0x00, 0x00, 0x00, 0x00, 0x00, 0x00, 0x00, 0x00, 0x00, 0x00, 0x00, 0x00,
	0x00, 0x00, 0x00, 0x00, 0x00, 0x00, 0x00, 0x00, 0x00, 0x00, 0x00, 0x00, 0x00, 0x00, 0x00, 0x00,
	0x00, 0x00, 0x00, 0x00, 0x00, 0x00, 0x00, 0x00, 0x00, 0x00, 0x00, 0x00, 0x00, 0x00, 0x00, 0x00,
	0x00, 0x00, 0x00, 0x00, 0x00, 0x00, 0x00, 0x00, 0x00, 0x00, 0x00, 0x00, 0x00, 0x00, 0x00, 0x00,
	0x00, 0x00, 0x00, 0x00, 0x00, 0x00, 0x00, 0x00, 0x00, 0x00, 0x00, 0x00, 0x00, 0x00, 0x00, 0x00,
	0x00, 0x00, 0x00, 0x00, 0x00, 0x00, 0x00, 0x00, 0x00, 0x00, 0x00, 0x00, 0x00, 0x00, 0x00, 0x00,
	0x00, 0x00, 0x00, 0x00, 0x00, 0x00, 0x00, 0x00, 0x00, 0x00, 0x00, 0x00, 0x00, 0x00, 0x00, 0x00,
	0x00, 0x00, 0x00, 0x00, 0x00, 0x00, 0x00, 0x00, 0x00, 0x00, 0x00, 0x00, 0x00, 0x00, 0x00, 0x00,
	0x00, 0x00, 0x00, 0x00, 0x00, 0x00, 0x00, 0x00, 0x00, 0x00, 0x00, 0x00, 0x00, 0x00, 0x00, 0x00,
	0x00, 0x00, 0x00, 0x00, 0x00, 0x00, 0x00, 0x00, 0x00, 0x00, 0x00, 0x00, 0x00, 0x00, 0x00, 0x00,
	0x00, 0x00, 0x00, 0x00, 0x00, 0x00, 0x00, 0x00, 0x00, 0x00, 0x00, 0x00, 0x00, 0x00, 0x00, 0x00,
	0x00, 0x00, 0x00, 0x00, 0x00, 0x00, 0x00, 0x00, 0x00, 0x00, 0x00, 0x00, 0x00, 0x00, 0x00, 0x00,
	0x00, 0x00, 0x00, 0x00, 0x00, 0x00, 0x00, 0x00, 0x00, 0x00, 0x00, 0x00, 0x00, 0x00, 0x00, 0x00,
	0x00, 0x00, 0x00, 0x00, 0x00, 0x00, 0x00, 0x00, 0x00, 0x00, 0x00, 0x00, 0x00, 0x00, 0x00, 0x00,
	0x00, 0x00, 0x00, 0x00, 0x00, 0x00, 0x00, 0x00, 0x00, 0x00, 0x00, 0x00, 0x00, 0x00, 0x00, 0x00,
	0x00, 0x00, 0x00, 0x00, 0x00, 0x00, 0x00, 0x00, 0x00, 0x00, 0x00, 0x00, 0x00, 0x00, 0x00, 0x00,
	0x00, 0x00, 0x00, 0x00, 0x00, 0x00, 0x00, 0x00, 0x00, 0x00, 0x00, 0x00, 0x00, 0x00, 0x00, 0x00,
	0x00, 0x00, 0x00, 0x00, 0x00, 0x00, 0x00, 0x00, 0x00, 0x00, 0x00, 0x00, 0x00, 0x00, 0x00, 0x00,
	0x00, 0x00, 0x00, 0x00, 0x00, 0x00, 0x00, 0x00, 0x00, 0x00, 0x00, 0x00, 0x00, 0x00, 0x00, 0x00,
	0x00, 0x00, 0x00, 0x00, 0x00, 0x00, 0x00, 0x00, 0x00, 0x00, 0x00, 0x00, 0x00, 0x00, 0x00, 0x00,
	0x00, 0x00, 0x00, 0x00, 0x00, 0x00, 0x00, 0x00, 0x00, 0x00, 0x00, 0x00, 0x00, 0x00, 0x00, 0x00,
	0x00, 0x00, 0x00, 0x00, 0x00, 0x00, 0x00, 0x00, 0x00, 0x00, 0x00, 0x00, 0x00, 0x00, 0x00, 0x00,
	0x00, 0x00, 0x00, 0x00, 0x00, 0x00, 0x00, 0x00, 0x00, 0x00, 0x00, 0x00, 0x00, 0x00, 0x00, 0x00,
	0x00, 0x00, 0x00, 0x00, 0x00, 0x00, 0x00, 0x00, 0x00, 0x00, 0x00, 0x00, 0x00, 0x00, 0x00, 0x00,
	0x00, 0x00, 0x00, 0x00, 0x00, 0x00, 0x00, 0x00, 0x00, 0x00, 0x00, 0x00, 0x00, 0x00, 0x00, 0x00,
	0x00, 0x00, 0x00, 0x00, 0x00, 0x00, 0x00, 0x00, 0x00, 0x00, 0x00, 0x00, 0x00, 0x00, 0x00, 0x10,
	0x00, 0x10, 0x10, 0x10, 0x10, 0x10, 0x10, 0x10, 0x00, 0x00, 0x00, 0x00, 0x10, 0x38, 0x54, 0x50,
	0x50, 0x54, 0x38, 0x10, 0x00, 0x00, 0x00, 0x00, 0x00, 0x1c, 0x22, 0x20, 0x70, 0x20, 0x20, 0x20,
	0x62, 0xdc, 0x00, 0x00, 0x00, 0x00, 0x00, 0x00, 0x42, 0x3c, 0x24, 0x24, 0x3c, 0x42, 0x00, 0x00,
	0x00, 0x00, 0x00, 0x82, 0x82, 0x44, 0x28, 0x7c, 0x10, 0x7c, 0x10, 0x10, 0x00, 0x00, 0x00, 0x00,
	0x10, 0x10, 0x10, 0x10, 0x00, 0x10, 0x10, 0x10, 0x10, 0x00, 0x00, 0x00, 0x18, 0x24, 0x20, 0x18,
	0x24, 0x24, 0x18, 0x04, 0x24, 0x18, 0x00, 0x00, 0x00, 0x24, 0x24, 0x00, 0x00, 0x00, 0x00, 0x00,
	0x00, 0x00, 0x00, 0x00, 0x00, 0x00, 0x38, 0x44, 0x92, 0xaa, 0xa2, 0xaa, 0x92, 0x44, 0x38, 0x00,
	0x00, 0x00, 0x00, 0x00, 0x38, 0x04, 0x3c, 0x44, 0x3c, 0x00, 0x7c, 0x00, 0x00, 0x00, 0x00, 0x00,
	0x00, 0x00, 0x12, 0x24, 0x48, 0x90, 0x48, 0x24, 0x12, 0x00, 0x00, 0x00, 0x00, 0x00, 0x00, 0x00,
	0x00, 0x00, 0x7e, 0x02, 0x02, 0x02, 0x00, 0x00, 0x00, 0x00, 0x00, 0x00, 0x00, 0x00, 0x00, 0x3c,
	0x00, 0x00, 0x00, 0x00, 0x00, 0x00, 0x00, 0x38, 0x44, 0x92, 0xaa, 0xaa, 0xb2, 0xaa, 0x44, 0x38,
	0x00, 0x00, 0x00, 0x00, 0x00, 0x7e, 0x00, 0x00, 0x00, 0x00, 0x00, 0x00, 0x00, 0x00, 0x00, 0x00,
	0x00, 0x00, 0x18, 0x24, 0x24, 0x18, 0x00, 0x00, 0x00, 0x00, 0x00, 0x00, 0x00, 0x00, 0x00, 0x00,
	0x10, 0x10, 0x7c, 0x10, 0x10, 0x00, 0x7c, 0x00, 0x00, 0x00, 0x00, 0x30, 0x48, 0x08, 0x30, 0x40,
	0x78, 0x00, 0x00, 0x00, 0x00, 0x00, 0x00, 0x00, 0x30, 0x48, 0x10, 0x08, 0x48, 0x30, 0x00, 0x00,
	0x00, 0x00, 0x00, 0x00, 0x00, 0x08, 0x10, 0x00, 0x00, 0x00, 0x00, 0x00, 0x00, 0x00, 0x00, 0x00,
	0x00, 0x00, 0x00, 0x00, 0x00, 0x00, 0x42, 0x42, 0x42, 0x42, 0x66, 0x5a, 0x40, 0x00, 0x00, 0x00,
	0x3e, 0x74, 0x74, 0x74, 0x34, 0x14, 0x14, 0x14, 0x14, 0x00, 0x00, 0x00, 0x00, 0x00, 0x00, 0x00,
	0x00, 0x18, 0x00, 0x00, 0x00, 0x00, 0x00, 0x00, 0x00, 0x00, 0x00, 0x00, 0x00, 0x00, 0x00, 0x00,
	0x00, 0x00, 0x00, 0x08, 0x18, 0x00, 0x20, 0x60, 0x20, 0x20, 0x20, 0x70, 0x00, 0x00, 0x00, 0x00,
	0x00, 0x00, 0x00, 0x00, 0x30, 0x48, 0x48, 0x30, 0x00, 0x78, 0x00, 0x00, 0x00, 0x00, 0x00, 0x00,
	0x00, 0x00, 0x90, 0x48, 0x24, 0x12, 0x24, 0x48, 0x90, 0x00, 0x00, 0x00, 0x00, 0x40, 0xc0, 0x40,
	0x40, 0x42, 0xe6, 0x0a, 0x12, 0x1a, 0x06, 0x00, 0x00, 0x00, 0x40, 0xc0, 0x40, 0x40, 0x4c, 0xf2,
	0x02, 0x0c, 0x10, 0x1e, 0x00, 0x00, 0x00, 0x60, 0x90, 0x20, 0x10, 0x92, 0x66, 0x0a, 0x12, 0x1a,
	0x06, 0x00, 0x00, 0x00, 0x00, 0x10, 0x00, 0x10, 0x10, 0x20, 0x40, 0x42, 0x42, 0x3c, 0x00, 0x00,
	0x00, 0x10, 0x08, 0x00, 0x18, 0x24, 0x42, 0x42, 0x7e, 0x42, 0x42, 0x00, 0x00, 0x00, 0x08, 0x10,
	0x00, 0x18, 0x24, 0x42, 0x42, 0x7e, 0x42, 0x42, 0x00, 0x00, 0x00, 0x18, 0x24, 0x00, 0x18, 0x24,
	0x42, 0x42, 0x7e, 0x42, 0x42, 0x00, 0x00, 0x00, 0x32, 0x4c, 0x00, 0x18, 0x24, 0x42, 0x42, 0x7e,
	0x42, 0x42, 0x00, 0x00, 0x00, 0x24, 0x24, 0x00, 0x18, 0x24, 0x42, 0x42, 0x7e, 0x42, 0x42, 0x00,
	0x00, 0x00, 0x18, 0x24, 0x18, 0x18, 0x24, 0x42, 0x42, 0x7e, 0x42, 0x42, 0x00, 0x00, 0x00, 0x00,
	0x6e, 0x90, 0x90, 0x90, 0x9c, 0xf0, 0x90, 0x90, 0x9e, 0x00, 0x00, 0x00, 0x00, 0x3c, 0x42, 0x40,
	0x40, 0x40, 0x40, 0x40, 0x42, 0x3c, 0x08, 0x10, 0x00, 0x10, 0x08, 0x00, 0x7e, 0x40, 0x40, 0x78,
	0x40, 0x40, 0x7e, 0x00, 0x00, 0x00, 0x08, 0x10, 0x00, 0x7e, 0x40, 0x40, 0x78, 0x40, 0x40, 0x7e,
	0x00, 0x00, 0x00, 0x18, 0x24, 0x00, 0x7e, 0x40, 0x40, 0x78, 0x40, 0x40, 0x7e, 0x00, 0x00, 0x00,
	0x24, 0x24, 0x00, 0x7e, 0x40, 0x40, 0x78, 0x40, 0x40, 0x7e, 0x00, 0x00, 0x00, 0x20, 0x10, 0x00,
	0x7c, 0x10, 0x10, 0x10, 0x10, 0x10, 0x7c, 0x00, 0x00, 0x00, 0x08, 0x10, 0x00, 0x7c, 0x10, 0x10,
	0x10, 0x10, 0x10, 0x7c, 0x00, 0x00, 0x00, 0x18, 0x24, 0x00, 0x7c, 0x10, 0x10, 0x10, 0x10, 0x10,
	0x7c, 0x00, 0x00, 0x00, 0x44, 0x44, 0x00, 0x7c, 0x10, 0x10, 0x10, 0x10, 0x10, 0x7c, 0x00, 0x00,
	0x00, 0x00, 0x78, 0x44, 0x42, 0x42, 0xe2, 0x42, 0x42, 0x44, 0x78, 0x00, 0x00, 0x00, 0x64, 0x98,
	0x00, 0x82, 0xc2, 0xa2, 0x92, 0x8a, 0x86, 0x82, 0x00, 0x00, 0x00, 0x20, 0x10, 0x00, 0x7c, 0x82,
	0x82, 0x82, 0x82, 0x82, 0x7c, 0x00, 0x00, 0x00, 0x08, 0x10, 0x00, 0x7c, 0x82, 0x82, 0x82, 0x82,
	0x82, 0x7c, 0x00, 0x00, 0x00, 0x18, 0x24, 0x00, 0x7c, 0x82, 0x82, 0x82, 0x82, 0x82, 0x7c, 0x00,
	0x00, 0x00, 0x64, 0x98, 0x00, 0x7c, 0x82, 0x82, 0x82, 0x82, 0x82, 0x7c, 0x00, 0x00, 0x00, 0x44,
	0x44, 0x00, 0x7c, 0x82, 0x82, 0x82, 0x82, 0x82, 0x7c, 0x00, 0x00, 0x00, 0x00, 0x00, 0x00, 0x42,
	0x24, 0x18, 0x18, 0x24, 0x42, 0x00, 0x00, 0x00, 0x00, 0x02, 0x3c, 0x46, 0x4a, 0x4a, 0x52, 0x52,
	0x52, 0x62, 0x3c, 0x40, 0x00, 0x00, 0x20, 0x10, 0x00, 0x42, 0x42, 0x42, 0x42, 0x42, 0x42, 0x3c,
	0x00, 0x00, 0x00, 0x08, 0x10, 0x00, 0x42, 0x42, 0x42, 0x42, 0x42, 0x42, 0x3c, 0x00, 0x00, 0x00,
	0x18, 0x24, 0x00, 0x42, 0x42, 0x42, 0x42, 0x42, 0x42, 0x3c, 0x00, 0x00, 0x00, 0x24, 0x24, 0x00,
	0x42, 0x42, 0x42, 0x42, 0x42, 0x42, 0x3c, 0x00, 0x00, 0x00, 0x08, 0x10, 0x00, 0x44, 0x44, 0x28,
	0x10, 0x10, 0x10, 0x10, 0x00, 0x00, 0x00, 0x00, 0x40, 0x7c, 0x42, 0x42, 0x42, 0x7c, 0x40, 0x40,
	0x40, 0x00, 0x00, 0x00, 0x00, 0x38, 0x44, 0x44, 0x48, 0x50, 0x4c, 0x42, 0x42, 0x5c, 0x00, 0x00,
	0x00, 0x00, 0x10, 0x08, 0x00, 0x3c, 0x02, 0x3e, 0x42, 0x46, 0x3a, 0x00, 0x00, 0x00, 0x00, 0x04,
	0x08, 0x00, 0x3c, 0x02, 0x3e, 0x42, 0x46, 0x3a, 0x00, 0x00, 0x00, 0x00, 0x18, 0x24, 0x00, 0x3c,
	0x02, 0x3e, 0x42, 0x46, 0x3a, 0x00, 0x00, 0x00, 0x00, 0x32, 0x4c, 0x00, 0x3c, 0x02, 0x3e, 0x42,
	0x46, 0x3a, 0x00, 0x00, 0x00, 0x00, 0x24, 0x24, 0x00, 0x3c, 0x02, 0x3e, 0x42, 0x46, 0x3a, 0x00,
	0x00, 0x00, 0x18, 0x24, 0x18, 0x00, 0x3c, 0x02, 0x3e, 0x42, 0x46, 0x3a, 0x00, 0x00, 0x00, 0x00,
	0x00, 0x00, 0x00, 0x6c, 0x12, 0x7c, 0x90, 0x92, 0x6c, 0x00, 0x00, 0x00, 0x00, 0x00, 0x00, 0x00,
	0x3c, 0x42, 0x40, 0x40, 0x42, 0x3c, 0x08, 0x10, 0x00, 0x00, 0x10, 0x08, 0x00, 0x3c, 0x42, 0x7e,
	0x40, 0x42, 0x3c, 0x00, 0x00, 0x00, 0x00, 0x08, 0x10, 0x00, 0x3c, 0x42, 0x7e, 0x40, 0x42, 0x3c,
	0x00, 0x00, 0x00, 0x00, 0x18, 0x24, 0x00, 0x3c, 0x42, 0x7e, 0x40, 0x42, 0x3c, 0x00, 0x00, 0x00,
	0x00, 0x24, 0x24, 0x00, 0x3c, 0x42, 0x7e, 0x40, 0x42, 0x3c, 0x00, 0x00, 0x00, 0x00, 0x20, 0x10,
	0x00, 0x30, 0x10, 0x10, 0x10, 0x10, 0x7c, 0x00, 0x00, 0x00, 0x00, 0x10, 0x20, 0x00, 0x30, 0x10,
	0x10, 0x10, 0x10, 0x7c, 0x00, 0x00, 0x00, 0x00, 0x30, 0x48, 0x00, 0x30, 0x10, 0x10, 0x10, 0x10,
	0x7c, 0x00, 0x00, 0x00, 0x00, 0x48, 0x48, 0x00, 0x30, 0x10, 0x10, 0x10, 0x10, 0x7c, 0x00, 0x00,
	0x00, 0x24, 0x18, 0x28, 0x04, 0x3c, 0x42, 0x42, 0x42, 0x42, 0x3c, 0x00, 0x00, 0x00, 0x00, 0x32,
	0x4c, 0x00, 0x5c, 0x62, 0x42, 0x42, 0x42, 0x42, 0x00, 0x00, 0x00, 0x00, 0x20, 0x10, 0x00, 0x3c,
	0x42, 0x42, 0x42, 0x42, 0x3c, 0x00, 0x00, 0x00, 0x00, 0x08, 0x10, 0x00, 0x3c, 0x42, 0x42, 0x42,
	0x42, 0x3c, 0x00, 0x00, 0x00, 0x00, 0x18, 0x24, 0x00, 0x3c, 0x42, 0x42, 0x42, 0x42, 0x3c, 0x00,
	0x00, 0x00, 0x00, 0x32, 0x4c, 0x00, 0x3c, 0x42, 0x42, 0x42, 0x42, 0x3c, 0x00, 0x00, 0x00, 0x00,
	0x24, 0x24, 0x00, 0x3c, 0x42, 0x42, 0x42, 0x42, 0x3c, 0x00, 0x00, 0x00, 0x00, 0x00, 0x10, 0x10,
	0x00, 0x7c, 0x00, 0x10, 0x10, 0x00, 0x00, 0x00, 0x00, 0x00, 0x00, 0x00, 0x02, 0x3c, 0x46, 0x4a,
	0x52, 0x62, 0x3c, 0x40, 0x00, 0x00, 0x00, 0x20, 0x10, 0x00, 0x44, 0x44, 0x44, 0x44, 0x44, 0x3a,
	0x00, 0x00, 0x00, 0x00, 0x08, 0x10, 0x00, 0x44, 0x44, 0x44, 0x44, 0x44, 0x3a, 0x00, 0x00, 0x00,
	0x00, 0x18, 0x24, 0x00, 0x44, 0x44, 0x44, 0x44, 0x44, 0x3a, 0x00, 0x00, 0x00, 0x00, 0x28, 0x28,
	0x00, 0x44, 0x44, 0x44, 0x44, 0x44, 0x3a, 0x00, 0x00, 0x00, 0x00, 0x08, 0x10, 0x00, 0x42, 0x42,
	0x42, 0x46, 0x3a, 0x02, 0x42, 0x3c, 0x00, 0x00, 0x00, 0x40, 0x40, 0x5c, 0x62, 0x42, 0x42, 0x62,
	0x5c, 0x40, 0x40, 0x00, 0x00, 0x24, 0x24, 0x00, 0x42, 0x42, 0x42, 0x46, 0x3a, 0x02, 0x42, 0x3c,
};

static const unsigned char xfb_6x13[] = {
	0x00, 0x00, 0xa8, 0x00, 0x88, 0x00, 0x88, 0x00, 0x88, 0x00, 0xa8, 0x00, 0x00, 0x00, 0x00, 0x00,
	0x00, 0x20, 0x70, 0xf8, 0x70, 0x20, 0x00, 0x00, 0x00, 0x00, 0xa8, 0x54, 0xa8, 0x54, 0xa8, 0x54,
	0xa8, 0x54, 0xa8, 0x54, 0xa8, 0x54, 0xa8, 0x00, 0x00, 0xa0, 0xa0, 0xe0, 0xa0, 0xa0, 0x38, 0x10,
	0x10, 0x10, 0x00, 0x00, 0x00, 0x00, 0xe0, 0x80, 0xc0, 0x80, 0xb8, 0x20, 0x30, 0x20, 0x20, 0x00,
	0x00, 0x00, 0x00, 0x60, 0x80, 0x80, 0x60, 0x30, 0x28, 0x30, 0x28, 0x28, 0x00, 0x00, 0x00, 0x00,
	0x80, 0x80, 0x80, 0xe0, 0x38, 0x20, 0x30, 0x20, 0x20, 0x00, 0x00, 0x00, 0x00, 0x30, 0x48, 0x48,
	0x30, 0x00, 0x00, 0x00, 0x00, 0x00, 0x00, 0x00, 0x00, 0x00, 0x00, 0x20, 0x20, 0xf8, 0x20, 0x20,
	0x00, 0xf8, 0x00, 0x00, 0x00, 0x00, 0x00, 0x90, 0xd0, 0xb0, 0x90, 0x20, 0x20, 0x20, 0x20, 0x38,
	0x00, 0x00, 0x00, 0x00, 0xa0, 0xa0, 0xa0, 0x40, 0x40, 0x38, 0x10, 0x10, 0x10, 0x00, 0x00, 0x20,
	0x20, 0x20, 0x20, 0x20, 0x20, 0xe0, 0x00, 0x00, 0x00, 0x00, 0x00, 0x00, 0x00, 0x00, 0x00, 0x00,
	0x00, 0x00, 0xe0, 0x20, 0x20, 0x20, 0x20, 0x20, 0x20, 0x00, 0x00, 0x00, 0x00, 0x00, 0x00, 0x3c,
	0x20, 0x20, 0x20, 0x20, 0x20, 0x20, 0x20, 0x20, 0x20, 0x20, 0x20, 0x20, 0x3c, 0x00, 0x00, 0x00,
	0x00, 0x00, 0x00, 0x20, 0x20, 0x20, 0x20, 0x20, 0x20, 0xfc, 0x20, 0x20, 0x20, 0x20, 0x20, 0x20,
	0xfc, 0x00, 0x00, 0x00, 0x00, 0x00, 0x00, 0x00, 0x00, 0x00, 0x00, 0x00, 0x00, 0x00, 0x00, 0x00,
	0xfc, 0x00, 0x00, 0x00, 0x00, 0x00, 0x00, 0x00, 0x00, 0x00, 0x00, 0x00, 0x00, 0x00, 0x00, 0x00,
	0xfc, 0x00, 0x00, 0x00, 0x00, 0x00, 0x00, 0x00, 0x00, 0x00, 0x00, 0x00, 0x00, 0x00, 0x00, 0x00,
	0xfc, 0x00, 0x00, 0x00, 0x00, 0x00, 0x00, 0x00, 0x00, 0x00, 0x00, 0x00, 0x00, 0x00, 0x00, 0x00,
	0xfc, 0x20, 0x20, 0x20, 0x20, 0x20, 0x20, 0x3c, 0x20, 0x20, 0x20, 0x20, 0x20, 0x20, 0x20, 0x20,
	0x20, 0x20, 0x20, 0x20, 0xe0, 0x20, 0x20, 0x20, 0x20, 0x20, 0x20, 0x20, 0x20, 0x20, 0x20, 0x20,
	0x20, 0xfc, 0x00, 0x00, 0x00, 0x00, 0x00, 0x00, 0x00, 0x00, 0x00, 0x00, 0x00, 0x00, 0xfc, 0x20,
	0x20, 0x20, 0x20, 0x20, 0x20, 0x20, 0x20, 0x20, 0x20, 0x20, 0x20, 0x20, 0x20, 0x20, 0x20, 0x20,
	0x20, 0x20, 0x00, 0x00, 0x00, 0x18, 0x60, 0x80, 0x60, 0x18, 0x00, 0xf8, 0x00, 0x00, 0x00, 0x00,
	0x00, 0x00, 0xc0, 0x30, 0x08, 0x30, 0xc0, 0x00, 0xf8, 0x00, 0x00, 0x00, 0x00, 0x00, 0x00, 0x00,
	0x00, 0xf8, 0x50, 0x50, 0x50, 0x50, 0x50, 0x00, 0x00, 0x00, 0x00, 0x00, 0x00, 0x00, 0x08, 0xf8,
	0x20, 0xf8, 0x80, 0x00, 0x00, 0x00, 0x00, 0x00, 0x30, 0x48, 0x40, 0x40, 0xe0, 0x40, 0x40, 0x48,
	0xb0, 0x00, 0x00, 0x00, 0x00, 0x00, 0x00, 0x00, 0x00, 0x30, 0x00, 0x00, 0x00, 0x00, 0x00, 0x00,
	0x00, 0x00, 0x00, 0x00, 0x00, 0x00, 0x00, 0x00, 0x00, 0x00, 0x00, 0x00, 0x00, 0x00, 0x00, 0x20,
	0x20, 0x20, 0x20, 0x20, 0x20, 0x20, 0x00, 0x20, 0x00, 0x00, 0x00, 0x00, 0x50, 0x50, 0x50, 0x00,
	0x00, 0x00, 0x00, 0x00, 0x00, 0x00, 0x00, 0x00, 0x00, 0x00, 0x50, 0x50, 0xf8, 0x50, 0xf8, 0x50,
	0x50, 0x00, 0x00, 0x00, 0x00, 0x00, 0x20, 0x78, 0xa0, 0xa0, 0x70, 0x28, 0x28, 0xf0, 0x20, 0x00,
	0x00, 0x00, 0x00, 0x48, 0xa8, 0x50, 0x10, 0x20, 0x40, 0x50, 0xa8, 0x90, 0x00, 0x00, 0x00, 0x00,
	0x00, 0x40, 0xa0, 0xa0, 0x40, 0xa0, 0x98, 0x90, 0x68, 0x00, 0x00, 0x00, 0x00, 0x20, 0x20, 0x20,
	0x00, 0x00, 0x00, 0x00, 0x00, 0x00, 0x00, 0x00, 0x00, 0x10, 0x20, 0x20, 0x40, 0x40, 0x40, 0x40,
	0x40, 0x20, 0x20, 0x10, 0x00, 0x00, 0x40, 0x20, 0x20, 0x10, 0x10, 0x10, 0x10, 0x10, 0x20, 0x20,
	0x40, 0x00, 0x00, 0x00, 0x20, 0xa8, 0x70, 0xa8, 0x20, 0x00, 0x00, 0x00, 0x00, 0x00, 0x00, 0x00,
	0x00, 0x00, 0x00, 0x20, 0x20, 0xf8, 0x20, 0x20, 0x00, 0x00, 0x00, 0x00, 0x00, 0x00, 0x00, 0x00,
	0x00, 0x00, 0x00, 0x00, 0x00, 0x30, 0x20, 0x40, 0x00, 0x00, 0x00, 0x00, 0x00, 0x00, 0x00, 0xf8,
	0x00, 0x00, 0x00, 0x00, 0x00, 0x00, 0x00, 0x00, 0x00, 0x00, 0x00, 0x00, 0x00, 0x00, 0x00, 0x20,
	0x70, 0x20, 0x00, 0x00, 0x00, 0x08, 0x08, 0x10, 0x10, 0x20, 0x40, 0x40, 0x80, 0x80, 0x00, 0x00,
	0x00, 0x00, 0x20, 0x50, 0x88, 0x88, 0x88, 0x88, 0x88, 0x50, 0x20, 0x00, 0x00, 0x00, 0x00, 0x20,
	0x60, 0xa0, 0x20, 0x20, 0x20, 0x20, 0x20, 0xf8, 0x00, 0x00, 0x00, 0x00, 0x70, 0x88, 0x88, 0x08,
	0x10, 0x20, 0x40, 0x80, 0xf8, 0x00, 0x00, 0x00, 0x00, 0xf8, 0x08, 0x10, 0x20, 0x70, 0x08, 0x08,
	0x88, 0x70, 0x00, 0x00, 0x00, 0x00, 0x10, 0x10, 0x30, 0x50, 0x50, 0x90, 0xf8, 0x10, 0x10, 0x00,
	0x00, 0x00, 0x00, 0xf8, 0x80, 0x80, 0xb0, 0xc8, 0x08, 0x08, 0x88, 0x70, 0x00, 0x00, 0x00, 0x00,
	0x70, 0x88, 0x80, 0x80, 0xf0, 0x88, 0x88, 0x88, 0x70, 0x00, 0x00, 0x00, 0x00, 0xf8, 0x08, 0x10,
	0x10, 0x20, 0x20, 0x40, 0x40, 0x40, 0x00, 0x00, 0x00, 0x00, 0x70, 0x88, 0x88, 0x88, 0x70, 0x88,
	0x88, 0x88, 0x70, 0x00, 0x00, 0x00, 0x00, 0x70, 0x88, 0x88, 0x88, 0x78, 0x08, 0x08, 0x88, 0x70,
	0x00, 0x00, 0x00, 0x00, 0x00, 0x00, 0x20, 0x70, 0x20, 0x00, 0x00, 0x20, 0x70, 0x20, 0x00, 0x00,
	0x00, 0x00, 0x00, 0x20, 0x70, 0x20, 0x00, 0x00, 0x30, 0x20, 0x40, 0x00, 0x00, 0x00, 0x08, 0x10,
	0x20, 0x40, 0x80, 0x40, 0x20, 0x10, 0x08, 0x00, 0x00, 0x00, 0x00, 0x00, 0x00, 0x00, 0xf8, 0x00,
	0x00, 0xf8, 0x00, 0x00, 0x00, 0x00, 0x00, 0x00, 0x80, 0x40, 0x20, 0x10, 0x08, 0x10, 0x20, 0x40,
	0x80, 0x00, 0x00, 0x00, 0x00, 0x70, 0x88, 0x88, 0x08, 0x10, 0x20, 0x20, 0x00, 0x20, 0x00, 0x00,
	0x00, 0x00, 0x70, 0x88, 0x88, 0x98, 0xa8, 0xa8, 0xb0, 0x80, 0x78, 0x00, 0x00, 0x00, 0x00, 0x20,
	0x50, 0x88, 0x88, 0x88, 0xf8, 0x88, 0x88, 0x88, 0x00, 0x00, 0x00, 0x00, 0xf0, 0x48, 0x48, 0x48,
	0x70, 0x48, 0x48, 0x48, 0xf0, 0x00, 0x00, 0x00, 0x00, 0x70, 0x88, 0x80, 0x80, 0x80, 0x80, 0x80,
	0x88, 0x70, 0x00, 0x00, 0x00, 0x00, 0xf0, 0x48, 0x48, 0x48, 0x48, 0x48, 0x48, 0x48, 0xf0, 0x00,
	0x00, 0x00, 0x00, 0xf8, 0x80, 0x80, 0x80, 0xf0, 0x80, 0x80, 0x80, 0xf8, 0x00, 0x00, 0x00, 0x00,
	0xf8, 0x80, 0x80, 0x80, 0xf0, 0x80, 0x80, 0x80, 0x80, 0x00, 0x00, 0x00, 0x00, 0x70, 0x88, 0x80,
	0x80, 0x80, 0x98, 0x88, 0x88, 0x70, 0x00, 0x00, 0x00, 0x00, 0x88, 0x88, 0x88, 0x88, 0xf8, 0x88,
	0x88, 0x88, 0x88, 0x00, 0x00, 0x00, 0x00, 0x70, 0x20, 0x20, 0x20, 0x20, 0x20, 0x20, 0x20, 0x70,
	0x00, 0x00, 0x00, 0x00, 0x38, 0x10, 0x10, 0x10, 0x10, 0x10, 0x10, 0x90, 0x60, 0x00, 0x00, 0x00,
	0x00, 0x88, 0x88, 0x90, 0xa0, 0xc0, 0xa0, 0x90, 0x88, 0x88, 0x00, 0x00, 0x00, 0x00, 0x80, 0x80,
	0x80, 0x80, 0x80, 0x80, 0x80, 0x80, 0xf8, 0x00, 0x00, 0x00, 0x00, 0x88, 0x88, 0xd8, 0xa8, 0xa8,
	0x88, 0x88, 0x88, 0x88, 0x00, 0x00, 0x00, 0x00, 0x88, 0xc8, 0xc8, 0xa8, 0xa8, 0x98, 0x98, 0x88,
	0x88, 0x00, 0x00, 0x00, 0x00, 0x70, 0x88, 0x88, 0x88, 0x88, 0x88, 0x88, 0x88, 0x70, 0x00, 0x00,
	0x00, 0x00, 0xf0, 0x88, 0x88, 0x88, 0xf0, 0x80, 0x80, 0x80, 0x80, 0x00, 0x00, 0x00, 0x00, 0x70,
	0x88, 0x88, 0x88, 0x88, 0x88, 0x88, 0xa8, 0x70, 0x08, 0x00, 0x00, 0x00, 0xf0, 0x88, 0x88, 0x88,
	0xf0, 0xa0, 0x90, 0x88, 0x88, 0x00, 0x00, 0x00, 0x00, 0x70, 0x88, 0x80, 0x80, 0x70, 0x08, 0x08,
	0x88, 0x70, 0x00, 0x00, 0x00, 0x00, 0xf8, 0x20, 0x20, 0x20, 0x20, 0x20, 0x20, 0x20, 0x20, 0x00,
	0x00, 0x00, 0x00, 0x88, 0x88, 0x88, 0x88, 0x88, 0x88, 0x88, 0x88, 0x70, 0x00, 0x00, 0x00, 0x00,
	0x88, 0x88, 0x88, 0x88, 0x50, 0x50, 0x50, 0x20, 0x20, 0x00, 0x00, 0x00, 0x00, 0x88, 0x88, 0x88,
	0x88, 0xa8, 0xa8, 0xa8, 0xa8, 0x50, 0x00, 0x00, 0x00, 0x00, 0x88, 0x88, 0x50, 0x50, 0x20, 0x50,
	0x50, 0x88, 0x88, 0x00, 0x00, 0x00, 0x00, 0x88, 0x88, 0x50, 0x50, 0x20, 0x20, 0x20, 0x20, 0x20,
	0x00, 0x00, 0x00, 0x00, 0xf8, 0x08, 0x10, 0x10, 0x20, 0x40, 0x40, 0x80, 0xf8, 0x00, 0x00, 0x00,
	0x70, 0x40, 0x40, 0x40, 0x40, 0x40, 0x40, 0x40, 0x40, 0x40, 0x70, 0x00, 0x00, 0x00, 0x80, 0x80,
	0x40, 0x40, 0x20, 0x10, 0x10, 0x08, 0x08, 0x00, 0x00, 0x00, 0x70, 0x10, 0x10, 0x10, 0x10, 0x10,
	0x10, 0x10, 0x10, 0x10, 0x70, 0x00, 0x00, 0x00, 0x20, 0x50, 0x88, 0x00, 0x00, 0x00, 0x00, 0x00,
	0x00, 0x00, 0x00, 0x00, 0x00, 0x00, 0x00, 0x00, 0x00, 0x00, 0x00, 0x00, 0x00, 0x00, 0xf8, 0x00,
	0x00, 0x20, 0x10, 0x00, 0x00, 0x00, 0x00, 0x00, 0x00, 0x00, 0x00, 0x00, 0x00, 0x00, 0x00, 0x00,
	0x00, 0x00, 0x70, 0x08, 0x78, 0x88, 0x98, 0x68, 0x00, 0x00, 0x00, 0x00, 0x80, 0x80, 0x80, 0xf0,
	0x88, 0x88, 0x88, 0x88, 0xf0, 0x00, 0x00, 0x00, 0x00, 0x00, 0x00, 0x00, 0x70, 0x88, 0x80, 0x80,
	0x88, 0x70, 0x00, 0x00, 0x00, 0x00, 0x08, 0x08, 0x08, 0x78, 0x88, 0x88, 0x88, 0x88, 0x78, 0x00,
	0x00, 0x00, 0x00, 0x00, 0x00, 0x00, 0x70, 0x88, 0xf8, 0x80, 0x88, 0x70, 0x00, 0x00, 0x00, 0x00,
	0x30, 0x48, 0x40, 0x40, 0xf0, 0x40, 0x40, 0x40, 0x40, 0x00, 0x00, 0x00, 0x00, 0x00, 0x00, 0x00,
	0x70, 0x88, 0x88, 0x88, 0x78, 0x08, 0x88, 0x70, 0x00, 0x00, 0x80, 0x80, 0x80, 0xb0, 0xc8, 0x88,
	0x88, 0x88, 0x88, 0x00, 0x00, 0x00, 0x00, 0x00, 0x20, 0x00, 0x60, 0x20, 0x20, 0x20, 0x20, 0x70,
	0x00, 0x00, 0x00, 0x00, 0x00, 0x10, 0x00, 0x30, 0x10, 0x10, 0x10, 0x10, 0x90, 0x90, 0x60, 0x00,
	0x00, 0x80, 0x80, 0x80, 0x90, 0xa0, 0xc0, 0xa0, 0x90, 0x88, 0x00, 0x00, 0x00, 0x00, 0x60, 0x20,
	0x20, 0x20, 0x20, 0x20, 0x20, 0x20, 0x70, 0x00, 0x00, 0x00, 0x00, 0x00, 0x00, 0x00, 0xd0, 0xa8,
	0xa8, 0xa8, 0xa8, 0x88, 0x00, 0x00, 0x00, 0x00, 0x00, 0x00, 0x00, 0xb0, 0xc8, 0x88, 0x88, 0x88,
	0x88, 0x00, 0x00, 0x00, 0x00, 0x00, 0x00, 0x00, 0x70, 0x88, 0x88, 0x88, 0x88, 0x70, 0x00, 0x00,
	0x00, 0x00, 0x00, 0x00, 0x00, 0xf0, 0x88, 0x88, 0x88, 0xf0, 0x80, 0x80, 0x80, 0x00, 0x00, 0x00,
	0x00, 0x00, 0x78, 0x88, 0x88, 0x88, 0x78, 0x08, 0x08, 0x08, 0x00, 0x00, 0x00, 0x00, 0x00, 0xb0,
	0xc8, 0x80, 0x80, 0x80, 0x80, 0x00, 0x00, 0x00, 0x00, 0x00, 0x00, 0x00, 0x70, 0x88, 0x60, 0x10,
	0x88, 0x70, 0x00, 0x00, 0x00, 0x00, 0x00, 0x40, 0x40, 0xf0, 0x40, 0x40, 0x40, 0x48, 0x30, 0x00,
	0x00, 0x00, 0x00, 0x00, 0x00, 0x00, 0x88, 0x88, 0x88, 0x88, 0x98, 0x68, 0x00, 0x00, 0x00, 0x00,
	0x00, 0x00, 0x00, 0x88, 0x88, 0x88, 0x50, 0x50, 0x20, 0x00, 0x00, 0x00, 0x00, 0x00, 0x00, 0x00,
	0x88, 0x88, 0xa8, 0xa8, 0xa8, 0x50, 0x00, 0x00, 0x00, 0x00, 0x00, 0x00, 0x00, 0x88, 0x50, 0x20,
	0x20, 0x50, 0x88, 0x00, 0x00, 0x00, 0x00, 0x00, 0x00, 0x00, 0x88, 0x88, 0x88, 0x98, 0x68, 0x08,
	0x88, 0x70, 0x00, 0x00, 0x00, 0x00, 0x00, 0xf8, 0x10, 0x20, 0x40, 0x80, 0xf8, 0x00, 0x00, 0x00,
	0x18, 0x20, 0x20, 0x20, 0x20, 0xc0, 0x20, 0x20, 0x20, 0x20, 0x18, 0x00, 0x00, 0x00, 0x20, 0x20,
	0x20, 0x20, 0x20, 0x20, 0x20, 0x20, 0x20, 0x00, 0x00, 0x00, 0xc0, 0x20, 0x20, 0x20, 0x20, 0x18,
	0x20, 0x20, 0x20, 0x20, 0xc0, 0x00, 0x00, 0x00, 0x48, 0xa8, 0x90, 0x00, 0x00, 0x00, 0x00, 0x00,
	0x00, 0x00, 0x00, 0x00, 0x00, 0x00, 0x00, 0x00, 0x00, 0x00, 0x00, 0x00, 0x00, 0x00, 0x00, 0x00,
	0x00, 0x00, 0x00, 0x00, 0x00, 0x00, 0x00, 0x00, 0x00, 0x00, 0x00, 0x00, 0x00, 0x00, 0x00, 0x00,
	0x00, 0x00, 0x00, 0x00, 0x00, 0x00, 0x00, 0x00, 0x00, 0x00, 0x00, 0x00, 0x00, 0x00, 0x00, 0x00,
	0x00, 0x00, 0x00, 0x00, 0x00, 0x00, 0x00, 0x00, 0x00, 0x00, 0x00, 0x00, 0x00, 0x00, 0x00, 0x00,
	0x00, 0x00, 0x00, 0x00, 0x00, 0x00, 0x00, 0x00, 0x00, 0x00, 0x00, 0x00, 0x00, 0x00, 0x00, 0x00,
	0x00, 0x00, 0x00, 0x00, 0x00, 0x00, 0x00, 0x00, 0x00, 0x00, 0x00, 0x00, 0x00, 0x00, 0x00, 0x00,
	0x00, 0x00, 0x00, 0x00, 0x00, 0x00, 0x00, 0x00, 0x00, 0x00, 0x00, 0x00, 0x00, 0x00, 0x00, 0x00,
	0x00, 0x00, 0x00, 0x00, 0x00, 0x00, 0x00, 0x00, 0x00, 0x00, 0x00, 0x00, 0x00, 0x00, 0x00, 0x00,
	0x00, 0x00, 0x00, 0x00, 0x00, 0x00, 0x00, 0x00, 0x00, 0x00, 0x00, 0x00, 0x00, 0x00, 0x00, 0x00,
	0x00, 0x00, 0x00, 0x00, 0x00, 0x00, 0x00, 0x00, 0x00, 0x00, 0x00, 0x00, 0x00, 0x00, 0x00, 0x00,
	0x00, 0x00, 0x00, 0x00, 0x00, 0x00, 0x00, 0x00, 0x00, 0x00, 0x00, 0x00, 0x00, 0x00, 0x00, 0x00,
	0x00, 0x00, 0x00, 0x00, 0x00, 0x00, 0x00, 0x00, 0x00, 0x00, 0x00, 0x00, 0x00, 0x00, 0x00, 0x00,
	0x00, 0x00, 0x00, 0x00, 0x00, 0x00, 0x00, 0x00, 0x00, 0x00, 0x00, 0x00, 0x00, 0x00, 0x00, 0x00,
	0x00, 0x00, 0x00, 0x00, 0x00, 0x00, 0x00, 0x00, 0x00, 0x00, 0x00, 0x00, 0x00, 0x00, 0x00, 0x00,
	0x00, 0x00, 0x00, 0x00, 0x00, 0x00, 0x00, 0x00, 0x00, 0x00, 0x00, 0x00, 0x00, 0x00, 0x00, 0x00,
	0x00, 0x00, 0x00, 0x00, 0x00, 0x00, 0x00, 0x00, 0x00, 0x00, 0x00, 0x00, 0x00, 0x00, 0x00, 0x00,
	0x00, 0x00, 0x00, 0x00, 0x00, 0x00, 0x00, 0x00, 0x00, 0x00, 0x00, 0x00, 0x00, 0x00, 0x00, 0x00,
	0x00, 0x00, 0x00, 0x00, 0x00, 0x00, 0x00, 0x00, 0x00, 0x00, 0x00, 0x00, 0x00, 0x00, 0x00, 0x00,
	0x00, 0x00, 0x00, 0x00, 0x00, 0x00, 0x00, 0x00, 0x00, 0x00, 0x00, 0x00, 0x00, 0x00, 0x00, 0x00,
	0x00, 0x00, 0x00, 0x00, 0x00, 0x00, 0x00, 0x00, 0x00, 0x00, 0x00, 0x00, 0x00, 0x00, 0x00, 0x00,
	0x00, 0x00, 0x00, 0x00, 0x00, 0x00, 0x00, 0x00, 0x00, 0x00, 0x00, 0x00, 0x00, 0x00, 0x00, 0x00,
	0x00, 0x00, 0x00, 0x00, 0x00, 0x00, 0x00, 0x00, 0x00, 0x00, 0x00, 0x00, 0x00, 0x00, 0x00, 0x00,
	0x00, 0x00, 0x00, 0x00, 0x00, 0x00, 0x00, 0x00, 0x00, 0x00, 0x00, 0x00, 0x00, 0x00, 0x00, 0x00,
	0x00, 0x00, 0x00, 0x00, 0x00, 0x00, 0x00, 0x00, 0x00, 0x00, 0x00, 0x00, 0x00, 0x00, 0x00, 0x00,
	0x00, 0x00, 0x00, 0x00, 0x00, 0x00, 0x00, 0x00, 0x00, 0x00, 0x00, 0x00, 0x00, 0x00, 0x00, 0x00,
	0x00, 0x00, 0x00, 0x00, 0x00, 0x00, 0x00, 0x00, 0x00, 0x00, 0x00, 0x00, 0x00, 0x00, 0x00, 0x00,
	0x00, 0x00, 0x00, 0x00, 0x00, 0x00, 0x00, 0x00, 0x00, 0x00, 0x00, 0x00, 0x00, 0x00, 0x00, 0x00,
	0x00, 0x00, 0x00, 0x00, 0x00, 0x00, 0x00, 0x00, 0x00, 0x00, 0x00, 0x00, 0x00, 0x00, 0x00, 0x20,
	0x00, 0x20, 0x20, 0x20, 0x20, 0x20, 0x20, 0x20, 0x00, 0x00, 0x00, 0x00, 0x20, 0x70, 0xa8, 0xa0,
	0xa0, 0xa8, 0x70, 0x20, 0x00, 0x00, 0x00, 0x00, 0x00, 0x30, 0x48, 0x40, 0x40, 0xe0, 0x40, 0x40,
	0x48, 0xb0, 0x00, 0x00, 0x00, 0x00, 0x00, 0x00, 0x88, 0x70, 0x50, 0x50, 0x70, 0x88, 0x00, 0x00,
	0x00, 0x00, 0x00, 0x88, 0x88, 0x50, 0x50, 0xf8, 0x20, 0xf8, 0x20, 0x20, 0x00, 0x00, 0x00, 0x00,
	0x20, 0x20, 0x20, 0x20, 0x00, 0x20, 0x20, 0x20, 0x20, 0x00, 0x00, 0x00, 0x30, 0x48, 0x40, 0x30,
	0x48, 0x48, 0x30, 0x08, 0x48, 0x30, 0x00, 0x00, 0x00, 0x50, 0x50, 0x00, 0x00, 0x00, 0x00, 0x00,
	0x00, 0x00, 0x00, 0x00, 0x00, 0x00, 0x70, 0x88, 0xa8, 0xd8, 0xc8, 0xd8, 0xa8, 0x88, 0x70, 0x00,
	0x00, 0x00, 0x00, 0x00, 0x70, 0x08, 0x78, 0x88, 0x78, 0x00, 0xf8, 0x00, 0x00, 0x00, 0x00, 0x00,
	0x00, 0x00, 0x00, 0x28, 0x50, 0xa0, 0xa0, 0x50, 0x28, 0x00, 0x00, 0x00, 0x00, 0x00, 0x00, 0x00,
	0x00, 0x00, 0xf8, 0x08, 0x08, 0x00, 0x00, 0x00, 0x00, 0x00, 0x00, 0x00, 0x00, 0x00, 0x00, 0x70,
	0x00, 0x00, 0x00, 0x00, 0x00, 0x00, 0x00, 0x70, 0x88, 0xe8, 0xd8, 0xd8, 0xe8, 0xd8, 0x88, 0x70,
	0x00, 0x00, 0x00, 0x00, 0x00, 0xf8, 0x00, 0x00, 0x00, 0x00, 0x00, 0x00, 0x00, 0x00, 0x00, 0x00,
	0x00, 0x00, 0x30, 0x48, 0x48, 0x30, 0x00, 0x00, 0x00, 0x00, 0x00, 0x00, 0x00, 0x00, 0x00, 0x00,
	0x20, 0x20, 0xf8, 0x20, 0x20, 0x00, 0xf8, 0x00, 0x00, 0x00, 0x00, 0x40, 0xa0, 0x20, 0x40, 0xe0,
	0x00, 0x00, 0x00, 0x00, 0x00, 0x00, 0x00, 0x00, 0x40, 0xa0, 0x40, 0x20, 0xc0, 0x00, 0x00, 0x00,
	0x00, 0x00, 0x00, 0x00, 0x00, 0x10, 0x20, 0x00, 0x00, 0x00, 0x00, 0x00, 0x00, 0x00, 0x00, 0x00,
	0x00, 0x00, 0x00, 0x00, 0x00, 0x00, 0x88, 0x88, 0x88, 0x88, 0x98, 0xe8, 0x80, 0x80, 0x00, 0x00,
	0x78, 0xe8, 0xe8, 0xe8, 0xe8, 0x68, 0x28, 0x28, 0x28, 0x00, 0x00, 0x00, 0x00, 0x00, 0x00, 0x00,
	0x00, 0x30, 0x00, 0x00, 0x00, 0x00, 0x00, 0x00, 0x00, 0x00, 0x00, 0x00, 0x00, 0x00, 0x00, 0x00,
	0x00, 0x00, 0x00, 0x10, 0x20, 0x00, 0x40, 0xc0, 0x40, 0x40, 0xe0, 0x00, 0x00, 0x00, 0x00, 0x00,
	0x00, 0x00, 0x00, 0x00, 0x70, 0x88, 0x88, 0x88, 0x70, 0x00, 0xf8, 0x00, 0x00, 0x00, 0x00, 0x00,
	0x00, 0x00, 0x00, 0xa0, 0x50, 0x28, 0x28, 0x50, 0xa0, 0x00, 0x00, 0x00, 0x00, 0x40, 0xc0, 0x40,
	0x40, 0xe0, 0x08, 0x18, 0x28, 0x38, 0x08, 0x00, 0x00, 0x00, 0x40, 0xc0, 0x40, 0x40, 0xe0, 0x10,
	0x28, 0x08, 0x10, 0x38, 0x00, 0x00, 0x00, 0x40, 0xa0, 0x40, 0x20, 0xa0, 0x48, 0x18, 0x28, 0x38,
	0x08, 0x00, 0x00, 0x00, 0x00, 0x20, 0x00, 0x20, 0x20, 0x40, 0x80, 0x88, 0x88, 0x70, 0x00, 0x00,
	0x00, 0x40, 0x20, 0x00, 0x20, 0x50, 0x88, 0x88, 0xf8, 0x88, 0x88, 0x00, 0x00, 0x00, 0x10, 0x20,
	0x00, 0x20, 0x50, 0x88, 0x88, 0xf8, 0x88, 0x88, 0x00, 0x00, 0x00, 0x30, 0x48, 0x00, 0x20, 0x50,
	0x88, 0x88, 0xf8, 0x88, 0x88, 0x00, 0x00, 0x00, 0x28, 0x50, 0x00, 0x20, 0x50, 0x88, 0x88, 0xf8,
	0x88, 0x88, 0x00, 0x00, 0x00, 0x50, 0x50, 0x00, 0x20, 0x50, 0x88, 0x88, 0xf8, 0x88, 0x88, 0x00,
	0x00, 0x00, 0x20, 0x50, 0x20, 0x20, 0x50, 0x88, 0x88, 0xf8, 0x88, 0x88, 0x00, 0x00, 0x00, 0x00,
	0x58, 0xa0, 0xa0, 0xa0, 0xb0, 0xe0, 0xa0, 0xa0, 0xb8, 0x00, 0x00, 0x00, 0x00, 0x70, 0x88, 0x80,
	0x80, 0x80, 0x80, 0x80, 0x88, 0x70, 0x20, 0x40, 0x00, 0x40, 0x20, 0x00, 0xf8, 0x80, 0x80, 0xf0,
	0x80, 0x80, 0xf8, 0x00, 0x00, 0x00, 0x10, 0x20, 0x00, 0xf8, 0x80, 0x80, 0xf0, 0x80, 0x80, 0xf8,
	0x00, 0x00, 0x00, 0x30, 0x48, 0x00, 0xf8, 0x80, 0x80, 0xf0, 0x80, 0x80, 0xf8, 0x00, 0x00, 0x00,
	0x50, 0x50, 0x00, 0xf8, 0x80, 0x80, 0xf0, 0x80, 0x80, 0xf8, 0x00, 0x00, 0x00, 0x40, 0x20, 0x00,
	0x70, 0x20, 0x20, 0x20, 0x20, 0x20, 0x70, 0x00, 0x00, 0x00, 0x10, 0x20, 0x00, 0x70, 0x20, 0x20,
	0x20, 0x20, 0x20, 0x70, 0x00, 0x00, 0x00, 0x30, 0x48, 0x00, 0x70, 0x20, 0x20, 0x20, 0x20, 0x20,
	0x70, 0x00, 0x00, 0x00, 0x50, 0x50, 0x00, 0x70, 0x20, 0x20, 0x20, 0x20, 0x20, 0x70, 0x00, 0x00,
	0x00, 0x00, 0xf0, 0x48, 0x48, 0x48, 0xe8, 0x48, 0x48, 0x48, 0xf0, 0x00, 0x00, 0x00, 0x28, 0x50,
	0x00, 0x88, 0x88, 0xc8, 0xa8, 0x98, 0x88, 0x88, 0x00, 0x00, 0x00, 0x40, 0x20, 0x00, 0x70, 0x88,
	0x88, 0x88, 0x88, 0x88, 0x70, 0x00, 0x00, 0x00, 0x10, 0x20, 0x00, 0x70, 0x88, 0x88, 0x88, 0x88,
	0x88, 0x70, 0x00, 0x00, 0x00, 0x30, 0x48, 0x00, 0x70, 0x88, 0x88, 0x88, 0x88, 0x88, 0x70, 0x00,
	0x00, 0x00, 0x28, 0x50, 0x00, 0x70, 0x88, 0x88, 0x88, 0x88, 0x88, 0x70, 0x00, 0x00, 0x00, 0x50,
	0x50, 0x00, 0x70, 0x88, 0x88, 0x88, 0x88, 0x88, 0x70, 0x00, 0x00, 0x00, 0x00, 0x00, 0x00, 0x00,
	0x88, 0x50, 0x20, 0x50, 0x88, 0x00, 0x00, 0x00, 0x00, 0x08, 0x70, 0x98, 0x98, 0xa8, 0xa8, 0xa8,
	0xc8, 0xc8, 0x70, 0x80, 0x00, 0x00, 0x40, 0x20, 0x00, 0x88, 0x88, 0x88, 0x88, 0x88, 0x88, 0x70,
	0x00, 0x00, 0x00, 0x10, 0x20, 0x00, 0x88, 0x88, 0x88, 0x88, 0x88, 0x88, 0x70, 0x00, 0x00, 0x00,
	0x30, 0x48, 0x00, 0x88, 0x88, 0x88, 0x88, 0x88, 0x88, 0x70, 0x00, 0x00, 0x00, 0x50, 0x50, 0x00,
	0x88, 0x88, 0x88, 0x88, 0x88, 0x88, 0x70, 0x00, 0x00, 0x00, 0x10, 0x20, 0x00, 0x88, 0x88, 0x50,
	0x20, 0x20, 0x20, 0x20, 0x00, 0x00, 0x00, 0x00, 0x80, 0xf0, 0x88, 0x88, 0x88, 0xf0, 0x80, 0x80,
	0x80, 0x00, 0x00, 0x00, 0x00, 0x60, 0x90, 0x90, 0xa0, 0xa0, 0x90, 0x88, 0x88, 0xb0, 0x00, 0x00,
	0x00, 0x00, 0x40, 0x20, 0x00, 0x70, 0x08, 0x78, 0x88, 0x98, 0x68, 0x00, 0x00, 0x00, 0x00, 0x10,
	0x20, 0x00, 0x70, 0x08, 0x78, 0x88, 0x98, 0x68, 0x00, 0x00, 0x00, 0x00, 0x30, 0x48, 0x00, 0x70,
	0x08, 0x78, 0x88, 0x98, 0x68, 0x00, 0x00, 0x00, 0x00, 0x28, 0x50, 0x00, 0x70, 0x08, 0x78, 0x88,
	0x98, 0x68, 0x00, 0x00, 0x00, 0x00, 0x50, 0x50, 0x00, 0x70, 0x08, 0x78, 0x88, 0x98, 0x68, 0x00,
	0x00, 0x00, 0x30, 0x48, 0x30, 0x00, 0x70, 0x08, 0x78, 0x88, 0x98, 0x68, 0x00, 0x00, 0x00, 0x00,
	0x00, 0x00, 0x00, 0x70, 0x28, 0x70, 0xa0, 0xa8, 0x50, 0x00, 0x00, 0x00, 0x00, 0x00, 0x00, 0x00,
	0x70, 0x88, 0x80, 0x80, 0x88, 0x70, 0x20, 0x40, 0x00, 0x00, 0x40, 0x20, 0x00, 0x70, 0x88, 0xf8,
	0x80, 0x88, 0x70, 0x00, 0x00, 0x00, 0x00, 0x10, 0x20, 0x00, 0x70, 0x88, 0xf8, 0x80, 0x88, 0x70,
	0x00, 0x00, 0x00, 0x00, 0x30, 0x48, 0x00, 0x70, 0x88, 0xf8, 0x80, 0x88, 0x70, 0x00, 0x00, 0x00,
	0x00, 0x50, 0x50, 0x00, 0x70, 0x88, 0xf8, 0x80, 0x88, 0x70, 0x00, 0x00, 0x00, 0x00, 0x40, 0x20,
	0x00, 0x60, 0x20, 0x20, 0x20, 0x20, 0x70, 0x00, 0x00, 0x00, 0x00, 0x10, 0x20, 0x00, 0x60, 0x20,
	0x20, 0x20, 0x20, 0x70, 0x00, 0x00, 0x00, 0x00, 0x30, 0x48, 0x00, 0x60, 0x20, 0x20, 0x20, 0x20,
	0x70, 0x00, 0x00, 0x00, 0x00, 0x50, 0x50, 0x00, 0x60, 0x20, 0x20, 0x20, 0x20, 0x70, 0x00, 0x00,
	0x00, 0x50, 0x20, 0x60, 0x10, 0x70, 0x88, 0x88, 0x88, 0x88, 0x70, 0x00, 0x00, 0x00, 0x00, 0x28,
	0x50, 0x00, 0xb0, 0xc8, 0x88, 0x88, 0x88, 0x88, 0x00, 0x00, 0x00, 0x00, 0x40, 0x20, 0x00, 0x70,
	0x88, 0x88, 0x88, 0x88, 0x70, 0x00, 0x00, 0x00, 0x00, 0x10, 0x20, 0x00, 0x70, 0x88, 0x88, 0x88,
	0x88, 0x70, 0x00, 0x00, 0x00, 0x00, 0x30, 0x48, 0x00, 0x70, 0x88, 0x88, 0x88, 0x88, 0x70, 0x00,
	0x00, 0x00, 0x00, 0x28, 0x50, 0x00, 0x70, 0x88, 0x88, 0x88, 0x88, 0x70, 0x00, 0x00, 0x00, 0x00,
	0x50, 0x50, 0x00, 0x70, 0x88, 0x88, 0x88, 0x88, 0x70, 0x00, 0x00, 0x00, 0x00, 0x00, 0x20, 0x20,
	0x00, 0xf8, 0x00, 0x20, 0x20, 0x00, 0x00, 0x00, 0x00, 0x00, 0x00, 0x00, 0x08, 0x70, 0x98, 0xa8,
	0xa8, 0xc8, 0x70, 0x80, 0x00, 0x00, 0x00, 0x40, 0x20, 0x00, 0x88, 0x88, 0x88, 0x88, 0x98, 0x68,
	0x00, 0x00, 0x00, 0x00, 0x10, 0x20, 0x00, 0x88, 0x88, 0x88, 0x88, 0x98, 0x68, 0x00, 0x00, 0x00,
	0x00, 0x30, 0x48, 0x00, 0x88, 0x88, 0x88, 0x88, 0x98, 0x68, 0x00, 0x00, 0x00, 0x00, 0x50, 0x50,
	0x00, 0x88, 0x88, 0x88, 0x88, 0x98, 0x68, 0x00, 0x00, 0x00, 0x00, 0x10, 0x20, 0x00, 0x88, 0x88,
	0x88, 0x98, 0x68, 0x08, 0x88, 0x70, 0x00, 0x00, 0x00, 0x80, 0x80, 0xb0, 0xc8, 0x88, 0x88, 0xc8,
	0xb0, 0x80, 0x80, 0x00, 0x00, 0x50, 0x50, 0x00, 0x88, 0x88, 0x88, 0x98, 0x68, 0x08, 0x88, 0x70,
};

static const unsigned char xfb_9x15[] = {
	0x00, 0x00, 0x00, 0x00, 0x6d, 0x00, 0x01, 0x00, 0x40, 0x00, 0x41, 0x00, 0x01, 0x00, 0x40, 0x00,
	0x41, 0x00, 0x01, 0x00, 0x40, 0x00, 0x5b, 0x00, 0x00, 0x00, 0x00, 0x00, 0x00, 0x00, 0x00, 0x00,
	0x00, 0x00, 0x00, 0x00, 0x08, 0x00, 0x1c, 0x00, 0x3e, 0x00, 0x7f, 0x00, 0xff, 0x80, 0x7f, 0x00,
	0x3e, 0x00, 0x1c, 0x00, 0x08, 0x00, 0x00, 0x00, 0x00, 0x00, 0x00, 0x00, 0xaa, 0x80, 0x55, 0x00,
	0xaa, 0x80, 0x55, 0x00, 0xaa, 0x80, 0x55, 0x00, 0xaa, 0x80, 0x55, 0x00, 0xaa, 0x80, 0x55, 0x00,
	0xaa, 0x80, 0x55, 0x00, 0xaa, 0x80, 0x55, 0x00, 0xaa, 0x80, 0x00, 0x00, 0x48, 0x00, 0x48, 0x00,
	0x78, 0x00, 0x48, 0x00, 0x48, 0x00, 0x00, 0x00, 0x1f, 0x00, 0x04, 0x00, 0x04, 0x00, 0x04, 0x00,
	0x04, 0x00, 0x00, 0x00, 0x00, 0x00, 0x00, 0x00, 0x00, 0x00, 0x00, 0x00, 0x78, 0x00, 0x40, 0x00,
	0x70, 0x00, 0x40, 0x00, 0x4f, 0x00, 0x48, 0x00, 0x0e, 0x00, 0x08, 0x00, 0x08, 0x00, 0x08, 0x00,
	0x00, 0x00, 0x00, 0x00, 0x00, 0x00, 0x00, 0x00, 0x38, 0x00, 0x40, 0x00, 0x40, 0x00, 0x40, 0x00,
	0x38, 0x00, 0x00, 0x00, 0x0e, 0x00, 0x09, 0x00, 0x0e, 0x00, 0x09, 0x00, 0x09, 0x00, 0x00, 0x00,
	0x00, 0x00, 0x00, 0x00, 0x00, 0x00, 0x40, 0x00, 0x40, 0x00, 0x40, 0x00, 0x40, 0x00, 0x78, 0x00,
	0x00, 0x00, 0x0f, 0x00, 0x08, 0x00, 0x0e, 0x00, 0x08, 0x00, 0x08, 0x00, 0x00, 0x00, 0x00, 0x00,
	0x00, 0x00, 0x00, 0x00, 0x00, 0x00, 0x0c, 0x00, 0x12, 0x00, 0x12, 0x00, 0x0c, 0x00, 0x00, 0x00,
	0x00, 0x00, 0x00, 0x00, 0x00, 0x00, 0x00, 0x00, 0x00, 0x00, 0x00, 0x00, 0x00, 0x00, 0x00, 0x00,
	0x00, 0x00, 0x00, 0x00, 0x08, 0x00, 0x08, 0x00, 0x08, 0x00, 0x7f, 0x00, 0x08, 0x00, 0x08, 0x00,
	0x08, 0x00, 0x00, 0x00, 0x7f, 0x00, 0x00, 0x00, 0x00, 0x00, 0x00, 0x00, 0x00, 0x00, 0x00, 0x00,
	0x44, 0x00, 0x64, 0x00, 0x54, 0x00, 0x4c, 0x00, 0x44, 0x00, 0x00, 0x00, 0x08, 0x00, 0x08, 0x00,
	0x08, 0x00, 0x08, 0x00, 0x0f, 0x00, 0x00, 0x00, 0x00, 0x00, 0x00, 0x00, 0x00, 0x00, 0x44, 0x00,
	0x44, 0x00, 0x28, 0x00, 0x28, 0x00, 0x10, 0x00, 0x00, 0x00, 0x1f, 0x00, 0x04, 0x00, 0x04, 0x00,
	0x04, 0x00, 0x04, 0x00, 0x00, 0x00, 0x00, 0x00, 0x00, 0x00, 0x08, 0x00, 0x08, 0x00, 0x08, 0x00,
	0x08, 0x00, 0x08, 0x00, 0x08, 0x00, 0x08, 0x00, 0xf8, 0x00, 0x00, 0x00, 0x00, 0x00, 0x00, 0x00,
	0x00, 0x00, 0x00, 0x00, 0x00, 0x00, 0x00, 0x00, 0x00, 0x00, 0x00, 0x00, 0x00, 0x00, 0x00, 0x00,
	0x00, 0x00, 0x00, 0x00, 0x00, 0x00, 0xf8, 0x00, 0x08, 0x00, 0x08, 0x00, 0x08, 0x00, 0x08, 0x00,
	0x08, 0x00, 0x08, 0x00, 0x08, 0x00, 0x00, 0x00, 0x00, 0x00, 0x00, 0x00, 0x00, 0x00, 0x00, 0x00,
	0x00, 0x00, 0x00, 0x00, 0x0f, 0x80, 0x08, 0x00, 0x08, 0x00, 0x08, 0x00, 0x08, 0x00, 0x08, 0x00,
	0x08, 0x00, 0x08, 0x00, 0x08, 0x00, 0x08, 0x00, 0x08, 0x00, 0x08, 0x00, 0x08, 0x00, 0x08, 0x00,
	0x08, 0x00, 0x0f, 0x80, 0x00, 0x00, 0x00, 0x00, 0x00, 0x00, 0x00, 0x00, 0x00, 0x00, 0x00, 0x00,
	0x00, 0x00, 0x08, 0x00, 0x08, 0x00, 0x08, 0x00, 0x08, 0x00, 0x08, 0x00, 0x08, 0x00, 0x08, 0x00,
	0xff, 0x80, 0x08, 0x00, 0x08, 0x00, 0x08, 0x00, 0x08, 0x00, 0x08, 0x00, 0x08, 0x00, 0x08, 0x00,
	0xff, 0x80, 0x00, 0x00, 0x00, 0x00, 0x00, 0x00, 0x00, 0x00, 0x00, 0x00, 0x00, 0x00, 0x00, 0x00,
	0x00, 0x00, 0x00, 0x00, 0x00, 0x00, 0x00, 0x00, 0x00, 0x00, 0x00, 0x00, 0x00, 0x00, 0x00, 0x00,
	0x00, 0x00, 0x00, 0x00, 0xff, 0x80, 0x00, 0x00, 0x00, 0x00, 0x00, 0x00, 0x00, 0x00, 0x00, 0x00,
	0x00, 0x00, 0x00, 0x00, 0x00, 0x00, 0x00, 0x00, 0x00, 0x00, 0x00, 0x00, 0x00, 0x00, 0x00, 0x00,
	0x00, 0x00, 0x00, 0x00, 0x00, 0x00, 0x00, 0x00, 0x00, 0x00, 0xff, 0x80, 0x00, 0x00, 0x00, 0x00,
	0x00, 0x00, 0x00, 0x00, 0x00, 0x00, 0x00, 0x00, 0x00, 0x00, 0x00, 0x00, 0x00, 0x00, 0x00, 0x00,
	0x00, 0x00, 0x00, 0x00, 0x00, 0x00, 0x00, 0x00, 0x00, 0x00, 0x00, 0x00, 0x00, 0x00, 0x00, 0x00,
	0xff, 0x80, 0x00, 0x00, 0x00, 0x00, 0x00, 0x00, 0x00, 0x00, 0x00, 0x00, 0x00, 0x00, 0x00, 0x00,
	0x00, 0x00, 0x00, 0x00, 0x00, 0x00, 0x00, 0x00, 0x00, 0x00, 0x00, 0x00, 0x00, 0x00, 0x00, 0x00,
	0x00, 0x00, 0x00, 0x00, 0xff, 0x80, 0x08, 0x00, 0x08, 0x00, 0x08, 0x00, 0x08, 0x00, 0x08, 0x00,
	0x08, 0x00, 0x08, 0x00, 0x0f, 0x80, 0x08, 0x00, 0x08, 0x00, 0x08, 0x00, 0x08, 0x00, 0x08, 0x00,
	0x08, 0x00, 0x08, 0x00, 0x08, 0x00, 0x08, 0x00, 0x08, 0x00, 0x08, 0x00, 0x08, 0x00, 0x08, 0x00,
	0x08, 0x00, 0xf8, 0x00, 0x08, 0x00, 0x08, 0x00, 0x08, 0x00, 0x08, 0x00, 0x08, 0x00, 0x08, 0x00,
	0x08, 0x00, 0x08, 0x00, 0x08, 0x00, 0x08, 0x00, 0x08, 0x00, 0x08, 0x00, 0x08, 0x00, 0x08, 0x00,
	0xff, 0x80, 0x00, 0x00, 0x00, 0x00, 0x00, 0x00, 0x00, 0x00, 0x00, 0x00, 0x00, 0x00, 0x00, 0x00,
	0x00, 0x00, 0x00, 0x00, 0x00, 0x00, 0x00, 0x00, 0x00, 0x00, 0x00, 0x00, 0x00, 0x00, 0xff, 0x80,
	0x08, 0x00, 0x08, 0x00, 0x08, 0x00, 0x08, 0x00, 0x08, 0x00, 0x08, 0x00, 0x08, 0x00, 0x08, 0x00,
	0x08, 0x00, 0x08, 0x00, 0x08, 0x00, 0x08, 0x00, 0x08, 0x00, 0x08, 0x00, 0x08, 0x00, 0x08, 0x00,
	0x08, 0x00, 0x08, 0x00, 0x08, 0x00, 0x08, 0x00, 0x08, 0x00, 0x08, 0x00, 0x00, 0x00, 0x00, 0x00,
	0x00, 0x00, 0x00, 0x00, 0x03, 0x00, 0x1c, 0x00, 0x60, 0x00, 0x1c, 0x00, 0x03, 0x00, 0x00, 0x00,
	0x7f, 0x00, 0x00, 0x00, 0x00, 0x00, 0x00, 0x00, 0x00, 0x00, 0x00, 0x00, 0x00, 0x00, 0x00, 0x00,
	0x00, 0x00, 0x60, 0x00, 0x1c, 0x00, 0x03, 0x00, 0x1c, 0x00, 0x60, 0x00, 0x00, 0x00, 0x7f, 0x00,
	0x00, 0x00, 0x00, 0x00, 0x00, 0x00, 0x00, 0x00, 0x00, 0x00, 0x00, 0x00, 0x00, 0x00, 0x00, 0x00,
	0x00, 0x00, 0x7f, 0x00, 0x22, 0x00, 0x22, 0x00, 0x22, 0x00, 0x22, 0x00, 0x22, 0x00, 0x22, 0x00,
	0x00, 0x00, 0x00, 0x00, 0x00, 0x00, 0x00, 0x00, 0x00, 0x00, 0x00, 0x00, 0x00, 0x00, 0x04, 0x00,
	0x04, 0x00, 0x7f, 0x00, 0x08, 0x00, 0x7f, 0x00, 0x10, 0x00, 0x10, 0x00, 0x00, 0x00, 0x00, 0x00,
	0x00, 0x00, 0x00, 0x00, 0x00, 0x00, 0x00, 0x00, 0x0e, 0x00, 0x11, 0x00, 0x10, 0x00, 0x10, 0x00,
	0x7c, 0x00, 0x10, 0x00, 0x10, 0x00, 0x30, 0x00, 0x51, 0x00, 0x2e, 0x00, 0x00, 0x00, 0x00, 0x00,
	0x00, 0x00, 0x00, 0x00, 0x00, 0x00, 0x00, 0x00, 0x00, 0x00, 0x00, 0x00, 0x00, 0x00, 0x0c, 0x00,
	0x0c, 0x00, 0x00, 0x00, 0x00, 0x00, 0x00, 0x00, 0x00, 0x00, 0x00, 0x00, 0x00, 0x00, 0x00, 0x00,
	0x00, 0x00, 0x00, 0x00, 0x00, 0x00, 0x00, 0x00, 0x00, 0x00, 0x00, 0x00, 0x00, 0x00, 0x00, 0x00,
	0x00, 0x00, 0x00, 0x00, 0x00, 0x00, 0x00, 0x00, 0x00, 0x00, 0x00, 0x00, 0x00, 0x00, 0x00, 0x00,
	0x08, 0x00, 0x08, 0x00, 0x08, 0x00, 0x08, 0x00, 0x08, 0x00, 0x08, 0x00, 0x08, 0x00, 0x00, 0x00,
	0x00, 0x00, 0x08, 0x00, 0x08, 0x00, 0x00, 0x00, 0x00, 0x00, 0x00, 0x00, 0x00, 0x00, 0x00, 0x00,
	0x12, 0x00, 0x12, 0x00, 0x12, 0x00, 0x00, 0x00, 0x00, 0x00, 0x00, 0x00, 0x00, 0x00, 0x00, 0x00,
	0x00, 0x00, 0x00, 0x00, 0x00, 0x00, 0x00, 0x00, 0x00, 0x00, 0x00, 0x00, 0x00, 0x00, 0x00, 0x00,
	0x24, 0x00, 0x24, 0x00, 0x7e, 0x00, 0x24, 0x00, 0x24, 0x00, 0x7e, 0x00, 0x24, 0x00, 0x24, 0x00,
	0x00, 0x00, 0x00, 0x00, 0x00, 0x00, 0x00, 0x00, 0x00, 0x00, 0x00, 0x00, 0x08, 0x00, 0x3e, 0x00,
	0x49, 0x00, 0x48, 0x00, 0x28, 0x00, 0x1c, 0x00, 0x0a, 0x00, 0x09, 0x00, 0x49, 0x00, 0x3e, 0x00,
	0x08, 0x00, 0x00, 0x00, 0x00, 0x00, 0x00, 0x00, 0x00, 0x00, 0x21, 0x00, 0x52, 0x00, 0x52, 0x00,
	0x24, 0x00, 0x08, 0x00, 0x08, 0x00, 0x12, 0x00, 0x25, 0x00, 0x25, 0x00, 0x42, 0x00, 0x00, 0x00,
	0x00, 0x00, 0x00, 0x00, 0x00, 0x00, 0x00, 0x00, 0x30, 0x00, 0x48, 0x00, 0x48, 0x00, 0x48, 0x00,
	0x30, 0x00, 0x31, 0x00, 0x4a, 0x00, 0x44, 0x00, 0x4a, 0x00, 0x31, 0x00, 0x00, 0x00, 0x00, 0x00,
	0x00, 0x00, 0x00, 0x00, 0x00, 0x00, 0x08, 0x00, 0x08, 0x00, 0x08, 0x00, 0x00, 0x00, 0x00, 0x00,
	0x00, 0x00, 0x00, 0x00, 0x00, 0x00, 0x00, 0x00, 0x00, 0x00, 0x00, 0x00, 0x00, 0x00, 0x00, 0x00,
	0x00, 0x00, 0x04, 0x00, 0x08, 0x00, 0x08, 0x00, 0x10, 0x00, 0x10, 0x00, 0x10, 0x00, 0x10, 0x00,
	0x10, 0x00, 0x10, 0x00, 0x08, 0x00, 0x08, 0x00, 0x04, 0x00, 0x00, 0x00, 0x00, 0x00, 0x00, 0x00,
	0x10, 0x00, 0x08, 0x00, 0x08, 0x00, 0x04, 0x00, 0x04, 0x00, 0x04, 0x00, 0x04, 0x00, 0x04, 0x00,
	0x04, 0x00, 0x08, 0x00, 0x08, 0x00, 0x10, 0x00, 0x00, 0x00, 0x00, 0x00, 0x00, 0x00, 0x00, 0x00,
	0x08, 0x00, 0x49, 0x00, 0x2a, 0x00, 0x1c, 0x00, 0x2a, 0x00, 0x49, 0x00, 0x08, 0x00, 0x00, 0x00,
	0x00, 0x00, 0x00, 0x00, 0x00, 0x00, 0x00, 0x00, 0x00, 0x00, 0x00, 0x00, 0x00, 0x00, 0x00, 0x00,
	0x00, 0x00, 0x08, 0x00, 0x08, 0x00, 0x08, 0x00, 0x7f, 0x00, 0x08, 0x00, 0x08, 0x00, 0x08, 0x00,
	0x00, 0x00, 0x00, 0x00, 0x00, 0x00, 0x00, 0x00, 0x00, 0x00, 0x00, 0x00, 0x00, 0x00, 0x00, 0x00,
	0x00, 0x00, 0x00, 0x00, 0x00, 0x00, 0x00, 0x00, 0x00, 0x00, 0x00, 0x00, 0x0c, 0x00, 0x0c, 0x00,
	0x04, 0x00, 0x04, 0x00, 0x08, 0x00, 0x00, 0x00, 0x00, 0x00, 0x00, 0x00, 0x00, 0x00, 0x00, 0x00,
	0x00, 0x00, 0x00, 0x00, 0x7f, 0x00, 0x00, 0x00, 0x00, 0x00, 0x00, 0x00, 0x00, 0x00, 0x00, 0x00,
	0x00, 0x00, 0x00, 0x00, 0x00, 0x00, 0x00, 0x00, 0x00, 0x00, 0x00, 0x00, 0x00, 0x00, 0x00, 0x00,
	0x00, 0x00, 0x00, 0x00, 0x00, 0x00, 0x00, 0x00, 0x0c, 0x00, 0x0c, 0x00, 0x00, 0x00, 0x00, 0x00,
	0x00, 0x00, 0x00, 0x00, 0x00, 0x00, 0x01, 0x00, 0x02, 0x00, 0x02, 0x00, 0x04, 0x00, 0x08, 0x00,
	0x08, 0x00, 0x10, 0x00, 0x20, 0x00, 0x20, 0x00, 0x40, 0x00, 0x00, 0x00, 0x00, 0x00, 0x00, 0x00,
	0x00, 0x00, 0x00, 0x00, 0x1c, 0x00, 0x22, 0x00, 0x41, 0x00, 0x41, 0x00, 0x41, 0x00, 0x41, 0x00,
	0x41, 0x00, 0x41, 0x00, 0x22, 0x00, 0x1c, 0x00, 0x00, 0x00, 0x00, 0x00, 0x00, 0x00, 0x00, 0x00,
	0x00, 0x00, 0x08, 0x00, 0x18, 0x00, 0x28, 0x00, 0x48, 0x00, 0x08, 0x00, 0x08, 0x00, 0x08, 0x00,
	0x08, 0x00, 0x08, 0x00, 0x7f, 0x00, 0x00, 0x00, 0x00, 0x00, 0x00, 0x00, 0x00, 0x00, 0x00, 0x00,
	0x3e, 0x00, 0x41, 0x00, 0x41, 0x00, 0x02, 0x00, 0x04, 0x00, 0x08, 0x00, 0x10, 0x00, 0x20, 0x00,
	0x40, 0x00, 0x7f, 0x00, 0x00, 0x00, 0x00, 0x00, 0x00, 0x00, 0x00, 0x00, 0x00, 0x00, 0x7f, 0x00,
	0x01, 0x00, 0x02, 0x00, 0x04, 0x00, 0x0e, 0x00, 0x01, 0x00, 0x01, 0x00, 0x01, 0x00, 0x41, 0x00,
	0x3e, 0x00, 0x00, 0x00, 0x00, 0x00, 0x00, 0x00, 0x00, 0x00, 0x00, 0x00, 0x02, 0x00, 0x06, 0x00,
	0x0a, 0x00, 0x12, 0x00, 0x22, 0x00, 0x42, 0x00, 0x7f, 0x00, 0x02, 0x00, 0x02, 0x00, 0x02, 0x00,
	0x00, 0x00, 0x00, 0x00, 0x00, 0x00, 0x00, 0x00, 0x00, 0x00, 0x7f, 0x00, 0x40, 0x00, 0x40, 0x00,
	0x5e, 0x00, 0x61, 0x00, 0x01, 0x00, 0x01, 0x00, 0x01, 0x00, 0x41, 0x00, 0x3e, 0x00, 0x00, 0x00,
	0x00, 0x00, 0x00, 0x00, 0x00, 0x00, 0x00, 0x00, 0x1e, 0x00, 0x20, 0x00, 0x40, 0x00, 0x40, 0x00,
	0x5e, 0x00, 0x61, 0x00, 0x41, 0x00, 0x41, 0x00, 0x41, 0x00, 0x3e, 0x00, 0x00, 0x00, 0x00, 0x00,
	0x00, 0x00, 0x00, 0x00, 0x00, 0x00, 0x7f, 0x00, 0x01, 0x00, 0x02, 0x00, 0x02, 0x00, 0x04, 0x00,
	0x04, 0x00, 0x08, 0x00, 0x08, 0x00, 0x10, 0x00, 0x10, 0x00, 0x00, 0x00, 0x00, 0x00, 0x00, 0x00,
	0x00, 0x00, 0x00, 0x00, 0x1c, 0x00, 0x22, 0x00, 0x41, 0x00, 0x22, 0x00, 0x1c, 0x00, 0x22, 0x00,
	0x41, 0x00, 0x41, 0x00, 0x22, 0x00, 0x1c, 0x00, 0x00, 0x00, 0x00, 0x00, 0x00, 0x00, 0x00, 0x00,
	0x00, 0x00, 0x3e, 0x00, 0x41, 0x00, 0x41, 0x00, 0x41, 0x00, 0x43, 0x00, 0x3d, 0x00, 0x01, 0x00,
	0x01, 0x00, 0x02, 0x00, 0x3c, 0x00, 0x00, 0x00, 0x00, 0x00, 0x00, 0x00, 0x00, 0x00, 0x00, 0x00,
	0x00, 0x00, 0x00, 0x00, 0x00, 0x00, 0x0c, 0x00, 0x0c, 0x00, 0x00, 0x00, 0x00, 0x00, 0x00, 0x00,
	0x0c, 0x00, 0x0c, 0x00, 0x00, 0x00, 0x00, 0x00, 0x00, 0x00, 0x00, 0x00, 0x00, 0x00, 0x00, 0x00,
	0x00, 0x00, 0x00, 0x00, 0x0c, 0x00, 0x0c, 0x00, 0x00, 0x00, 0x00, 0x00, 0x00, 0x00, 0x0c, 0x00,
	0x0c, 0x00, 0x04, 0x00, 0x04, 0x00, 0x08, 0x00, 0x00, 0x00, 0x00, 0x00, 0x02, 0x00, 0x04, 0x00,
	0x08, 0x00, 0x10, 0x00, 0x20, 0x00, 0x20, 0x00, 0x10, 0x00, 0x08, 0x00, 0x04, 0x00, 0x02, 0x00,
	0x00, 0x00, 0x00, 0x00, 0x00, 0x00, 0x00, 0x00, 0x00, 0x00, 0x00, 0x00, 0x00, 0x00, 0x00, 0x00,
	0x00, 0x00, 0x7f, 0x00, 0x00, 0x00, 0x00, 0x00, 0x7f, 0x00, 0x00, 0x00, 0x00, 0x00, 0x00, 0x00,
	0x00, 0x00, 0x00, 0x00, 0x00, 0x00, 0x00, 0x00, 0x20, 0x00, 0x10, 0x00, 0x08, 0x00, 0x04, 0x00,
	0x02, 0x00, 0x02, 0x00, 0x04, 0x00, 0x08, 0x00, 0x10, 0x00, 0x20, 0x00, 0x00, 0x00, 0x00, 0x00,
	0x00, 0x00, 0x00, 0x00, 0x00, 0x00, 0x3e, 0x00, 0x41, 0x00, 0x41, 0x00, 0x01, 0x00, 0x02, 0x00,
	0x04, 0x00, 0x08, 0x00, 0x08, 0x00, 0x00, 0x00, 0x08, 0x00, 0x00, 0x00, 0x00, 0x00, 0x00, 0x00,
	0x00, 0x00, 0x00, 0x00, 0x3e, 0x00, 0x41, 0x00, 0x41, 0x00, 0x4f, 0x00, 0x51, 0x00, 0x53, 0x00,
	0x4d, 0x00, 0x40, 0x00, 0x40, 0x00, 0x3e, 0x00, 0x00, 0x00, 0x00, 0x00, 0x00, 0x00, 0x00, 0x00,
	0x00, 0x00, 0x08, 0x00, 0x14, 0x00, 0x22, 0x00, 0x41, 0x00, 0x41, 0x00, 0x41, 0x00, 0x7f, 0x00,
	0x41, 0x00, 0x41, 0x00, 0x41, 0x00, 0x00, 0x00, 0x00, 0x00, 0x00, 0x00, 0x00, 0x00, 0x00, 0x00,
	0x7c, 0x00, 0x42, 0x00, 0x41, 0x00, 0x42, 0x00, 0x7c, 0x00, 0x42, 0x00, 0x41, 0x00, 0x41, 0x00,
	0x42, 0x00, 0x7c, 0x00, 0x00, 0x00, 0x00, 0x00, 0x00, 0x00, 0x00, 0x00, 0x00, 0x00, 0x3e, 0x00,
	0x41, 0x00, 0x40, 0x00, 0x40, 0x00, 0x40, 0x00, 0x40, 0x00, 0x40, 0x00, 0x40, 0x00, 0x41, 0x00,
	0x3e, 0x00, 0x00, 0x00, 0x00, 0x00, 0x00, 0x00, 0x00, 0x00, 0x00, 0x00, 0x7c, 0x00, 0x42, 0x00,
	0x41, 0x00, 0x41, 0x00, 0x41, 0x00, 0x41, 0x00, 0x41, 0x00, 0x41, 0x00, 0x42, 0x00, 0x7c, 0x00,
	0x00, 0x00, 0x00, 0x00, 0x00, 0x00, 0x00, 0x00, 0x00, 0x00, 0x7f, 0x00, 0x40, 0x00, 0x40, 0x00,
	0x40, 0x00, 0x7c, 0x00, 0x40, 0x00, 0x40, 0x00, 0x40, 0x00, 0x40, 0x00, 0x7f, 0x00, 0x00, 0x00,
	0x00, 0x00, 0x00, 0x00, 0x00, 0x00, 0x00, 0x00, 0x7f, 0x00, 0x40, 0x00, 0x40, 0x00, 0x40, 0x00,
	0x7c, 0x00, 0x40, 0x00, 0x40, 0x00, 0x40, 0x00, 0x40, 0x00, 0x40, 0x00, 0x00, 0x00, 0x00, 0x00,
	0x00, 0x00, 0x00, 0x00, 0x00, 0x00, 0x3e, 0x00, 0x41, 0x00, 0x40, 0x00, 0x40, 0x00, 0x40, 0x00,
	0x47, 0x00, 0x41, 0x00, 0x41, 0x00, 0x41, 0x00, 0x3e, 0x00, 0x00, 0x00, 0x00, 0x00, 0x00, 0x00,
	0x00, 0x00, 0x00, 0x00, 0x41, 0x00, 0x41, 0x00, 0x41, 0x00, 0x41, 0x00, 0x7f, 0x00, 0x41, 0x00,
	0x41, 0x00, 0x41, 0x00, 0x41, 0x00, 0x41, 0x00, 0x00, 0x00, 0x00, 0x00, 0x00, 0x00, 0x00, 0x00,
	0x00, 0x00, 0x3e, 0x00, 0x08, 0x00, 0x08, 0x00, 0x08, 0x00, 0x08, 0x00, 0x08, 0x00, 0x08, 0x00,
	0x08, 0x00, 0x08, 0x00, 0x3e, 0x00, 0x00, 0x00, 0x00, 0x00, 0x00, 0x00, 0x00, 0x00, 0x00, 0x00,
	0x0f, 0x80, 0x02, 0x00, 0x02, 0x00, 0x02, 0x00, 0x02, 0x00, 0x02, 0x00, 0x02, 0x00, 0x02, 0x00,
	0x42, 0x00, 0x3c, 0x00, 0x00, 0x00, 0x00, 0x00, 0x00, 0x00, 0x00, 0x00, 0x00, 0x00, 0x41, 0x00,
	0x42, 0x00, 0x44, 0x00, 0x48, 0x00, 0x70, 0x00, 0x50, 0x00, 0x48, 0x00, 0x44, 0x00, 0x42, 0x00,
	0x41, 0x00, 0x00, 0x00, 0x00, 0x00, 0x00, 0x00, 0x00, 0x00, 0x00, 0x00, 0x40, 0x00, 0x40, 0x00,
	0x40, 0x00, 0x40, 0x00, 0x40, 0x00, 0x40, 0x00, 0x40, 0x00, 0x40, 0x00, 0x40, 0x00, 0x7f, 0x00,
	0x00, 0x00, 0x00, 0x00, 0x00, 0x00, 0x00, 0x00, 0x00, 0x00, 0x41, 0x00, 0x41, 0x00, 0x63, 0x00,
	0x55, 0x00, 0x55, 0x00, 0x49, 0x00, 0x49, 0x00, 0x41, 0x00, 0x41, 0x00, 0x41, 0x00, 0x00, 0x00,
	0x00, 0x00, 0x00, 0x00, 0x00, 0x00, 0x00, 0x00, 0x41, 0x00, 0x41, 0x00, 0x61, 0x00, 0x51, 0x00,
	0x49, 0x00, 0x45, 0x00, 0x43, 0x00, 0x41, 0x00, 0x41, 0x00, 0x41, 0x00, 0x00, 0x00, 0x00, 0x00,
	0x00, 0x00, 0x00, 0x00, 0x00, 0x00, 0x3e, 0x00, 0x41, 0x00, 0x41, 0x00, 0x41, 0x00, 0x41, 0x00,
	0x41, 0x00, 0x41, 0x00, 0x41, 0x00, 0x41, 0x00, 0x3e, 0x00, 0x00, 0x00, 0x00, 0x00, 0x00, 0x00,
	0x00, 0x00, 0x00, 0x00, 0x7e, 0x00, 0x41, 0x00, 0x41, 0x00, 0x41, 0x00, 0x7e, 0x00, 0x40, 0x00,
	0x40, 0x00, 0x40, 0x00, 0x40, 0x00, 0x40, 0x00, 0x00, 0x00, 0x00, 0x00, 0x00, 0x00, 0x00, 0x00,
	0x00, 0x00, 0x3e, 0x00, 0x41, 0x00, 0x41, 0x00, 0x41, 0x00, 0x41, 0x00, 0x41, 0x00, 0x41, 0x00,
	0x51, 0x00, 0x49, 0x00, 0x3e, 0x00, 0x04, 0x00, 0x03, 0x00, 0x00, 0x00, 0x00, 0x00, 0x00, 0x00,
	0x7e, 0x00, 0x41, 0x00, 0x41, 0x00, 0x41, 0x00, 0x7e, 0x00, 0x48, 0x00, 0x44, 0x00, 0x42, 0x00,
	0x41, 0x00, 0x41, 0x00, 0x00, 0x00, 0x00, 0x00, 0x00, 0x00, 0x00, 0x00, 0x00, 0x00, 0x3e, 0x00,
	0x41, 0x00, 0x41, 0x00, 0x40, 0x00, 0x38, 0x00, 0x06, 0x00, 0x01, 0x00, 0x41, 0x00, 0x41, 0x00,
	0x3e, 0x00, 0x00, 0x00, 0x00, 0x00, 0x00, 0x00, 0x00, 0x00, 0x00, 0x00, 0x7f, 0x00, 0x08, 0x00,
	0x08, 0x00, 0x08, 0x00, 0x08, 0x00, 0x08, 0x00, 0x08, 0x00, 0x08, 0x00, 0x08, 0x00, 0x08, 0x00,
	0x00, 0x00, 0x00, 0x00, 0x00, 0x00, 0x00, 0x00, 0x00, 0x00, 0x41, 0x00, 0x41, 0x00, 0x41, 0x00,
	0x41, 0x00, 0x41, 0x00, 0x41, 0x00, 0x41, 0x00, 0x41, 0x00, 0x41, 0x00, 0x3e, 0x00, 0x00, 0x00,
	0x00, 0x00, 0x00, 0x00, 0x00, 0x00, 0x00, 0x00, 0x41, 0x00, 0x41, 0x00, 0x41, 0x00, 0x22, 0x00,
	0x22, 0x00, 0x22, 0x00, 0x14, 0x00, 0x14, 0x00, 0x14, 0x00, 0x08, 0x00, 0x00, 0x00, 0x00, 0x00,
	0x00, 0x00, 0x00, 0x00, 0x00, 0x00, 0x41, 0x00, 0x41, 0x00, 0x41, 0x00, 0x41, 0x00, 0x49, 0x00,
	0x49, 0x00, 0x49, 0x00, 0x49, 0x00, 0x55, 0x00, 0x22, 0x00, 0x00, 0x00, 0x00, 0x00, 0x00, 0x00,
	0x00, 0x00, 0x00, 0x00, 0x41, 0x00, 0x41, 0x00, 0x22, 0x00, 0x14, 0x00, 0x08, 0x00, 0x08, 0x00,
	0x14, 0x00, 0x22, 0x00, 0x41, 0x00, 0x41, 0x00, 0x00, 0x00, 0x00, 0x00, 0x00, 0x00, 0x00, 0x00,
	0x00, 0x00, 0x41, 0x00, 0x41, 0x00, 0x22, 0x00, 0x14, 0x00, 0x08, 0x00, 0x08, 0x00, 0x08, 0x00,
	0x08, 0x00, 0x08, 0x00, 0x08, 0x00, 0x00, 0x00, 0x00, 0x00, 0x00, 0x00, 0x00, 0x00, 0x00, 0x00,
	0x7f, 0x00, 0x01, 0x00, 0x02, 0x00, 0x04, 0x00, 0x08, 0x00, 0x10, 0x00, 0x20, 0x00, 0x40, 0x00,
	0x40, 0x00, 0x7f, 0x00, 0x00, 0x00, 0x00, 0x00, 0x00, 0x00, 0x00, 0x00, 0x1e, 0x00, 0x10, 0x00,
	0x10, 0x00, 0x10, 0x00, 0x10, 0x00, 0x10, 0x00, 0x10, 0x00, 0x10, 0x00, 0x10, 0x00, 0x10, 0x00,
	0x10, 0x00, 0x1e, 0x00, 0x00, 0x00, 0x00, 0x00, 0x00, 0x00, 0x00, 0x00, 0x40, 0x00, 0x20, 0x00,
	0x20, 0x00, 0x10, 0x00, 0x08, 0x00, 0x08, 0x00, 0x04, 0x00, 0x02, 0x00, 0x02, 0x00, 0x01, 0x00,
	0x00, 0x00, 0x00, 0x00, 0x00, 0x00, 0x00, 0x00, 0x3c, 0x00, 0x04, 0x00, 0x04, 0x00, 0x04, 0x00,
	0x04, 0x00, 0x04, 0x00, 0x04, 0x00, 0x04, 0x00, 0x04, 0x00, 0x04, 0x00, 0x04, 0x00, 0x3c, 0x00,
	0x00, 0x00, 0x00, 0x00, 0x00, 0x00, 0x00, 0x00, 0x08, 0x00, 0x14, 0x00, 0x22, 0x00, 0x41, 0x00,
	0x00, 0x00, 0x00, 0x00, 0x00, 0x00, 0x00, 0x00, 0x00, 0x00, 0x00, 0x00, 0x00, 0x00, 0x00, 0x00,
	0x00, 0x00, 0x00, 0x00, 0x00, 0x00, 0x00, 0x00, 0x00, 0x00, 0x00, 0x00, 0x00, 0x00, 0x00, 0x00,
	0x00, 0x00, 0x00, 0x00, 0x00, 0x00, 0x00, 0x00, 0x00, 0x00, 0xff, 0x00, 0x00, 0x00, 0x00, 0x00,
	0x00, 0x00, 0x10, 0x00, 0x08, 0x00, 0x04, 0x00, 0x00, 0x00, 0x00, 0x00, 0x00, 0x00, 0x00, 0x00,
	0x00, 0x00, 0x00, 0x00, 0x00, 0x00, 0x00, 0x00, 0x00, 0x00, 0x00, 0x00, 0x00, 0x00, 0x00, 0x00,
	0x00, 0x00, 0x00, 0x00, 0x00, 0x00, 0x00, 0x00, 0x3e, 0x00, 0x01, 0x00, 0x01, 0x00, 0x3f, 0x00,
	0x41, 0x00, 0x43, 0x00, 0x3d, 0x00, 0x00, 0x00, 0x00, 0x00, 0x00, 0x00, 0x00, 0x00, 0x00, 0x00,
	0x40, 0x00, 0x40, 0x00, 0x40, 0x00, 0x5e, 0x00, 0x61, 0x00, 0x41, 0x00, 0x41, 0x00, 0x41, 0x00,
	0x61, 0x00, 0x5e, 0x00, 0x00, 0x00, 0x00, 0x00, 0x00, 0x00, 0x00, 0x00, 0x00, 0x00, 0x00, 0x00,
	0x00, 0x00, 0x00, 0x00, 0x3e, 0x00, 0x41, 0x00, 0x40, 0x00, 0x40, 0x00, 0x40, 0x00, 0x41, 0x00,
	0x3e, 0x00, 0x00, 0x00, 0x00, 0x00, 0x00, 0x00, 0x00, 0x00, 0x00, 0x00, 0x01, 0x00, 0x01, 0x00,
	0x01, 0x00, 0x3d, 0x00, 0x43, 0x00, 0x41, 0x00, 0x41, 0x00, 0x41, 0x00, 0x43, 0x00, 0x3d, 0x00,
	0x00, 0x00, 0x00, 0x00, 0x00, 0x00, 0x00, 0x00, 0x00, 0x00, 0x00, 0x00, 0x00, 0x00, 0x00, 0x00,
	0x3e, 0x00, 0x41, 0x00, 0x41, 0x00, 0x7f, 0x00, 0x40, 0x00, 0x40, 0x00, 0x3e, 0x00, 0x00, 0x00,
	0x00, 0x00, 0x00, 0x00, 0x00, 0x00, 0x00, 0x00, 0x0e, 0x00, 0x11, 0x00, 0x11, 0x00, 0x10, 0x00,
	0x10, 0x00, 0x7c, 0x00, 0x10, 0x00, 0x10, 0x00, 0x10, 0x00, 0x10, 0x00, 0x00, 0x00, 0x00, 0x00,
	0x00, 0x00, 0x00, 0x00, 0x00, 0x00, 0x00, 0x00, 0x00, 0x00, 0x00, 0x00, 0x3d, 0x00, 0x42, 0x00,
	0x42, 0x00, 0x42, 0x00, 0x3c, 0x00, 0x40, 0x00, 0x3e, 0x00, 0x41, 0x00, 0x41, 0x00, 0x3e, 0x00,
	0x00, 0x00, 0x00, 0x00, 0x40, 0x00, 0x40, 0x00, 0x40, 0x00, 0x5e, 0x00, 0x61, 0x00, 0x41, 0x00,
	0x41, 0x00, 0x41, 0x00, 0x41, 0x00, 0x41, 0x00, 0x00, 0x00, 0x00, 0x00, 0x00, 0x00, 0x00, 0x00,
	0x00, 0x00, 0x18, 0x00, 0x00, 0x00, 0x00, 0x00, 0x38, 0x00, 0x08, 0x00, 0x08, 0x00, 0x08, 0x00,
	0x08, 0x00, 0x08, 0x00, 0x3e, 0x00, 0x00, 0x00, 0x00, 0x00, 0x00, 0x00, 0x00, 0x00, 0x00, 0x00,
	0x06, 0x00, 0x00, 0x00, 0x00, 0x00, 0x0e, 0x00, 0x02, 0x00, 0x02, 0x00, 0x02, 0x00, 0x02, 0x00,
	0x02, 0x00, 0x42, 0x00, 0x42, 0x00, 0x42, 0x00, 0x3c, 0x00, 0x00, 0x00, 0x00, 0x00, 0x40, 0x00,
	0x40, 0x00, 0x40, 0x00, 0x41, 0x00, 0x46, 0x00, 0x58, 0x00, 0x60, 0x00, 0x58, 0x00, 0x46, 0x00,
	0x41, 0x00, 0x00, 0x00, 0x00, 0x00, 0x00, 0x00, 0x00, 0x00, 0x00, 0x00, 0x38, 0x00, 0x08, 0x00,
	0x08, 0x00, 0x08, 0x00, 0x08, 0x00, 0x08, 0x00, 0x08, 0x00, 0x08, 0x00, 0x08, 0x00, 0x3e, 0x00,
	0x00, 0x00, 0x00, 0x00, 0x00, 0x00, 0x00, 0x00, 0x00, 0x00, 0x00, 0x00, 0x00, 0x00, 0x00, 0x00,
	0x76, 0x00, 0x49, 0x00, 0x49, 0x00, 0x49, 0x00, 0x49, 0x00, 0x49, 0x00, 0x41, 0x00, 0x00, 0x00,
	0x00, 0x00, 0x00, 0x00, 0x00, 0x00, 0x00, 0x00, 0x00, 0x00, 0x00, 0x00, 0x00, 0x00, 0x5e, 0x00,
	0x61, 0x00, 0x41, 0x00, 0x41, 0x00, 0x41, 0x00, 0x41, 0x00, 0x41, 0x00, 0x00, 0x00, 0x00, 0x00,
	0x00, 0x00, 0x00, 0x00, 0x00, 0x00, 0x00, 0x00, 0x00, 0x00, 0x00, 0x00, 0x3e, 0x00, 0x41, 0x00,
	0x41, 0x00, 0x41, 0x00, 0x41, 0x00, 0x41, 0x00, 0x3e, 0x00, 0x00, 0x00, 0x00, 0x00, 0x00, 0x00,
	0x00, 0x00, 0x00, 0x00, 0x00, 0x00, 0x00, 0x00, 0x00, 0x00, 0x5e, 0x00, 0x61, 0x00, 0x41, 0x00,
	0x41, 0x00, 0x41, 0x00, 0x61, 0x00, 0x5e, 0x00, 0x40, 0x00, 0x40, 0x00, 0x40, 0x00, 0x00, 0x00,
	0x00, 0x00, 0x00, 0x00, 0x00, 0x00, 0x00, 0x00, 0x3d, 0x00, 0x43, 0x00, 0x41, 0x00, 0x41, 0x00,
	0x41, 0x00, 0x43, 0x00, 0x3d, 0x00, 0x01, 0x00, 0x01, 0x00, 0x01, 0x00, 0x00, 0x00, 0x00, 0x00,
	0x00, 0x00, 0x00, 0x00, 0x00, 0x00, 0x4e, 0x00, 0x31, 0x00, 0x21, 0x00, 0x20, 0x00, 0x20, 0x00,
	0x20, 0x00, 0x20, 0x00, 0x00, 0x00, 0x00, 0x00, 0x00, 0x00, 0x00, 0x00, 0x00, 0x00, 0x00, 0x00,
	0x00, 0x00, 0x00, 0x00, 0x3e, 0x00, 0x41, 0x00, 0x40, 0x00, 0x3e, 0x00, 0x01, 0x00, 0x41, 0x00,
	0x3e, 0x00, 0x00, 0x00, 0x00, 0x00, 0x00, 0x00, 0x00, 0x00, 0x00, 0x00, 0x00, 0x00, 0x10, 0x00,
	0x10, 0x00, 0x7e, 0x00, 0x10, 0x00, 0x10, 0x00, 0x10, 0x00, 0x10, 0x00, 0x11, 0x00, 0x0e, 0x00,
	0x00, 0x00, 0x00, 0x00, 0x00, 0x00, 0x00, 0x00, 0x00, 0x00, 0x00, 0x00, 0x00, 0x00, 0x00, 0x00,
	0x42, 0x00, 0x42, 0x00, 0x42, 0x00, 0x42, 0x00, 0x42, 0x00, 0x42, 0x00, 0x3d, 0x00, 0x00, 0x00,
	0x00, 0x00, 0x00, 0x00, 0x00, 0x00, 0x00, 0x00, 0x00, 0x00, 0x00, 0x00, 0x00, 0x00, 0x41, 0x00,
	0x41, 0x00, 0x22, 0x00, 0x22, 0x00, 0x14, 0x00, 0x14, 0x00, 0x08, 0x00, 0x00, 0x00, 0x00, 0x00,
	0x00, 0x00, 0x00, 0x00, 0x00, 0x00, 0x00, 0x00, 0x00, 0x00, 0x00, 0x00, 0x41, 0x00, 0x41, 0x00,
	0x49, 0x00, 0x49, 0x00, 0x49, 0x00, 0x55, 0x00, 0x22, 0x00, 0x00, 0x00, 0x00, 0x00, 0x00, 0x00,
	0x00, 0x00, 0x00, 0x00, 0x00, 0x00, 0x00, 0x00, 0x00, 0x00, 0x41, 0x00, 0x22, 0x00, 0x14, 0x00,
	0x08, 0x00, 0x14, 0x00, 0x22, 0x00, 0x41, 0x00, 0x00, 0x00, 0x00, 0x00, 0x00, 0x00, 0x00, 0x00,
	0x00, 0x00, 0x00, 0x00, 0x00, 0x00, 0x00, 0x00, 0x42, 0x00, 0x42, 0x00, 0x42, 0x00, 0x42, 0x00,
	0x42, 0x00, 0x46, 0x00, 0x3a, 0x00, 0x02, 0x00, 0x42, 0x00, 0x3c, 0x00, 0x00, 0x00, 0x00, 0x00,
	0x00, 0x00, 0x00, 0x00, 0x00, 0x00, 0x7f, 0x00, 0x02, 0x00, 0x04, 0x00, 0x08, 0x00, 0x10, 0x00,
	0x20, 0x00, 0x7f, 0x00, 0x00, 0x00, 0x00, 0x00, 0x00, 0x00, 0x00, 0x00, 0x07, 0x00, 0x08, 0x00,
	0x08, 0x00, 0x08, 0x00, 0x04, 0x00, 0x18, 0x00, 0x18, 0x00, 0x04, 0x00, 0x08, 0x00, 0x08, 0x00,
	0x08, 0x00, 0x07, 0x00, 0x00, 0x00, 0x00, 0x00, 0x00, 0x00, 0x08, 0x00, 0x08, 0x00, 0x08, 0x00,
	0x08, 0x00, 0x08, 0x00, 0x08, 0x00, 0x08, 0x00, 0x08, 0x00, 0x08, 0x00, 0x08, 0x00, 0x08, 0x00,
	0x08, 0x00, 0x00, 0x00, 0x00, 0x00, 0x00, 0x00, 0x70, 0x00, 0x08, 0x00, 0x08, 0x00, 0x08, 0x00,
	0x10, 0x00, 0x0c, 0x00, 0x0c, 0x00, 0x10, 0x00, 0x08, 0x00, 0x08, 0x00, 0x08, 0x00, 0x70, 0x00,
	0x00, 0x00, 0x00, 0x00, 0x00, 0x00, 0x00, 0x00, 0x31, 0x00, 0x49, 0x00, 0x46, 0x00, 0x00, 0x00,
	0x00, 0x00, 0x00, 0x00, 0x00, 0x00, 0x00, 0x00, 0x00, 0x00, 0x00, 0x00, 0x00, 0x00, 0x00, 0x00,
	0x00, 0x00, 0x00, 0x00, 0x00, 0x00, 0x00, 0x00, 0x00, 0x00, 0x00, 0x00, 0x00, 0x00, 0x00, 0x00,
	0x00, 0x00, 0x00, 0x00, 0x00, 0x00, 0x00, 0x00, 0x00, 0x00, 0x00, 0x00, 0x00, 0x00, 0x00, 0x00,
	0x00, 0x00, 0x00, 0x00, 0x00, 0x00, 0x00, 0x00, 0x00, 0x00, 0x00, 0x00, 0x00, 0x00, 0x00, 0x00,
	0x00, 0x00, 0x00, 0x00, 0x00, 0x00, 0x00, 0x00, 0x00, 0x00, 0x00, 0x00, 0x00, 0x00, 0x00, 0x00,
	0x00, 0x00, 0x00, 0x00, 0x00, 0x00, 0x00, 0x00, 0x00, 0x00, 0x00, 0x00, 0x00, 0x00, 0x00, 0x00,
	0x00, 0x00, 0x00, 0x00, 0x00, 0x00, 0x00, 0x00, 0x00, 0x00, 0x00, 0x00, 0x00, 0x00, 0x00, 0x00,
	0x00, 0x00, 0x00, 0x00, 0x00, 0x00, 0x00, 0x00, 0x00, 0x00, 0x00, 0x00, 0x00, 0x00, 0x00, 0x00,
	0x00, 0x00, 0x00, 0x00, 0x00, 0x00, 0x00, 0x00, 0x00, 0x00, 0x00, 0x00, 0x00, 0x00, 0x00, 0x00,
	0x00, 0x00, 0x00, 0x00, 0x00, 0x00, 0x00, 0x00, 0x00, 0x00, 0x00, 0x00, 0x00, 0x00, 0x00, 0x00,
	0x00, 0x00, 0x00, 0x00, 0x00, 0x00, 0x00, 0x00, 0x00, 0x00, 0x00, 0x00, 0x00, 0x00, 0x00, 0x00,
	0x00, 0x00, 0x00, 0x00, 0x00, 0x00, 0x00, 0x00, 0x00, 0x00, 0x00, 0x00, 0x00, 0x00, 0x00, 0x00,
	0x00, 0x00, 0x00, 0x00, 0x00, 0x00, 0x00, 0x00, 0x00, 0x00, 0x00, 0x00, 0x00, 0x00, 0x00, 0x00,
	0x00, 0x00, 0x00, 0x00, 0x00, 0x00, 0x00, 0x00, 0x00, 0x00, 0x00, 0x00, 0x00, 0x00, 0x00, 0x00,
	0x00, 0x00, 0x00, 0x00, 0x00, 0x00, 0x00, 0x00, 0x00, 0x00, 0x00, 0x00, 0x00, 0x00, 0x00, 0x00,
	0x00, 0x00, 0x00, 0x00, 0x00, 0x00, 0x00, 0x00, 0x00, 0x00, 0x00, 0x00, 0x00, 0x00, 0x00, 0x00,
	0x00, 0x00, 0x00, 0x00, 0x00, 0x00, 0x00, 0x00, 0x00, 0x00, 0x00, 0x00, 0x00, 0x00, 0x00, 0x00,
	0x00, 0x00, 0x00, 0x00, 0x00, 0x00, 0x00, 0x00, 0x00, 0x00, 0x00, 0x00, 0x00, 0x00, 0x00, 0x00,
	0x00, 0x00, 0x00, 0x00, 0x00, 0x00, 0x00, 0x00, 0x00, 0x00, 0x00, 0x00, 0x00, 0x00, 0x00, 0x00,
	0x00, 0x00, 0x00, 0x00, 0x00, 0x00, 0x00, 0x00, 0x00, 0x00, 0x00, 0x00, 0x00, 0x00, 0x00, 0x00,
	0x00, 0x00, 0x00, 0x00, 0x00, 0x00, 0x00, 0x00, 0x00, 0x00, 0x00, 0x00, 0x00, 0x00, 0x00, 0x00,
	0x00, 0x00, 0x00, 0x00, 0x00, 0x00, 0x00, 0x00, 0x00, 0x00, 0x00, 0x00, 0x00, 0x00, 0x00, 0x00,
	0x00, 0x00, 0x00, 0x00, 0x00, 0x00, 0x00, 0x00, 0x00, 0x00, 0x00, 0x00, 0x00, 0x00, 0x00, 0x00,
	0x00, 0x00, 0x00, 0x00, 0x00, 0x00, 0x00, 0x00, 0x00, 0x00, 0x00, 0x00, 0x00, 0x00, 0x00, 0x00,
	0x00, 0x00, 0x00, 0x00, 0x00, 0x00, 0x00, 0x00, 0x00, 0x00, 0x00, 0x00, 0x00, 0x00, 0x00, 0x00,
	0x00, 0x00, 0x00, 0x00, 0x00, 0x00, 0x00, 0x00, 0x00, 0x00, 0x00, 0x00, 0x00, 0x00, 0x00, 0x00,
	0x00, 0x00, 0x00, 0x00, 0x00, 0x00, 0x00, 0x00, 0x00, 0x00, 0x00, 0x00, 0x00, 0x00, 0x00, 0x00,
	0x00, 0x00, 0x00, 0x00, 0x00, 0x00, 0x00, 0x00, 0x00, 0x00, 0x00, 0x00, 0x00, 0x00, 0x00, 0x00,
	0x00, 0x00, 0x00, 0x00, 0x00, 0x00, 0x00, 0x00, 0x00, 0x00, 0x00, 0x00, 0x00, 0x00, 0x00, 0x00,
	0x00, 0x00, 0x00, 0x00, 0x00, 0x00, 0x00, 0x00, 0x00, 0x00, 0x00, 0x00, 0x00, 0x00, 0x00, 0x00,
	0x00, 0x00, 0x00, 0x00, 0x00, 0x00, 0x00, 0x00, 0x00, 0x00, 0x00, 0x00, 0x00, 0x00, 0x00, 0x00,
	0x00, 0x00, 0x00, 0x00, 0x00, 0x00, 0x00, 0x00, 0x00, 0x00, 0x00, 0x00, 0x00, 0x00, 0x00, 0x00,
	0x00, 0x00, 0x00, 0x00, 0x00, 0x00, 0x00, 0x00, 0x00, 0x00, 0x00, 0x00, 0x00, 0x00, 0x00, 0x00,
	0x00, 0x00, 0x00, 0x00, 0x00, 0x00, 0x00, 0x00, 0x00, 0x00, 0x00, 0x00, 0x00, 0x00, 0x00, 0x00,
	0x00, 0x00, 0x00, 0x00, 0x00, 0x00, 0x00, 0x00, 0x00, 0x00, 0x00, 0x00, 0x00, 0x00, 0x00, 0x00,
	0x00, 0x00, 0x00, 0x00, 0x00, 0x00, 0x00, 0x00, 0x00, 0x00, 0x00, 0x00, 0x00, 0x00, 0x00, 0x00,
	0x00, 0x00, 0x00, 0x00, 0x00, 0x00, 0x00, 0x00, 0x00, 0x00, 0x00, 0x00, 0x00, 0x00, 0x00, 0x00,
	0x00, 0x00, 0x00, 0x00, 0x00, 0x00, 0x00, 0x00, 0x00, 0x00, 0x00, 0x00, 0x00, 0x00, 0x00, 0x00,
	0x00, 0x00, 0x00, 0x00, 0x00, 0x00, 0x00, 0x00, 0x00, 0x00, 0x00, 0x00, 0x00, 0x00, 0x00, 0x00,
	0x00, 0x00, 0x00, 0x00, 0x00, 0x00, 0x00, 0x00, 0x00, 0x00, 0x00, 0x00, 0x00, 0x00, 0x00, 0x00,
	0x00, 0x00, 0x00, 0x00, 0x00, 0x00, 0x00, 0x00, 0x00, 0x00, 0x00, 0x00, 0x00, 0x00, 0x00, 0x00,
	0x00, 0x00, 0x00, 0x00, 0x00, 0x00, 0x00, 0x00, 0x00, 0x00, 0x00, 0x00, 0x00, 0x00, 0x00, 0x00,
	0x00, 0x00, 0x00, 0x00, 0x00, 0x00, 0x00, 0x00, 0x00, 0x00, 0x00, 0x00, 0x00, 0x00, 0x00, 0x00,
	0x00, 0x00, 0x00, 0x00, 0x00, 0x00, 0x00, 0x00, 0x00, 0x00, 0x00, 0x00, 0x00, 0x00, 0x00, 0x00,
	0x00, 0x00, 0x00, 0x00, 0x00, 0x00, 0x00, 0x00, 0x00, 0x00, 0x00, 0x00, 0x00, 0x00, 0x00, 0x00,
	0x00, 0x00, 0x00, 0x00, 0x00, 0x00, 0x00, 0x00, 0x00, 0x00, 0x00, 0x00, 0x00, 0x00, 0x00, 0x00,
	0x00, 0x00, 0x00, 0x00, 0x00, 0x00, 0x00, 0x00, 0x00, 0x00, 0x00, 0x00, 0x00, 0x00, 0x00, 0x00,
	0x00, 0x00, 0x00, 0x00, 0x00, 0x00, 0x00, 0x00, 0x00, 0x00, 0x00, 0x00, 0x00, 0x00, 0x00, 0x00,
	0x00, 0x00, 0x00, 0x00, 0x00, 0x00, 0x00, 0x00, 0x00, 0x00, 0x00, 0x00, 0x00, 0x00, 0x00, 0x00,
	0x00, 0x00, 0x00, 0x00, 0x00, 0x00, 0x00, 0x00, 0x00, 0x00, 0x00, 0x00, 0x00, 0x00, 0x00, 0x00,
	0x00, 0x00, 0x00, 0x00, 0x00, 0x00, 0x00, 0x00, 0x00, 0x00, 0x00, 0x00, 0x00, 0x00, 0x00, 0x00,
	0x00, 0x00, 0x00, 0x00, 0x00, 0x00, 0x00, 0x00, 0x00, 0x00, 0x00, 0x00, 0x00, 0x00, 0x00, 0x00,
	0x00, 0x00, 0x00, 0x00, 0x00, 0x00, 0x00, 0x00, 0x00, 0x00, 0x00, 0x00, 0x00, 0x00, 0x00, 0x00,
	0x00, 0x00, 0x00, 0x00, 0x00, 0x00, 0x00, 0x00, 0x00, 0x00, 0x00, 0x00, 0x00, 0x00, 0x00, 0x00,
	0x00, 0x00, 0x00, 0x00, 0x00, 0x00, 0x00, 0x00, 0x00, 0x00, 0x00, 0x00, 0x00, 0x00, 0x00, 0x00,
	0x00, 0x00, 0x00, 0x00, 0x00, 0x00, 0x00, 0x00, 0x00, 0x00, 0x00, 0x00, 0x00, 0x00, 0x00, 0x00,
	0x00, 0x00, 0x00, 0x00, 0x00, 0x00, 0x00, 0x00, 0x00, 0x00, 0x00, 0x00, 0x00, 0x00, 0x00, 0x00,
	0x00, 0x00, 0x00, 0x00, 0x00, 0x00, 0x00, 0x00, 0x00, 0x00, 0x00, 0x00, 0x00, 0x00, 0x00, 0x00,
	0x00, 0x00, 0x00, 0x00, 0x00, 0x00, 0x00, 0x00, 0x00, 0x00, 0x00, 0x00, 0x00, 0x00, 0x00, 0x00,
	0x00, 0x00, 0x00, 0x00, 0x00, 0x00, 0x00, 0x00, 0x00, 0x00, 0x00, 0x00, 0x00, 0x00, 0x00, 0x00,
	0x00, 0x00, 0x00, 0x00, 0x00, 0x00, 0x00, 0x00, 0x00, 0x00, 0x00, 0x00, 0x00, 0x00, 0x00, 0x00,
	0x00, 0x00, 0x00, 0x00, 0x00, 0x00, 0x00, 0x00, 0x00, 0x00, 0x00, 0x00, 0x00, 0x00, 0x00, 0x00,
	0x00, 0x00, 0x00, 0x00, 0x00, 0x00, 0x00, 0x00, 0x00, 0x00, 0x00, 0x00, 0x00, 0x00, 0x00, 0x00,
	0x00, 0x00, 0x00, 0x00, 0x00, 0x00, 0x00, 0x00, 0x00, 0x00, 0x00, 0x00, 0x00, 0x00, 0x00, 0x00,
	0x00, 0x00, 0x00, 0x00, 0x00, 0x00, 0x00, 0x00, 0x00, 0x00, 0x00, 0x00, 0x00, 0x00, 0x00, 0x00,
	0x08, 0x00, 0x08, 0x00, 0x00, 0x00, 0x00, 0x00, 0x08, 0x00, 0x08, 0x00, 0x08, 0x00, 0x08, 0x00,
	0x08, 0x00, 0x08, 0x00, 0x08, 0x00, 0x00, 0x00, 0x00, 0x00, 0x00, 0x00, 0x00, 0x00, 0x00, 0x00,
	0x00, 0x00, 0x00, 0x00, 0x04, 0x00, 0x3c, 0x00, 0x4a, 0x00, 0x48, 0x00, 0x50, 0x00, 0x52, 0x00,
	0x3c, 0x00, 0x20, 0x00, 0x00, 0x00, 0x00, 0x00, 0x00, 0x00, 0x00, 0x00, 0x00, 0x00, 0x0e, 0x00,
	0x11, 0x00, 0x10, 0x00, 0x10, 0x00, 0x7c, 0x00, 0x10, 0x00, 0x10, 0x00, 0x30, 0x00, 0x51, 0x00,
	0x2e, 0x00, 0x00, 0x00, 0x00, 0x00, 0x00, 0x00, 0x00, 0x00, 0x00, 0x00, 0x00, 0x00, 0x41, 0x00,
	0x3e, 0x00, 0x22, 0x00, 0x22, 0x00, 0x3e, 0x00, 0x41, 0x00, 0x00, 0x00, 0x00, 0x00, 0x00, 0x00,
	0x00, 0x00, 0x00, 0x00, 0x00, 0x00, 0x00, 0x00, 0x00, 0x00, 0x41, 0x00, 0x41, 0x00, 0x22, 0x00,
	0x14, 0x00, 0x3e, 0x00, 0x08, 0x00, 0x3e, 0x00, 0x08, 0x00, 0x08, 0x00, 0x08, 0x00, 0x00, 0x00,
	0x00, 0x00, 0x00, 0x00, 0x00, 0x00, 0x00, 0x00, 0x08, 0x00, 0x08, 0x00, 0x08, 0x00, 0x08, 0x00,
	0x08, 0x00, 0x00, 0x00, 0x08, 0x00, 0x08, 0x00, 0x08, 0x00, 0x08, 0x00, 0x08, 0x00, 0x00, 0x00,
	0x00, 0x00, 0x00, 0x00, 0x00, 0x00, 0x18, 0x00, 0x24, 0x00, 0x20, 0x00, 0x18, 0x00, 0x24, 0x00,
	0x24, 0x00, 0x24, 0x00, 0x18, 0x00, 0x04, 0x00, 0x24, 0x00, 0x18, 0x00, 0x00, 0x00, 0x00, 0x00,
	0x00, 0x00, 0x22, 0x00, 0x22, 0x00, 0x00, 0x00, 0x00, 0x00, 0x00, 0x00, 0x00, 0x00, 0x00, 0x00,
	0x00, 0x00, 0x00, 0x00, 0x00, 0x00, 0x00, 0x00, 0x00, 0x00, 0x00, 0x00, 0x00, 0x00, 0x00, 0x00,
	0x00, 0x00, 0x3c, 0x00, 0x42, 0x00, 0x99, 0x00, 0xa5, 0x00, 0xa1, 0x00, 0xa5, 0x00, 0x99, 0x00,
	0x42, 0x00, 0x3c, 0x00, 0x00, 0x00, 0x00, 0x00, 0x00, 0x00, 0x00, 0x00, 0x00, 0x00, 0x00, 0x00,
	0x30, 0x00, 0x48, 0x00, 0x38, 0x00, 0x48, 0x00, 0x3c, 0x00, 0x00, 0x00, 0x7c, 0x00, 0x00, 0x00,
	0x00, 0x00, 0x00, 0x00, 0x00, 0x00, 0x00, 0x00, 0x00, 0x00, 0x00, 0x00, 0x00, 0x00, 0x00, 0x00,
	0x09, 0x00, 0x12, 0x00, 0x24, 0x00, 0x48, 0x00, 0x48, 0x00, 0x24, 0x00, 0x12, 0x00, 0x09, 0x00,
	0x00, 0x00, 0x00, 0x00, 0x00, 0x00, 0x00, 0x00, 0x00, 0x00, 0x00, 0x00, 0x00, 0x00, 0x00, 0x00,
	0x00, 0x00, 0x00, 0x00, 0x7e, 0x00, 0x02, 0x00, 0x02, 0x00, 0x02, 0x00, 0x00, 0x00, 0x00, 0x00,
	0x00, 0x00, 0x00, 0x00, 0x00, 0x00, 0x00, 0x00, 0x00, 0x00, 0x00, 0x00, 0x00, 0x00, 0x00, 0x00,
	0x00, 0x00, 0x00, 0x00, 0x3e, 0x00, 0x00, 0x00, 0x00, 0x00, 0x00, 0x00, 0x00, 0x00, 0x00, 0x00,
	0x00, 0x00, 0x00, 0x00, 0x00, 0x00, 0x00, 0x00, 0x3c, 0x00, 0x42, 0x00, 0xb9, 0x00, 0xa5, 0x00,
	0xb9, 0x00, 0xa9, 0x00, 0xa5, 0x00, 0x42, 0x00, 0x3c, 0x00, 0x00, 0x00, 0x00, 0x00, 0x00, 0x00,
	0x00, 0x00, 0x00, 0x00, 0x00, 0x00, 0x7e, 0x00, 0x00, 0x00, 0x00, 0x00, 0x00, 0x00, 0x00, 0x00,
	0x00, 0x00, 0x00, 0x00, 0x00, 0x00, 0x00, 0x00, 0x00, 0x00, 0x00, 0x00, 0x00, 0x00, 0x00, 0x00,
	0x00, 0x00, 0x00, 0x00, 0x0c, 0x00, 0x12, 0x00, 0x12, 0x00, 0x0c, 0x00, 0x00, 0x00, 0x00, 0x00,
	0x00, 0x00, 0x00, 0x00, 0x00, 0x00, 0x00, 0x00, 0x00, 0x00, 0x00, 0x00, 0x00, 0x00, 0x00, 0x00,
	0x00, 0x00, 0x08, 0x00, 0x08, 0x00, 0x08, 0x00, 0x7f, 0x00, 0x08, 0x00, 0x08, 0x00, 0x08, 0x00,
	0x00, 0x00, 0x7f, 0x00, 0x00, 0x00, 0x00, 0x00, 0x00, 0x00, 0x00, 0x00, 0x00, 0x00, 0x00, 0x00,
	0x30, 0x00, 0x48, 0x00, 0x08, 0x00, 0x30, 0x00, 0x40, 0x00, 0x78, 0x00, 0x00, 0x00, 0x00, 0x00,
	0x00, 0x00, 0x00, 0x00, 0x00, 0x00, 0x00, 0x00, 0x00, 0x00, 0x00, 0x00, 0x00, 0x00, 0x30, 0x00,
	0x48, 0x00, 0x10, 0x00, 0x08, 0x00, 0x48, 0x00, 0x30, 0x00, 0x00, 0x00, 0x00, 0x00, 0x00, 0x00,
	0x00, 0x00, 0x00, 0x00, 0x00, 0x00, 0x00, 0x00, 0x00, 0x00, 0x04, 0x00, 0x08, 0x00, 0x10, 0x00,
	0x00, 0x00, 0x00, 0x00, 0x00, 0x00, 0x00, 0x00, 0x00, 0x00, 0x00, 0x00, 0x00, 0x00, 0x00, 0x00,
	0x00, 0x00, 0x00, 0x00, 0x00, 0x00, 0x00, 0x00, 0x00, 0x00, 0x00, 0x00, 0x00, 0x00, 0x00, 0x00,
	0x41, 0x00, 0x41, 0x00, 0x41, 0x00, 0x41, 0x00, 0x41, 0x00, 0x63, 0x00, 0x5d, 0x00, 0x40, 0x00,
	0x40, 0x00, 0x00, 0x00, 0x00, 0x00, 0x00, 0x00, 0x3f, 0x00, 0x45, 0x00, 0x45, 0x00, 0x45, 0x00,
	0x3d, 0x00, 0x05, 0x00, 0x05, 0x00, 0x05, 0x00, 0x05, 0x00, 0x05, 0x00, 0x00, 0x00, 0x00, 0x00,
	0x00, 0x00, 0x00, 0x00, 0x00, 0x00, 0x00, 0x00, 0x00, 0x00, 0x00, 0x00, 0x00, 0x00, 0x0c, 0x00,
	0x0c, 0x00, 0x00, 0x00, 0x00, 0x00, 0x00, 0x00, 0x00, 0x00, 0x00, 0x00, 0x00, 0x00, 0x00, 0x00,
	0x00, 0x00, 0x00, 0x00, 0x00, 0x00, 0x00, 0x00, 0x00, 0x00, 0x00, 0x00, 0x00, 0x00, 0x00, 0x00,
	0x00, 0x00, 0x00, 0x00, 0x00, 0x00, 0x00, 0x00, 0x0c, 0x00, 0x24, 0x00, 0x18, 0x00, 0x00, 0x00,
	0x00, 0x00, 0x20, 0x00, 0x60, 0x00, 0x20, 0x00, 0x20, 0x00, 0x20, 0x00, 0x70, 0x00, 0x00, 0x00,
	0x00, 0x00, 0x00, 0x00, 0x00, 0x00, 0x00, 0x00, 0x00, 0x00, 0x00, 0x00, 0x00, 0x00, 0x00, 0x00,
	0x38, 0x00, 0x44, 0x00, 0x44, 0x00, 0x38, 0x00, 0x00, 0x00, 0x7c, 0x00, 0x00, 0x00, 0x00, 0x00,
	0x00, 0x00, 0x00, 0x00, 0x00, 0x00, 0x00, 0x00, 0x00, 0x00, 0x00, 0x00, 0x00, 0x00, 0x00, 0x00,
	0x48, 0x00, 0x24, 0x00, 0x12, 0x00, 0x09, 0x00, 0x09, 0x00, 0x12, 0x00, 0x24, 0x00, 0x48, 0x00,
	0x00, 0x00, 0x00, 0x00, 0x00, 0x00, 0x00, 0x00, 0x00, 0x00, 0x00, 0x00, 0x20, 0x00, 0x60, 0x00,
	0x20, 0x00, 0x20, 0x00, 0x21, 0x00, 0x73, 0x00, 0x05, 0x00, 0x09, 0x00, 0x0d, 0x00, 0x03, 0x00,
	0x00, 0x00, 0x00, 0x00, 0x00, 0x00, 0x00, 0x00, 0x00, 0x00, 0x20, 0x00, 0x60, 0x00, 0x20, 0x00,
	0x20, 0x00, 0x26, 0x00, 0x79, 0x00, 0x01, 0x00, 0x06, 0x00, 0x08, 0x00, 0x0f, 0x00, 0x00, 0x00,
	0x00, 0x00, 0x00, 0x00, 0x00, 0x00, 0x00, 0x00, 0x30, 0x00, 0x48, 0x00, 0x10, 0x00, 0x08, 0x00,
	0x49, 0x00, 0x33, 0x00, 0x05, 0x00, 0x09, 0x00, 0x0d, 0x00, 0x03, 0x00, 0x00, 0x00, 0x00, 0x00,
	0x00, 0x00, 0x00, 0x00, 0x00, 0x00, 0x08, 0x00, 0x00, 0x00, 0x08, 0x00, 0x08, 0x00, 0x10, 0x00,
	0x20, 0x00, 0x40, 0x00, 0x41, 0x00, 0x41, 0x00, 0x3e, 0x00, 0x00, 0x00, 0x00, 0x00, 0x00, 0x00,
	0x20, 0x00, 0x10, 0x00, 0x08, 0x00, 0x00, 0x00, 0x1c, 0x00, 0x22, 0x00, 0x41, 0x00, 0x41, 0x00,
	0x7f, 0x00, 0x41, 0x00, 0x41, 0x00, 0x41, 0x00, 0x00, 0x00, 0x00, 0x00, 0x00, 0x00, 0x02, 0x00,
	0x04, 0x00, 0x08, 0x00, 0x00, 0x00, 0x1c, 0x00, 0x22, 0x00, 0x41, 0x00, 0x41, 0x00, 0x7f, 0x00,
	0x41, 0x00, 0x41, 0x00, 0x41, 0x00, 0x00, 0x00, 0x00, 0x00, 0x00, 0x00, 0x08, 0x00, 0x14, 0x00,
	0x22, 0x00, 0x00, 0x00, 0x1c, 0x00, 0x22, 0x00, 0x41, 0x00, 0x41, 0x00, 0x7f, 0x00, 0x41, 0x00,
	0x41, 0x00, 0x41, 0x00, 0x00, 0x00, 0x00, 0x00, 0x00, 0x00, 0x00, 0x00, 0x31, 0x00, 0x4e, 0x00,
	0x00, 0x00, 0x1c, 0x00, 0x22, 0x00, 0x41, 0x00, 0x41, 0x00, 0x7f, 0x00, 0x41, 0x00, 0x41, 0x00,
	0x41, 0x00, 0x00, 0x00, 0x00, 0x00, 0x00, 0x00, 0x00, 0x00, 0x22, 0x00, 0x22, 0x00, 0x00, 0x00,
	0x1c, 0x00, 0x22, 0x00, 0x41, 0x00, 0x41, 0x00, 0x7f, 0x00, 0x41, 0x00, 0x41, 0x00, 0x41, 0x00,
	0x00, 0x00, 0x00, 0x00, 0x00, 0x00, 0x00, 0x00, 0x1c, 0x00, 0x22, 0x00, 0x1c, 0x00, 0x14, 0x00,
	0x22, 0x00, 0x41, 0x00, 0x41, 0x00, 0x7f, 0x00, 0x41, 0x00, 0x41, 0x00, 0x41, 0x00, 0x00, 0x00,
	0x00, 0x00, 0x00, 0x00, 0x00, 0x00, 0x00, 0x00, 0x37, 0x00, 0x48, 0x00, 0x48, 0x00, 0x48, 0x00,
	0x48, 0x00, 0x7e, 0x00, 0x48, 0x00, 0x48, 0x00, 0x48, 0x00, 0x4f, 0x00, 0x00, 0x00, 0x00, 0x00,
	0x00, 0x00, 0x00, 0x00, 0x00, 0x00, 0x3e, 0x00, 0x41, 0x00, 0x40, 0x00, 0x40, 0x00, 0x40, 0x00,
	0x40, 0x00, 0x40, 0x00, 0x40, 0x00, 0x41, 0x00, 0x3e, 0x00, 0x0c, 0x00, 0x24, 0x00, 0x18, 0x00,
	0x20, 0x00, 0x10, 0x00, 0x08, 0x00, 0x00, 0x00, 0x7f, 0x00, 0x20, 0x00, 0x20, 0x00, 0x3c, 0x00,
	0x20, 0x00, 0x20, 0x00, 0x20, 0x00, 0x7f, 0x00, 0x00, 0x00, 0x00, 0x00, 0x00, 0x00, 0x02, 0x00,
	0x04, 0x00, 0x08, 0x00, 0x00, 0x00, 0x7f, 0x00, 0x20, 0x00, 0x20, 0x00, 0x3c, 0x00, 0x20, 0x00,
	0x20, 0x00, 0x20, 0x00, 0x7f, 0x00, 0x00, 0x00, 0x00, 0x00, 0x00, 0x00, 0x08, 0x00, 0x14, 0x00,
	0x22, 0x00, 0x00, 0x00, 0x7f, 0x00, 0x20, 0x00, 0x20, 0x00, 0x3c, 0x00, 0x20, 0x00, 0x20, 0x00,
	0x20, 0x00, 0x7f, 0x00, 0x00, 0x00, 0x00, 0x00, 0x00, 0x00, 0x00, 0x00, 0x22, 0x00, 0x22, 0x00,
	0x00, 0x00, 0x7f, 0x00, 0x20, 0x00, 0x20, 0x00, 0x3c, 0x00, 0x20, 0x00, 0x20, 0x00, 0x20, 0x00,
	0x7f, 0x00, 0x00, 0x00, 0x00, 0x00, 0x00, 0x00, 0x20, 0x00, 0x10, 0x00, 0x08, 0x00, 0x00, 0x00,
	0x3e, 0x00, 0x08, 0x00, 0x08, 0x00, 0x08, 0x00, 0x08, 0x00, 0x08, 0x00, 0x08, 0x00, 0x3e, 0x00,
	0x00, 0x00, 0x00, 0x00, 0x00, 0x00, 0x02, 0x00, 0x04, 0x00, 0x08, 0x00, 0x00, 0x00, 0x3e, 0x00,
	0x08, 0x00, 0x08, 0x00, 0x08, 0x00, 0x08, 0x00, 0x08, 0x00, 0x08, 0x00, 0x3e, 0x00, 0x00, 0x00,
	0x00, 0x00, 0x00, 0x00, 0x08, 0x00, 0x14, 0x00, 0x22, 0x00, 0x00, 0x00, 0x3e, 0x00, 0x08, 0x00,
	0x08, 0x00, 0x08, 0x00, 0x08, 0x00, 0x08, 0x00, 0x08, 0x00, 0x3e, 0x00, 0x00, 0x00, 0x00, 0x00,
	0x00, 0x00, 0x00, 0x00, 0x22, 0x00, 0x22, 0x00, 0x00, 0x00, 0x3e, 0x00, 0x08, 0x00, 0x08, 0x00,
	0x08, 0x00, 0x08, 0x00, 0x08, 0x00, 0x08, 0x00, 0x3e, 0x00, 0x00, 0x00, 0x00, 0x00, 0x00, 0x00,
	0x00, 0x00, 0x00, 0x00, 0x7c, 0x00, 0x42, 0x00, 0x41, 0x00, 0x41, 0x00, 0xe1, 0x00, 0x41, 0x00,
	0x41, 0x00, 0x41, 0x00, 0x42, 0x00, 0x7c, 0x00, 0x00, 0x00, 0x00, 0x00, 0x00, 0x00, 0x00, 0x00,
	0x31, 0x00, 0x4e, 0x00, 0x00, 0x00, 0x41, 0x00, 0x61, 0x00, 0x51, 0x00, 0x49, 0x00, 0x49, 0x00,
	0x45, 0x00, 0x43, 0x00, 0x41, 0x00, 0x00, 0x00, 0x00, 0x00, 0x00, 0x00, 0x20, 0x00, 0x10, 0x00,
	0x08, 0x00, 0x00, 0x00, 0x3e, 0x00, 0x41, 0x00, 0x41, 0x00, 0x41, 0x00, 0x41, 0x00, 0x41, 0x00,
	0x41, 0x00, 0x3e, 0x00, 0x00, 0x00, 0x00, 0x00, 0x00, 0x00, 0x02, 0x00, 0x04, 0x00, 0x08, 0x00,
	0x00, 0x00, 0x3e, 0x00, 0x41, 0x00, 0x41, 0x00, 0x41, 0x00, 0x41, 0x00, 0x41, 0x00, 0x41, 0x00,
	0x3e, 0x00, 0x00, 0x00, 0x00, 0x00, 0x00, 0x00, 0x08, 0x00, 0x14, 0x00, 0x22, 0x00, 0x00, 0x00,
	0x3e, 0x00, 0x41, 0x00, 0x41, 0x00, 0x41, 0x00, 0x41, 0x00, 0x41, 0x00, 0x41, 0x00, 0x3e, 0x00,
	0x00, 0x00, 0x00, 0x00, 0x00, 0x00, 0x00, 0x00, 0x31, 0x00, 0x4e, 0x00, 0x00, 0x00, 0x3e, 0x00,
	0x41, 0x00, 0x41, 0x00, 0x41, 0x00, 0x41, 0x00, 0x41, 0x00, 0x41, 0x00, 0x3e, 0x00, 0x00, 0x00,
	0x00, 0x00, 0x00, 0x00, 0x00, 0x00, 0x22, 0x00, 0x22, 0x00, 0x00, 0x00, 0x3e, 0x00, 0x41, 0x00,
	0x41, 0x00, 0x41, 0x00, 0x41, 0x00, 0x41, 0x00, 0x41, 0x00, 0x3e, 0x00, 0x00, 0x00, 0x00, 0x00,
	0x00, 0x00, 0x00, 0x00, 0x00, 0x00, 0x00, 0x00, 0x00, 0x00, 0x41, 0x00, 0x22, 0x00, 0x14, 0x00,
	0x08, 0x00, 0x14, 0x00, 0x22, 0x00, 0x41, 0x00, 0x00, 0x00, 0x00, 0x00, 0x00, 0x00, 0x00, 0x00,
	0x00, 0x00, 0x01, 0x00, 0x3e, 0x00, 0x43, 0x00, 0x45, 0x00, 0x45, 0x00, 0x49, 0x00, 0x49, 0x00,
	0x51, 0x00, 0x51, 0x00, 0x61, 0x00, 0x3e, 0x00, 0x40, 0x00, 0x00, 0x00, 0x00, 0x00, 0x20, 0x00,
	0x10, 0x00, 0x08, 0x00, 0x00, 0x00, 0x41, 0x00, 0x41, 0x00, 0x41, 0x00, 0x41, 0x00, 0x41, 0x00,
	0x41, 0x00, 0x41, 0x00, 0x3e, 0x00, 0x00, 0x00, 0x00, 0x00, 0x00, 0x00, 0x02, 0x00, 0x04, 0x00,
	0x08, 0x00, 0x00, 0x00, 0x41, 0x00, 0x41, 0x00, 0x41, 0x00, 0x41, 0x00, 0x41, 0x00, 0x41, 0x00,
	0x41, 0x00, 0x3e, 0x00, 0x00, 0x00, 0x00, 0x00, 0x00, 0x00, 0x08, 0x00, 0x14, 0x00, 0x22, 0x00,
	0x00, 0x00, 0x41, 0x00, 0x41, 0x00, 0x41, 0x00, 0x41, 0x00, 0x41, 0x00, 0x41, 0x00, 0x41, 0x00,
	0x3e, 0x00, 0x00, 0x00, 0x00, 0x00, 0x00, 0x00, 0x00, 0x00, 0x22, 0x00, 0x22, 0x00, 0x00, 0x00,
	0x41, 0x00, 0x41, 0x00, 0x41, 0x00, 0x41, 0x00, 0x41, 0x00, 0x41, 0x00, 0x41, 0x00, 0x3e, 0x00,
	0x00, 0x00, 0x00, 0x00, 0x00, 0x00, 0x02, 0x00, 0x04, 0x00, 0x08, 0x00, 0x00, 0x00, 0x41, 0x00,
	0x41, 0x00, 0x22, 0x00, 0x14, 0x00, 0x08, 0x00, 0x08, 0x00, 0x08, 0x00, 0x08, 0x00, 0x00, 0x00,
	0x00, 0x00, 0x00, 0x00, 0x00, 0x00, 0x00, 0x00, 0x40, 0x00, 0x40, 0x00, 0x7e, 0x00, 0x41, 0x00,
	0x41, 0x00, 0x41, 0x00, 0x7e, 0x00, 0x40, 0x00, 0x40, 0x00, 0x40, 0x00, 0x00, 0x00, 0x00, 0x00,
	0x00, 0x00, 0x00, 0x00, 0x00, 0x00, 0x1c, 0x00, 0x22, 0x00, 0x22, 0x00, 0x24, 0x00, 0x68, 0x00,
	0x24, 0x00, 0x22, 0x00, 0x22, 0x00, 0x22, 0x00, 0x2c, 0x00, 0x00, 0x00, 0x00, 0x00, 0x00, 0x00,
	0x00, 0x00, 0x10, 0x00, 0x08, 0x00, 0x04, 0x00, 0x00, 0x00, 0x3e, 0x00, 0x01, 0x00, 0x01, 0x00,
	0x3f, 0x00, 0x41, 0x00, 0x43, 0x00, 0x3d, 0x00, 0x00, 0x00, 0x00, 0x00, 0x00, 0x00, 0x00, 0x00,
	0x02, 0x00, 0x04, 0x00, 0x08, 0x00, 0x00, 0x00, 0x3e, 0x00, 0x01, 0x00, 0x01, 0x00, 0x3f, 0x00,
	0x41, 0x00, 0x43, 0x00, 0x3d, 0x00, 0x00, 0x00, 0x00, 0x00, 0x00, 0x00, 0x00, 0x00, 0x08, 0x00,
	0x14, 0x00, 0x22, 0x00, 0x00, 0x00, 0x3e, 0x00, 0x01, 0x00, 0x01, 0x00, 0x3f, 0x00, 0x41, 0x00,
	0x43, 0x00, 0x3d, 0x00, 0x00, 0x00, 0x00, 0x00, 0x00, 0x00, 0x00, 0x00, 0x00, 0x00, 0x19, 0x00,
	0x26, 0x00, 0x00, 0x00, 0x3e, 0x00, 0x01, 0x00, 0x01, 0x00, 0x3f, 0x00, 0x41, 0x00, 0x43, 0x00,
	0x3d, 0x00, 0x00, 0x00, 0x00, 0x00, 0x00, 0x00, 0x00, 0x00, 0x00, 0x00, 0x22, 0x00, 0x22, 0x00,
	0x00, 0x00, 0x3e, 0x00, 0x01, 0x00, 0x01, 0x00, 0x3f, 0x00, 0x41, 0x00, 0x43, 0x00, 0x3d, 0x00,
	0x00, 0x00, 0x00, 0x00, 0x00, 0x00, 0x00, 0x00, 0x0c, 0x00, 0x12, 0x00, 0x0c, 0x00, 0x00, 0x00,
	0x3e, 0x00, 0x01, 0x00, 0x01, 0x00, 0x3f, 0x00, 0x41, 0x00, 0x43, 0x00, 0x3d, 0x00, 0x00, 0x00,
	0x00, 0x00, 0x00, 0x00, 0x00, 0x00, 0x00, 0x00, 0x00, 0x00, 0x00, 0x00, 0x00, 0x00, 0x36, 0x00,
	0x49, 0x00, 0x09, 0x00, 0x3e, 0x00, 0x48, 0x00, 0x49, 0x00, 0x37, 0x00, 0x00, 0x00, 0x00, 0x00,
	0x00, 0x00, 0x00, 0x00, 0x00, 0x00, 0x00, 0x00, 0x00, 0x00, 0x00, 0x00, 0x3e, 0x00, 0x41, 0x00,
	0x40, 0x00, 0x40, 0x00, 0x40, 0x00, 0x41, 0x00, 0x3e, 0x00, 0x0c, 0x00, 0x24, 0x00, 0x18, 0x00,
	0x00, 0x00, 0x20, 0x00, 0x10, 0x00, 0x08, 0x00, 0x00, 0x00, 0x3e, 0x00, 0x41, 0x00, 0x41, 0x00,
	0x7f, 0x00, 0x40, 0x00, 0x40, 0x00, 0x3e, 0x00, 0x00, 0x00, 0x00, 0x00, 0x00, 0x00, 0x00, 0x00,
	0x02, 0x00, 0x04, 0x00, 0x08, 0x00, 0x00, 0x00, 0x3e, 0x00, 0x41, 0x00, 0x41, 0x00, 0x7f, 0x00,
	0x40, 0x00, 0x40, 0x00, 0x3e, 0x00, 0x00, 0x00, 0x00, 0x00, 0x00, 0x00, 0x00, 0x00, 0x08, 0x00,
	0x14, 0x00, 0x22, 0x00, 0x00, 0x00, 0x3e, 0x00, 0x41, 0x00, 0x41, 0x00, 0x7f, 0x00, 0x40, 0x00,
	0x40, 0x00, 0x3e, 0x00, 0x00, 0x00, 0x00, 0x00, 0x00, 0x00, 0x00, 0x00, 0x00, 0x00, 0x22, 0x00,
	0x22, 0x00, 0x00, 0x00, 0x3e, 0x00, 0x41, 0x00, 0x41, 0x00, 0x7f, 0x00, 0x40, 0x00, 0x40, 0x00,
	0x3e, 0x00, 0x00, 0x00, 0x00, 0x00, 0x00, 0x00, 0x00, 0x00, 0x20, 0x00, 0x10, 0x00, 0x08, 0x00,
	0x00, 0x00, 0x38, 0x00, 0x08, 0x00, 0x08, 0x00, 0x08, 0x00, 0x08, 0x00, 0x08, 0x00, 0x3e, 0x00,
	0x00, 0x00, 0x00, 0x00, 0x00, 0x00, 0x00, 0x00, 0x04, 0x00, 0x08, 0x00, 0x10, 0x00, 0x00, 0x00,
	0x38, 0x00, 0x08, 0x00, 0x08, 0x00, 0x08, 0x00, 0x08, 0x00, 0x08, 0x00, 0x3e, 0x00, 0x00, 0x00,
	0x00, 0x00, 0x00, 0x00, 0x00, 0x00, 0x10, 0x00, 0x28, 0x00, 0x44, 0x00, 0x00, 0x00, 0x38, 0x00,
	0x08, 0x00, 0x08, 0x00, 0x08, 0x00, 0x08, 0x00, 0x08, 0x00, 0x3e, 0x00, 0x00, 0x00, 0x00, 0x00,
	0x00, 0x00, 0x00, 0x00, 0x00, 0x00, 0x24, 0x00, 0x24, 0x00, 0x00, 0x00, 0x38, 0x00, 0x08, 0x00,
	0x08, 0x00, 0x08, 0x00, 0x08, 0x00, 0x08, 0x00, 0x3e, 0x00, 0x00, 0x00, 0x00, 0x00, 0x00, 0x00,
	0x00, 0x00, 0x24, 0x00, 0x18, 0x00, 0x28, 0x00, 0x04, 0x00, 0x3e, 0x00, 0x41, 0x00, 0x41, 0x00,
	0x41, 0x00, 0x41, 0x00, 0x41, 0x00, 0x3e, 0x00, 0x00, 0x00, 0x00, 0x00, 0x00, 0x00, 0x00, 0x00,
	0x00, 0x00, 0x31, 0x00, 0x4e, 0x00, 0x00, 0x00, 0x5e, 0x00, 0x61, 0x00, 0x41, 0x00, 0x41, 0x00,
	0x41, 0x00, 0x41, 0x00, 0x41, 0x00, 0x00, 0x00, 0x00, 0x00, 0x00, 0x00, 0x00, 0x00, 0x20, 0x00,
	0x10, 0x00, 0x08, 0x00, 0x00, 0x00, 0x3e, 0x00, 0x41, 0x00, 0x41, 0x00, 0x41, 0x00, 0x41, 0x00,
	0x41, 0x00, 0x3e, 0x00, 0x00, 0x00, 0x00, 0x00, 0x00, 0x00, 0x00, 0x00, 0x02, 0x00, 0x04, 0x00,
	0x08, 0x00, 0x00, 0x00, 0x3e, 0x00, 0x41, 0x00, 0x41, 0x00, 0x41, 0x00, 0x41, 0x00, 0x41, 0x00,
	0x3e, 0x00, 0x00, 0x00, 0x00, 0x00, 0x00, 0x00, 0x00, 0x00, 0x08, 0x00, 0x14, 0x00, 0x22, 0x00,
	0x00, 0x00, 0x3e, 0x00, 0x41, 0x00, 0x41, 0x00, 0x41, 0x00, 0x41, 0x00, 0x41, 0x00, 0x3e, 0x00,
	0x00, 0x00, 0x00, 0x00, 0x00, 0x00, 0x00, 0x00, 0x00, 0x00, 0x31, 0x00, 0x4e, 0x00, 0x00, 0x00,
	0x3e, 0x00, 0x41, 0x00, 0x41, 0x00, 0x41, 0x00, 0x41, 0x00, 0x41, 0x00, 0x3e, 0x00, 0x00, 0x00,
	0x00, 0x00, 0x00, 0x00, 0x00, 0x00, 0x00, 0x00, 0x22, 0x00, 0x22, 0x00, 0x00, 0x00, 0x3e, 0x00,
	0x41, 0x00, 0x41, 0x00, 0x41, 0x00, 0x41, 0x00, 0x41, 0x00, 0x3e, 0x00, 0x00, 0x00, 0x00, 0x00,
	0x00, 0x00, 0x00, 0x00, 0x00, 0x00, 0x00, 0x00, 0x08, 0x00, 0x1c, 0x00, 0x08, 0x00, 0x00, 0x00,
	0x7f, 0x00, 0x00, 0x00, 0x08, 0x00, 0x1c, 0x00, 0x08, 0x00, 0x00, 0x00, 0x00, 0x00, 0x00, 0x00,
	0x00, 0x00, 0x00, 0x00, 0x00, 0x00, 0x00, 0x00, 0x01, 0x00, 0x3e, 0x00, 0x45, 0x00, 0x45, 0x00,
	0x49, 0x00, 0x51, 0x00, 0x51, 0x00, 0x3e, 0x00, 0x40, 0x00, 0x00, 0x00, 0x00, 0x00, 0x00, 0x00,
	0x20, 0x00, 0x10, 0x00, 0x08, 0x00, 0x00, 0x00, 0x42, 0x00, 0x42, 0x00, 0x42, 0x00, 0x42, 0x00,
	0x42, 0x00, 0x42, 0x00, 0x3d, 0x00, 0x00, 0x00, 0x00, 0x00, 0x00, 0x00, 0x00, 0x00, 0x02, 0x00,
	0x04, 0x00, 0x08, 0x00, 0x00, 0x00, 0x42, 0x00, 0x42, 0x00, 0x42, 0x00, 0x42, 0x00, 0x42, 0x00,
	0x42, 0x00, 0x3d, 0x00, 0x00, 0x00, 0x00, 0x00, 0x00, 0x00, 0x00, 0x00, 0x08, 0x00, 0x14, 0x00,
	0x22, 0x00, 0x00, 0x00, 0x42, 0x00, 0x42, 0x00, 0x42, 0x00, 0x42, 0x00, 0x42, 0x00, 0x42, 0x00,
	0x3d, 0x00, 0x00, 0x00, 0x00, 0x00, 0x00, 0x00, 0x00, 0x00, 0x00, 0x00, 0x24, 0x00, 0x24, 0x00,
	0x00, 0x00, 0x42, 0x00, 0x42, 0x00, 0x42, 0x00, 0x42, 0x00, 0x42, 0x00, 0x42, 0x00, 0x3d, 0x00,
	0x00, 0x00, 0x00, 0x00, 0x00, 0x00, 0x00, 0x00, 0x04, 0x00, 0x08, 0x00, 0x10, 0x00, 0x00, 0x00,
	0x42, 0x00, 0x42, 0x00, 0x42, 0x00, 0x42, 0x00, 0x42, 0x00, 0x46, 0x00, 0x3a, 0x00, 0x02, 0x00,
	0x42, 0x00, 0x3c, 0x00, 0x00, 0x00, 0x00, 0x00, 0x00, 0x00, 0x40, 0x00, 0x40, 0x00, 0x40, 0x00,
	0x5e, 0x00, 0x61, 0x00, 0x41, 0x00, 0x41, 0x00, 0x61, 0x00, 0x5e, 0x00, 0x40, 0x00, 0x40, 0x00,
	0x40, 0x00, 0x00, 0x00, 0x00, 0x00, 0x24, 0x00, 0x24, 0x00, 0x00, 0x00, 0x42, 0x00, 0x42, 0x00,
	0x42, 0x00, 0x42, 0x00, 0x42, 0x00, 0x46, 0x00, 0x3a, 0x00, 0x02, 0x00, 0x42, 0x00, 0x3c, 0x00,
};

static const unsigned char xfb_5x8[] = {
	0x00, 0xa0, 0x10, 0x80, 0x10, 0x80, 0x50, 0x00, 0x00, 0x00, 0x20, 0x70, 0xf8, 0x70, 0x20, 0x00,
	0x50, 0xa8, 0x50, 0xa8, 0x50, 0xa8, 0x50, 0xa8, 0xa0, 0xa0, 0xe0, 0xa0, 0xa0, 0x70, 0x20, 0x20,
	0xe0, 0x80, 0xc0, 0xb8, 0xa0, 0x30, 0x20, 0x20, 0x60, 0x80, 0x80, 0x60, 0x30, 0x28, 0x30, 0x28,
	0x80, 0x80, 0x80, 0xe0, 0x38, 0x20, 0x30, 0x20, 0x00, 0x20, 0x50, 0x20, 0x00, 0x00, 0x00, 0x00,
	0x00, 0x00, 0x20, 0x70, 0x20, 0x00, 0x70, 0x00, 0x90, 0xd0, 0xb0, 0x90, 0x20, 0x20, 0x20, 0x38,
	0xa0, 0xa0, 0xa0, 0x40, 0x38, 0x10, 0x10, 0x10, 0x20, 0x20, 0x20, 0xe0, 0x00, 0x00, 0x00, 0x00,
	0x00, 0x00, 0x00, 0xe0, 0x20, 0x20, 0x20, 0x20, 0x00, 0x00, 0x00, 0x38, 0x20, 0x20, 0x20, 0x20,
	0x20, 0x20, 0x20, 0x38, 0x00, 0x00, 0x00, 0x00, 0x20, 0x20, 0x20, 0xf8, 0x20, 0x20, 0x20, 0x20,
	0xf8, 0x00, 0x00, 0x00, 0x00, 0x00, 0x00, 0x00, 0x00, 0xf8, 0x00, 0x00, 0x00, 0x00, 0x00, 0x00,
	0x00, 0x00, 0x00, 0xf8, 0x00, 0x00, 0x00, 0x00, 0x00, 0x00, 0x00, 0x00, 0x00, 0x00, 0xf8, 0x00,
	0x00, 0x00, 0x00, 0x00, 0x00, 0x00, 0x00, 0xf8, 0x20, 0x20, 0x20, 0x38, 0x20, 0x20, 0x20, 0x20,
	0x20, 0x20, 0x20, 0xe0, 0x20, 0x20, 0x20, 0x20, 0x20, 0x20, 0x20, 0xf8, 0x00, 0x00, 0x00, 0x00,
	0x00, 0x00, 0x00, 0xf8, 0x20, 0x20, 0x20, 0x20, 0x20, 0x20, 0x20, 0x20, 0x20, 0x20, 0x20, 0x20,
	0x00, 0x10, 0x20, 0x40, 0x20, 0x10, 0x70, 0x00, 0x00, 0x40, 0x20, 0x10, 0x20, 0x40, 0x70, 0x00,
	0x00, 0x00, 0x00, 0xf8, 0x50, 0x50, 0x50, 0x00, 0x00, 0x00, 0x20, 0xf0, 0x60, 0xf0, 0x40, 0x00,
	0x00, 0x20, 0x50, 0xe0, 0x40, 0x50, 0xa0, 0x00, 0x00, 0x00, 0x00, 0x00, 0x20, 0x00, 0x00, 0x00,
	0x00, 0x00, 0x00, 0x00, 0x00, 0x00, 0x00, 0x00, 0x00, 0x20, 0x20, 0x20, 0x20, 0x00, 0x20, 0x00,
	0x00, 0x50, 0x50, 0x50, 0x00, 0x00, 0x00, 0x00, 0x50, 0x50, 0xf8, 0x50, 0xf8, 0x50, 0x50, 0x00,
	0x20, 0x70, 0xa0, 0x70, 0x28, 0x70, 0x20, 0x00, 0x00, 0x40, 0x50, 0x20, 0x50, 0x10, 0x00, 0x00,
	0x40, 0xa0, 0xa0, 0x40, 0xa0, 0xa0, 0x50, 0x00, 0x00, 0x20, 0x20, 0x20, 0x00, 0x00, 0x00, 0x00,
	0x00, 0x20, 0x40, 0x40, 0x40, 0x40, 0x20, 0x00, 0x00, 0x40, 0x20, 0x20, 0x20, 0x20, 0x40, 0x00,
	0x00, 0x00, 0x90, 0x60, 0xf0, 0x60, 0x90, 0x00, 0x00, 0x00, 0x20, 0x20, 0xf8, 0x20, 0x20, 0x00,
	0x00, 0x00, 0x00, 0x00, 0x00, 0x30, 0x20, 0x40, 0x00, 0x00, 0x00, 0x00, 0xf0, 0x00, 0x00, 0x00,
	0x00, 0x00, 0x00, 0x00, 0x00, 0x20, 0x70, 0x20, 0x00, 0x10, 0x10, 0x20, 0x40, 0x80, 0x80, 0x00,
	0x00, 0x20, 0x50, 0x50, 0x50, 0x50, 0x20, 0x00, 0x00, 0x20, 0x60, 0x20, 0x20, 0x20, 0x70, 0x00,
	0x00, 0x60, 0x90, 0x10, 0x60, 0x80, 0xf0, 0x00, 0x00, 0xf0, 0x20, 0x60, 0x10, 0x90, 0x60, 0x00,
	0x00, 0x20, 0x60, 0xa0, 0xf0, 0x20, 0x20, 0x00, 0x00, 0xf0, 0x80, 0xe0, 0x10, 0x90, 0x60, 0x00,
	0x00, 0x60, 0x80, 0xe0, 0x90, 0x90, 0x60, 0x00, 0x00, 0xf0, 0x10, 0x20, 0x20, 0x40, 0x40, 0x00,
	0x00, 0x60, 0x90, 0x60, 0x90, 0x90, 0x60, 0x00, 0x00, 0x60, 0x90, 0x90, 0x70, 0x10, 0x60, 0x00,
	0x00, 0x00, 0x60, 0x60, 0x00, 0x60, 0x60, 0x00, 0x00, 0x00, 0x30, 0x30, 0x00, 0x30, 0x20, 0x40,
	0x00, 0x10, 0x20, 0x40, 0x40, 0x20, 0x10, 0x00, 0x00, 0x00, 0x00, 0xf0, 0x00, 0xf0, 0x00, 0x00,
	0x00, 0x40, 0x20, 0x10, 0x10, 0x20, 0x40, 0x00, 0x00, 0x20, 0x50, 0x10, 0x20, 0x00, 0x20, 0x00,
	0x30, 0x48, 0x98, 0xa8, 0xa8, 0x90, 0x40, 0x30, 0x00, 0x60, 0x90, 0x90, 0xf0, 0x90, 0x90, 0x00,
	0x00, 0xe0, 0x90, 0xe0, 0x90, 0x90, 0xe0, 0x00, 0x00, 0x60, 0x90, 0x80, 0x80, 0x90, 0x60, 0x00,
	0x00, 0xe0, 0x90, 0x90, 0x90, 0x90, 0xe0, 0x00, 0x00, 0xf0, 0x80, 0xe0, 0x80, 0x80, 0xf0, 0x00,
	0x00, 0xf0, 0x80, 0xe0, 0x80, 0x80, 0x80, 0x00, 0x00, 0x60, 0x90, 0x80, 0xb0, 0x90, 0x60, 0x00,
	0x00, 0x90, 0x90, 0xf0, 0x90, 0x90, 0x90, 0x00, 0x00, 0x70, 0x20, 0x20, 0x20, 0x20, 0x70, 0x00,
	0x00, 0x70, 0x20, 0x20, 0x20, 0xa0, 0x40, 0x00, 0x00, 0x90, 0xa0, 0xc0, 0xa0, 0xa0, 0x90, 0x00,
	0x00, 0x80, 0x80, 0x80, 0x80, 0x80, 0xf0, 0x00, 0x00, 0x90, 0xf0, 0xf0, 0x90, 0x90, 0x90, 0x00,
	0x00, 0x90, 0xd0, 0xf0, 0xb0, 0xb0, 0x90, 0x00, 0x00, 0x60, 0x90, 0x90, 0x90, 0x90, 0x60, 0x00,
	0x00, 0xe0, 0x90, 0x90, 0xe0, 0x80, 0x80, 0x00, 0x00, 0x60, 0x90, 0x90, 0xd0, 0xb0, 0x60, 0x10,
	0x00, 0xe0, 0x90, 0x90, 0xe0, 0x90, 0x90, 0x00, 0x00, 0x60, 0x90, 0x40, 0x20, 0x90, 0x60, 0x00,
	0x00, 0x70, 0x20, 0x20, 0x20, 0x20, 0x20, 0x00, 0x00, 0x90, 0x90, 0x90, 0x90, 0x90, 0x60, 0x00,
	0x00, 0x90, 0x90, 0x90, 0x90, 0x60, 0x60, 0x00, 0x00, 0x90, 0x90, 0x90, 0xf0, 0xf0, 0x90, 0x00,
	0x00, 0x90, 0x90, 0x60, 0x60, 0x90, 0x90, 0x00, 0x00, 0x88, 0x88, 0x50, 0x20, 0x20, 0x20, 0x00,
	0x00, 0xf0, 0x10, 0x20, 0x40, 0x80, 0xf0, 0x00, 0x00, 0x70, 0x40, 0x40, 0x40, 0x40, 0x70, 0x00,
	0x00, 0x80, 0x80, 0x40, 0x20, 0x10, 0x10, 0x00, 0x00, 0x70, 0x10, 0x10, 0x10, 0x10, 0x70, 0x00,
	0x00, 0x20, 0x50, 0x00, 0x00, 0x00, 0x00, 0x00, 0x00, 0x00, 0x00, 0x00, 0x00, 0x00, 0x00, 0xf0,
	0x00, 0x40, 0x20, 0x00, 0x00, 0x00, 0x00, 0x00, 0x00, 0x00, 0x00, 0x70, 0x90, 0x90, 0x70, 0x00,
	0x00, 0x80, 0x80, 0xe0, 0x90, 0x90, 0xe0, 0x00, 0x00, 0x00, 0x00, 0x30, 0x40, 0x40, 0x30, 0x00,
	0x00, 0x10, 0x10, 0x70, 0x90, 0x90, 0x70, 0x00, 0x00, 0x00, 0x00, 0x60, 0xb0, 0xc0, 0x60, 0x00,
	0x00, 0x20, 0x50, 0x40, 0xe0, 0x40, 0x40, 0x00, 0x00, 0x00, 0x00, 0x60, 0x90, 0x70, 0x10, 0x60,
	0x00, 0x80, 0x80, 0xe0, 0x90, 0x90, 0x90, 0x00, 0x00, 0x20, 0x00, 0x60, 0x20, 0x20, 0x70, 0x00,
	0x00, 0x10, 0x00, 0x10, 0x10, 0x10, 0x50, 0x20, 0x00, 0x80, 0x80, 0x90, 0xe0, 0x90, 0x90, 0x00,
	0x00, 0x60, 0x20, 0x20, 0x20, 0x20, 0x70, 0x00, 0x00, 0x00, 0x00, 0xd0, 0xa8, 0xa8, 0xa8, 0x00,
	0x00, 0x00, 0x00, 0xe0, 0x90, 0x90, 0x90, 0x00, 0x00, 0x00, 0x00, 0x60, 0x90, 0x90, 0x60, 0x00,
	0x00, 0x00, 0x00, 0xe0, 0x90, 0xe0, 0x80, 0x80, 0x00, 0x00, 0x00, 0x70, 0x90, 0x70, 0x10, 0x10,
	0x00, 0x00, 0x00, 0xa0, 0xd0, 0x80, 0x80, 0x00, 0x00, 0x00, 0x00, 0x30, 0x60, 0x10, 0x60, 0x00,
	0x00, 0x40, 0x40, 0xe0, 0x40, 0x50, 0x20, 0x00, 0x00, 0x00, 0x00, 0x90, 0x90, 0x90, 0x70, 0x00,
	0x00, 0x00, 0x00, 0x50, 0x50, 0x50, 0x20, 0x00, 0x00, 0x00, 0x00, 0x88, 0xa8, 0xa8, 0x50, 0x00,
	0x00, 0x00, 0x00, 0x90, 0x60, 0x60, 0x90, 0x00, 0x00, 0x00, 0x00, 0x90, 0x90, 0x70, 0x90, 0x60,
	0x00, 0x00, 0x00, 0xf0, 0x20, 0x40, 0xf0, 0x00, 0x30, 0x40, 0x20, 0xc0, 0x20, 0x40, 0x30, 0x00,
	0x00, 0x20, 0x20, 0x20, 0x20, 0x20, 0x20, 0x00, 0xc0, 0x20, 0x40, 0x30, 0x40, 0x20, 0xc0, 0x00,
	0x00, 0x50, 0xa0, 0x00, 0x00, 0x00, 0x00, 0x00, 0x00, 0x00, 0x00, 0x00, 0x00, 0x00, 0x00, 0x00,
	0x00, 0x00, 0x00, 0x00, 0x00, 0x00, 0x00, 0x00, 0x00, 0x00, 0x00, 0x00, 0x00, 0x00, 0x00, 0x00,
	0x00, 0x00, 0x00, 0x00, 0x00, 0x00, 0x00, 0x00, 0x00, 0x00, 0x00, 0x00, 0x00, 0x00, 0x00, 0x00,
	0x00, 0x00, 0x00, 0x00, 0x00, 0x00, 0x00, 0x00, 0x00, 0x00, 0x00, 0x00, 0x00, 0x00, 0x00, 0x00,
	0x00, 0x00, 0x00, 0x00, 0x00, 0x00, 0x00, 0x00, 0x00, 0x00, 0x00, 0x00, 0x00, 0x00, 0x00, 0x00,
	0x00, 0x00, 0x00, 0x00, 0x00, 0x00, 0x00, 0x00, 0x00, 0x00, 0x00, 0x00, 0x00, 0x00, 0x00, 0x00,
	0x00, 0x00, 0x00, 0x00, 0x00, 0x00, 0x00, 0x00, 0x00, 0x00, 0x00, 0x00, 0x00, 0x00, 0x00, 0x00,
	0x00, 0x00, 0x00, 0x00, 0x00, 0x00, 0x00, 0x00, 0x00, 0x00, 0x00, 0x00, 0x00, 0x00, 0x00, 0x00,
	0x00, 0x00, 0x00, 0x00, 0x00, 0x00, 0x00, 0x00, 0x00, 0x00, 0x00, 0x00, 0x00, 0x00, 0x00, 0x00,
	0x00, 0x00, 0x00, 0x00, 0x00, 0x00, 0x00, 0x00, 0x00, 0x00, 0x00, 0x00, 0x00, 0x00, 0x00, 0x00,
	0x00, 0x00, 0x00, 0x00, 0x00, 0x00, 0x00, 0x00, 0x00, 0x00, 0x00, 0x00, 0x00, 0x00, 0x00, 0x00,
	0x00, 0x00, 0x00, 0x00, 0x00, 0x00, 0x00, 0x00, 0x00, 0x00, 0x00, 0x00, 0x00, 0x00, 0x00, 0x00,
	0x00, 0x00, 0x00, 0x00, 0x00, 0x00, 0x00, 0x00, 0x00, 0x00, 0x00, 0x00, 0x00, 0x00, 0x00, 0x00,
	0x00, 0x00, 0x00, 0x00, 0x00, 0x00, 0x00, 0x00, 0x00, 0x00, 0x00, 0x00, 0x00, 0x00, 0x00, 0x00,
	0x00, 0x00, 0x00, 0x00, 0x00, 0x00, 0x00, 0x00, 0x00, 0x00, 0x00, 0x00, 0x00, 0x00, 0x00, 0x00,
	0x00, 0x00, 0x00, 0x00, 0x00, 0x00, 0x00, 0x00, 0x00, 0x00, 0x00, 0x00, 0x00, 0x00, 0x00, 0x00,
	0x00, 0x00, 0x00, 0x00, 0x00, 0x00, 0x00, 0x00, 0x00, 0x00, 0x00, 0x00, 0x00, 0x00, 0x00, 0x00,
	0x00, 0x00, 0x00, 0x00, 0x00, 0x00, 0x00, 0x00, 0x00, 0x20, 0x00, 0x20, 0x20, 0x20, 0x20, 0x00,
	0x00, 0x00, 0x20, 0x70, 0xa0, 0xa0, 0x70, 0x20, 0x00, 0x20, 0x50, 0xe0, 0x40, 0x50, 0xa0, 0x00,
	0x00, 0x00, 0x88, 0x70, 0x50, 0x70, 0x88, 0x00, 0x00, 0x88, 0x50, 0xf8, 0x20, 0xf8, 0x20, 0x00,
	0x20, 0x20, 0x20, 0x00, 0x20, 0x20, 0x20, 0x00, 0x70, 0x80, 0xe0, 0x90, 0x70, 0x10, 0xe0, 0x00,
	0x00, 0x50, 0x00, 0x00, 0x00, 0x00, 0x00, 0x00, 0x00, 0x70, 0xa8, 0xc8, 0xc8, 0xa8, 0x70, 0x00,
	0x30, 0x50, 0x30, 0x00, 0x70, 0x00, 0x00, 0x00, 0x00, 0x00, 0x00, 0x50, 0xa0, 0x50, 0x00, 0x00,
	0x00, 0x00, 0x00, 0x00, 0x70, 0x10, 0x10, 0x00, 0x00, 0x00, 0x00, 0x00, 0x70, 0x00, 0x00, 0x00,
	0x00, 0x70, 0xe8, 0xd8, 0xe8, 0xd8, 0x70, 0x00, 0x00, 0x70, 0x00, 0x00, 0x00, 0x00, 0x00, 0x00,
	0x00, 0x20, 0x50, 0x20, 0x00, 0x00, 0x00, 0x00, 0x00, 0x00, 0x20, 0x70, 0x20, 0x00, 0x70, 0x00,
	0x20, 0x50, 0x10, 0x20, 0x70, 0x00, 0x00, 0x00, 0x60, 0x10, 0x60, 0x10, 0x60, 0x00, 0x00, 0x00,
	0x00, 0x20, 0x40, 0x00, 0x00, 0x00, 0x00, 0x00, 0x00, 0x00, 0x00, 0x90, 0x90, 0x90, 0xe0, 0x80,
	0x00, 0x78, 0xe8, 0xe8, 0x68, 0x28, 0x28, 0x00, 0x00, 0x00, 0x00, 0x00, 0x20, 0x00, 0x00, 0x00,
	0x00, 0x00, 0x00, 0x00, 0x00, 0x00, 0x20, 0x40, 0x20, 0x60, 0x20, 0x20, 0x70, 0x00, 0x00, 0x00,
	0x20, 0x50, 0x20, 0x00, 0x70, 0x00, 0x00, 0x00, 0x00, 0x00, 0x00, 0xa0, 0x50, 0xa0, 0x00, 0x00,
	0x80, 0x80, 0x80, 0xa0, 0x60, 0xf0, 0x20, 0x00, 0x80, 0x80, 0xa0, 0xd0, 0x10, 0x20, 0x70, 0x00,
	0x80, 0x40, 0x80, 0x60, 0xa0, 0xf0, 0x20, 0x00, 0x00, 0x20, 0x00, 0x20, 0x40, 0x50, 0x20, 0x00,
	0x40, 0x20, 0x60, 0x90, 0xf0, 0x90, 0x90, 0x00, 0x20, 0x40, 0x60, 0x90, 0xf0, 0x90, 0x90, 0x00,
	0x60, 0x90, 0x60, 0x90, 0xf0, 0x90, 0x90, 0x00, 0x50, 0xa0, 0x60, 0x90, 0xf0, 0x90, 0x90, 0x00,
	0x90, 0x00, 0x60, 0x90, 0xf0, 0x90, 0x90, 0x00, 0x60, 0x90, 0x60, 0x90, 0xf0, 0x90, 0x90, 0x00,
	0x00, 0x70, 0xa0, 0xa0, 0xf0, 0xa0, 0xb0, 0x00, 0x00, 0x60, 0x90, 0x80, 0x80, 0x90, 0x60, 0x40,
	0x40, 0x20, 0xf0, 0x80, 0xe0, 0x80, 0xf0, 0x00, 0x20, 0x40, 0xf0, 0x80, 0xe0, 0x80, 0xf0, 0x00,
	0x60, 0x90, 0xf0, 0x80, 0xe0, 0x80, 0xf0, 0x00, 0x90, 0x00, 0xf0, 0x80, 0xe0, 0x80, 0xf0, 0x00,
	0x40, 0x20, 0x70, 0x20, 0x20, 0x20, 0x70, 0x00, 0x10, 0x20, 0x70, 0x20, 0x20, 0x20, 0x70, 0x00,
	0x20, 0x50, 0x70, 0x20, 0x20, 0x20, 0x70, 0x00, 0x50, 0x00, 0x70, 0x20, 0x20, 0x20, 0x70, 0x00,
	0x00, 0x70, 0x48, 0xe8, 0x48, 0x48, 0x70, 0x00, 0x50, 0xa0, 0x90, 0xd0, 0xb0, 0x90, 0x90, 0x00,
	0x40, 0x20, 0x60, 0x90, 0x90, 0x90, 0x60, 0x00, 0x20, 0x40, 0x60, 0x90, 0x90, 0x90, 0x60, 0x00,
	0x60, 0x90, 0x60, 0x90, 0x90, 0x90, 0x60, 0x00, 0x50, 0xa0, 0x60, 0x90, 0x90, 0x90, 0x60, 0x00,
	0x90, 0x00, 0x60, 0x90, 0x90, 0x90, 0x60, 0x00, 0x00, 0x00, 0x00, 0x00, 0x50, 0x20, 0x50, 0x00,
	0x00, 0x70, 0xb0, 0xb0, 0xd0, 0xd0, 0xe0, 0x00, 0x40, 0x20, 0x90, 0x90, 0x90, 0x90, 0x60, 0x00,
	0x20, 0x40, 0x90, 0x90, 0x90, 0x90, 0x60, 0x00, 0x60, 0x90, 0x90, 0x90, 0x90, 0x90, 0x60, 0x00,
	0x90, 0x00, 0x90, 0x90, 0x90, 0x90, 0x60, 0x00, 0x10, 0x20, 0x88, 0x50, 0x20, 0x20, 0x20, 0x00,
	0x00, 0x80, 0xe0, 0x90, 0x90, 0xe0, 0x80, 0x00, 0x00, 0x60, 0x90, 0xa0, 0xa0, 0x90, 0xa0, 0x00,
	0x40, 0x20, 0x00, 0x70, 0x90, 0x90, 0x70, 0x00, 0x20, 0x40, 0x00, 0x70, 0x90, 0x90, 0x70, 0x00,
	0x20, 0x50, 0x00, 0x70, 0x90, 0x90, 0x70, 0x00, 0x50, 0xa0, 0x00, 0x70, 0x90, 0x90, 0x70, 0x00,
	0x00, 0x50, 0x00, 0x70, 0x90, 0x90, 0x70, 0x00, 0x60, 0x90, 0x60, 0x70, 0x90, 0x90, 0x70, 0x00,
	0x00, 0x00, 0x00, 0xf0, 0x68, 0xb0, 0x78, 0x00, 0x00, 0x00, 0x00, 0x30, 0x40, 0x40, 0x30, 0x20,
	0x40, 0x20, 0x00, 0x60, 0xb0, 0xc0, 0x60, 0x00, 0x20, 0x40, 0x00, 0x60, 0xb0, 0xc0, 0x60, 0x00,
	0x60, 0x90, 0x00, 0x60, 0xb0, 0xc0, 0x60, 0x00, 0x00, 0x50, 0x00, 0x60, 0xb0, 0xc0, 0x60, 0x00,
	0x40, 0x20, 0x00, 0x60, 0x20, 0x20, 0x70, 0x00, 0x10, 0x20, 0x00, 0x60, 0x20, 0x20, 0x70, 0x00,
	0x20, 0x50, 0x00, 0x60, 0x20, 0x20, 0x70, 0x00, 0x00, 0x50, 0x00, 0x60, 0x20, 0x20, 0x70, 0x00,
	0xa0, 0x40, 0xa0, 0x10, 0x70, 0x90, 0x60, 0x00, 0x50, 0xa0, 0x00, 0xe0, 0x90, 0x90, 0x90, 0x00,
	0x40, 0x20, 0x00, 0x60, 0x90, 0x90, 0x60, 0x00, 0x20, 0x40, 0x00, 0x60, 0x90, 0x90, 0x60, 0x00,
	0x60, 0x90, 0x00, 0x60, 0x90, 0x90, 0x60, 0x00, 0x50, 0xa0, 0x00, 0x60, 0x90, 0x90, 0x60, 0x00,
	0x00, 0x90, 0x00, 0x60, 0x90, 0x90, 0x60, 0x00, 0x00, 0x00, 0x20, 0x00, 0x70, 0x00, 0x20, 0x00,
	0x00, 0x00, 0x00, 0x70, 0xb0, 0xd0, 0xe0, 0x00, 0x40, 0x20, 0x00, 0x90, 0x90, 0x90, 0x70, 0x00,
	0x20, 0x40, 0x00, 0x90, 0x90, 0x90, 0x70, 0x00, 0x60, 0x90, 0x00, 0x90, 0x90, 0x90, 0x70, 0x00,
	0x00, 0x90, 0x00, 0x90, 0x90, 0x90, 0x70, 0x00, 0x20, 0x40, 0x00, 0x90, 0x90, 0x70, 0x90, 0x60,
	0x00, 0x80, 0x80, 0xe0, 0x90, 0xe0, 0x80, 0x80, 0x00, 0x90, 0x00, 0x90, 0x90, 0x70, 0x90, 0x60,
};

static const unsigned char xfb_symb12[] = {
	0x00, 0x00, 0x00, 0x00, 0x00, 0x00, 0x00, 0x00, 0x00, 0x00, 0x00, 0x00, 0x00, 0x00, 0x00, 0x00,
	0x00, 0x00, 0x00, 0x00, 0x00, 0x00, 0x00, 0x00, 0x00, 0x00, 0x00, 0x00, 0x00, 0x00, 0x00, 0x00,
	0x40, 0x00, 0x40, 0x00, 0x40, 0x00, 0x40, 0x00, 0x40, 0x00, 0x40, 0x00, 0x40, 0x00, 0x00, 0x00,
	0x40, 0x00, 0x00, 0x00, 0x00, 0x00, 0x00, 0x00, 0x00, 0x00, 0x00, 0x00, 0x80, 0x80, 0x41, 0x00,
	0x41, 0x00, 0x3e, 0x00, 0x22, 0x00, 0x14, 0x00, 0x14, 0x00, 0x08, 0x00, 0x08, 0x00, 0x00, 0x00,
	0x00, 0x00, 0x00, 0x00, 0x00, 0x00, 0x00, 0x00, 0x28, 0x00, 0x28, 0x00, 0x28, 0x00, 0xfc, 0x00,
	0x50, 0x00, 0xf8, 0x00, 0x50, 0x00, 0x50, 0x00, 0x50, 0x00, 0x00, 0x00, 0x00, 0x00, 0x00, 0x00,
	0x00, 0x00, 0x00, 0x00, 0x7c, 0x00, 0x04, 0x00, 0x04, 0x00, 0x04, 0x00, 0x7c, 0x00, 0x04, 0x00,
	0x04, 0x00, 0x04, 0x00, 0x7c, 0x00, 0x00, 0x00, 0x00, 0x00, 0x00, 0x00, 0x00, 0x00, 0x00, 0x00,
	0x79, 0x00, 0x97, 0x00, 0x92, 0x00, 0x64, 0x00, 0x08, 0x00, 0x13, 0x00, 0x14, 0x80, 0x24, 0x80,
	0x63, 0x00, 0x00, 0x00, 0x00, 0x00, 0x00, 0x00, 0x00, 0x00, 0x00, 0x00, 0x18, 0x00, 0x24, 0x00,
	0x24, 0x00, 0x1b, 0x80, 0x39, 0x00, 0x4d, 0x00, 0x46, 0x00, 0x46, 0x40, 0x39, 0x80, 0x00, 0x00,
	0x00, 0x00, 0x00, 0x00, 0x00, 0x00, 0x00, 0x00, 0x00, 0x00, 0x00, 0x00, 0x00, 0x00, 0x70, 0x00,
	0x08, 0x00, 0x78, 0x00, 0x08, 0x00, 0x08, 0x00, 0x70, 0x00, 0x00, 0x00, 0x00, 0x00, 0x00, 0x00,
	0x00, 0x00, 0x00, 0x00, 0x10, 0x00, 0x20, 0x00, 0x20, 0x00, 0x40, 0x00, 0x40, 0x00, 0x40, 0x00,
	0x40, 0x00, 0x40, 0x00, 0x40, 0x00, 0x20, 0x00, 0x20, 0x00, 0x10, 0x00, 0x00, 0x00, 0x00, 0x00,
	0x80, 0x00, 0x40, 0x00, 0x40, 0x00, 0x20, 0x00, 0x20, 0x00, 0x20, 0x00, 0x20, 0x00, 0x20, 0x00,
	0x20, 0x00, 0x40, 0x00, 0x40, 0x00, 0x80, 0x00, 0x00, 0x00, 0x00, 0x00, 0x00, 0x00, 0x00, 0x00,
	0x20, 0x00, 0xa8, 0x00, 0x70, 0x00, 0xa8, 0x00, 0x20, 0x00, 0x00, 0x00, 0x00, 0x00, 0x00, 0x00,
	0x00, 0x00, 0x00, 0x00, 0x00, 0x00, 0x00, 0x00, 0x00, 0x00, 0x00, 0x00, 0x00, 0x00, 0x10, 0x00,
	0x10, 0x00, 0x7c, 0x00, 0x10, 0x00, 0x10, 0x00, 0x00, 0x00, 0x00, 0x00, 0x00, 0x00, 0x00, 0x00,
	0x00, 0x00, 0x00, 0x00, 0x00, 0x00, 0x00, 0x00, 0x00, 0x00, 0x00, 0x00, 0x00, 0x00, 0x00, 0x00,
	0x00, 0x00, 0x00, 0x00, 0x40, 0x00, 0x40, 0x00, 0x80, 0x00, 0x00, 0x00, 0x00, 0x00, 0x00, 0x00,
	0x00, 0x00, 0x00, 0x00, 0x00, 0x00, 0x00, 0x00, 0x00, 0x00, 0x7c, 0x00, 0x00, 0x00, 0x00, 0x00,
	0x00, 0x00, 0x00, 0x00, 0x00, 0x00, 0x00, 0x00, 0x00, 0x00, 0x00, 0x00, 0x00, 0x00, 0x00, 0x00,
	0x00, 0x00, 0x00, 0x00, 0x00, 0x00, 0x00, 0x00, 0x00, 0x00, 0x00, 0x00, 0x40, 0x00, 0x00, 0x00,
	0x00, 0x00, 0x00, 0x00, 0x00, 0x00, 0x00, 0x00, 0x20, 0x00, 0x20, 0x00, 0x20, 0x00, 0x40, 0x00,
	0x40, 0x00, 0x40, 0x00, 0x80, 0x00, 0x80, 0x00, 0x80, 0x00, 0x00, 0x00, 0x00, 0x00, 0x00, 0x00,
	0x00, 0x00, 0x00, 0x00, 0x70, 0x00, 0x88, 0x00, 0x88, 0x00, 0x88, 0x00, 0x88, 0x00, 0x88, 0x00,
	0x88, 0x00, 0x88, 0x00, 0x70, 0x00, 0x00, 0x00, 0x00, 0x00, 0x00, 0x00, 0x00, 0x00, 0x00, 0x00,
	0x20, 0x00, 0x60, 0x00, 0x20, 0x00, 0x20, 0x00, 0x20, 0x00, 0x20, 0x00, 0x20, 0x00, 0x20, 0x00,
	0x70, 0x00, 0x00, 0x00, 0x00, 0x00, 0x00, 0x00, 0x00, 0x00, 0x00, 0x00, 0x70, 0x00, 0x88, 0x00,
	0x88, 0x00, 0x08, 0x00, 0x10, 0x00, 0x20, 0x00, 0x40, 0x00, 0x88, 0x00, 0xf8, 0x00, 0x00, 0x00,
	0x00, 0x00, 0x00, 0x00, 0x00, 0x00, 0x00, 0x00, 0x70, 0x00, 0x88, 0x00, 0x88, 0x00, 0x08, 0x00,
	0x30, 0x00, 0x08, 0x00, 0x08, 0x00, 0x88, 0x00, 0x70, 0x00, 0x00, 0x00, 0x00, 0x00, 0x00, 0x00,
	0x00, 0x00, 0x00, 0x00, 0x18, 0x00, 0x28, 0x00, 0x28, 0x00, 0x48, 0x00, 0x48, 0x00, 0x88, 0x00,
	0xfc, 0x00, 0x08, 0x00, 0x08, 0x00, 0x00, 0x00, 0x00, 0x00, 0x00, 0x00, 0x00, 0x00, 0x00, 0x00,
	0x78, 0x00, 0x40, 0x00, 0x80, 0x00, 0xf0, 0x00, 0x18, 0x00, 0x08, 0x00, 0x08, 0x00, 0x88, 0x00,
	0xf0, 0x00, 0x00, 0x00, 0x00, 0x00, 0x00, 0x00, 0x00, 0x00, 0x00, 0x00, 0x38, 0x00, 0x40, 0x00,
	0x80, 0x00, 0xb0, 0x00, 0xc8, 0x00, 0x88, 0x00, 0x88, 0x00, 0x88, 0x00, 0x70, 0x00, 0x00, 0x00,
	0x00, 0x00, 0x00, 0x00, 0x00, 0x00, 0x00, 0x00, 0xf8, 0x00, 0x88, 0x00, 0x10, 0x00, 0x10, 0x00,
	0x20, 0x00, 0x20, 0x00, 0x40, 0x00, 0x40, 0x00, 0x40, 0x00, 0x00, 0x00, 0x00, 0x00, 0x00, 0x00,
	0x00, 0x00, 0x00, 0x00, 0x70, 0x00, 0x88, 0x00, 0x88, 0x00, 0xc8, 0x00, 0x70, 0x00, 0x98, 0x00,
	0x88, 0x00, 0x88, 0x00, 0x70, 0x00, 0x00, 0x00, 0x00, 0x00, 0x00, 0x00, 0x00, 0x00, 0x00, 0x00,
	0x70, 0x00, 0x88, 0x00, 0x88, 0x00, 0x88, 0x00, 0x78, 0x00, 0x10, 0x00, 0x10, 0x00, 0x20, 0x00,
	0x40, 0x00, 0x00, 0x00, 0x00, 0x00, 0x00, 0x00, 0x00, 0x00, 0x00, 0x00, 0x00, 0x00, 0x00, 0x00,
	0x00, 0x00, 0x20, 0x00, 0x00, 0x00, 0x00, 0x00, 0x00, 0x00, 0x00, 0x00, 0x20, 0x00, 0x00, 0x00,
	0x00, 0x00, 0x00, 0x00, 0x00, 0x00, 0x00, 0x00, 0x00, 0x00, 0x00, 0x00, 0x00, 0x00, 0x40, 0x00,
	0x00, 0x00, 0x00, 0x00, 0x00, 0x00, 0x00, 0x00, 0x40, 0x00, 0x40, 0x00, 0x80, 0x00, 0x00, 0x00,
	0x00, 0x00, 0x00, 0x00, 0x00, 0x00, 0x00, 0x00, 0x00, 0x00, 0x0c, 0x00, 0x30, 0x00, 0xc0, 0x00,
	0x30, 0x00, 0x0c, 0x00, 0x00, 0x00, 0x00, 0x00, 0x00, 0x00, 0x00, 0x00, 0x00, 0x00, 0x00, 0x00,
	0x00, 0x00, 0x00, 0x00, 0x00, 0x00, 0x00, 0x00, 0x7c, 0x00, 0x00, 0x00, 0x7c, 0x00, 0x00, 0x00,
	0x00, 0x00, 0x00, 0x00, 0x00, 0x00, 0x00, 0x00, 0x00, 0x00, 0x00, 0x00, 0x00, 0x00, 0x00, 0x00,
	0x00, 0x00, 0xc0, 0x00, 0x30, 0x00, 0x0c, 0x00, 0x30, 0x00, 0xc0, 0x00, 0x00, 0x00, 0x00, 0x00,
	0x00, 0x00, 0x00, 0x00, 0x00, 0x00, 0x00, 0x00, 0x70, 0x00, 0x88, 0x00, 0x88, 0x00, 0x08, 0x00,
	0x10, 0x00, 0x20, 0x00, 0x20, 0x00, 0x00, 0x00, 0x20, 0x00, 0x00, 0x00, 0x00, 0x00, 0x00, 0x00,
	0x00, 0x00, 0x00, 0x00, 0x00, 0x00, 0x00, 0x00, 0x00, 0x00, 0x34, 0x00, 0x58, 0x00, 0x00, 0x00,
	0x7c, 0x00, 0x00, 0x00, 0x7c, 0x00, 0x00, 0x00, 0x00, 0x00, 0x00, 0x00, 0x00, 0x00, 0x00, 0x00,
	0x08, 0x00, 0x1c, 0x00, 0x14, 0x00, 0x14, 0x00, 0x22, 0x00, 0x3e, 0x00, 0x22, 0x00, 0x41, 0x00,
	0xe3, 0x80, 0x00, 0x00, 0x00, 0x00, 0x00, 0x00, 0x00, 0x00, 0x00, 0x00, 0xfc, 0x00, 0x46, 0x00,
	0x42, 0x00, 0x46, 0x00, 0x7c, 0x00, 0x46, 0x00, 0x42, 0x00, 0x46, 0x00, 0xfc, 0x00, 0x00, 0x00,
	0x00, 0x00, 0x00, 0x00, 0x00, 0x00, 0x00, 0x00, 0xe7, 0x00, 0x42, 0x00, 0x24, 0x00, 0x18, 0x00,
	0x18, 0x00, 0x24, 0x00, 0x24, 0x00, 0x42, 0x00, 0xe7, 0x00, 0x00, 0x00, 0x00, 0x00, 0x00, 0x00,
	0x00, 0x00, 0x00, 0x00, 0x10, 0x00, 0x10, 0x00, 0x28, 0x00, 0x28, 0x00, 0x44, 0x00, 0x44, 0x00,
	0x44, 0x00, 0x82, 0x00, 0xfe, 0x00, 0x00, 0x00, 0x00, 0x00, 0x00, 0x00, 0x00, 0x00, 0x00, 0x00,
	0xfe, 0x00, 0x42, 0x00, 0x40, 0x00, 0x44, 0x00, 0x7c, 0x00, 0x44, 0x00, 0x40, 0x00, 0x42, 0x00,
	0xfe, 0x00, 0x00, 0x00, 0x00, 0x00, 0x00, 0x00, 0x00, 0x00, 0x00, 0x00, 0x1c, 0x00, 0x08, 0x00,
	0x7f, 0x00, 0xc9, 0x80, 0x88, 0x80, 0xc9, 0x80, 0x7f, 0x00, 0x08, 0x00, 0x1c, 0x00, 0x00, 0x00,
	0x00, 0x00, 0x00, 0x00, 0x00, 0x00, 0x00, 0x00, 0xfe, 0x00, 0x42, 0x00, 0x40, 0x00, 0x40, 0x00,
	0x40, 0x00, 0x40, 0x00, 0x40, 0x00, 0x40, 0x00, 0xe0, 0x00, 0x00, 0x00, 0x00, 0x00, 0x00, 0x00,
	0x00, 0x00, 0x00, 0x00, 0xe7, 0x00, 0x42, 0x00, 0x42, 0x00, 0x42, 0x00, 0x7e, 0x00, 0x42, 0x00,
	0x42, 0x00, 0x42, 0x00, 0xe7, 0x00, 0x00, 0x00, 0x00, 0x00, 0x00, 0x00, 0x00, 0x00, 0x00, 0x00,
	0xe0, 0x00, 0x40, 0x00, 0x40, 0x00, 0x40, 0x00, 0x40, 0x00, 0x40, 0x00, 0x40, 0x00, 0x40, 0x00,
	0xe0, 0x00, 0x00, 0x00, 0x00, 0x00, 0x00, 0x00, 0x00, 0x00, 0x00, 0x00, 0x04, 0x00, 0x0a, 0x00,
	0x0a, 0x00, 0x66, 0x00, 0xa3, 0x00, 0x22, 0x00, 0x22, 0x00, 0x26, 0x00, 0x1c, 0x00, 0x00, 0x00,
	0x00, 0x00, 0x00, 0x00, 0x00, 0x00, 0x00, 0x00, 0xee, 0x00, 0x44, 0x00, 0x48, 0x00, 0x50, 0x00,
	0x70, 0x00, 0x48, 0x00, 0x44, 0x00, 0x42, 0x00, 0xe7, 0x00, 0x00, 0x00, 0x00, 0x00, 0x00, 0x00,
	0x00, 0x00, 0x00, 0x00, 0x08, 0x00, 0x08, 0x00, 0x14, 0x00, 0x14, 0x00, 0x22, 0x00, 0x22, 0x00,
	0x41, 0x00, 0x41, 0x00, 0xe3, 0x80, 0x00, 0x00, 0x00, 0x00, 0x00, 0x00, 0x00, 0x00, 0x00, 0x00,
	0xe0, 0xe0, 0x60, 0xc0, 0x51, 0x40, 0x51, 0x40, 0x51, 0x40, 0x4a, 0x40, 0x4a, 0x40, 0x44, 0x40,
	0xe4, 0xe0, 0x00, 0x00, 0x00, 0x00, 0x00, 0x00, 0x00, 0x00, 0x00, 0x00, 0xe7, 0x00, 0x62, 0x00,
	0x52, 0x00, 0x52, 0x00, 0x4a, 0x00, 0x4a, 0x00, 0x46, 0x00, 0x46, 0x00, 0xe2, 0x00, 0x00, 0x00,
	0x00, 0x00, 0x00, 0x00, 0x00, 0x00, 0x00, 0x00, 0x3c, 0x00, 0x66, 0x00, 0x42, 0x00, 0x81, 0x00,
	0x81, 0x00, 0x81, 0x00, 0x42, 0x00, 0x66, 0x00, 0x3c, 0x00, 0x00, 0x00, 0x00, 0x00, 0x00, 0x00,
	0x00, 0x00, 0x00, 0x00, 0xff, 0x00, 0x42, 0x00, 0x42, 0x00, 0x42, 0x00, 0x42, 0x00, 0x42, 0x00,
	0x42, 0x00, 0x42, 0x00, 0xe7, 0x00, 0x00, 0x00, 0x00, 0x00, 0x00, 0x00, 0x00, 0x00, 0x00, 0x00,
	0x3c, 0x00, 0x66, 0x00, 0x42, 0x00, 0xa5, 0x00, 0xbd, 0x00, 0xa5, 0x00, 0x42, 0x00, 0x66, 0x00,
	0x3c, 0x00, 0x00, 0x00, 0x00, 0x00, 0x00, 0x00, 0x00, 0x00, 0x00, 0x00, 0xf8, 0x00, 0x4c, 0x00,
	0x44, 0x00, 0x4c, 0x00, 0x78, 0x00, 0x40, 0x00, 0x40, 0x00, 0x40, 0x00, 0xe0, 0x00, 0x00, 0x00,
	0x00, 0x00, 0x00, 0x00, 0x00, 0x00, 0x00, 0x00, 0xfc, 0x00, 0x84, 0x00, 0xc0, 0x00, 0x60, 0x00,
	0x30, 0x00, 0x20, 0x00, 0x40, 0x00, 0x82, 0x00, 0xfe, 0x00, 0x00, 0x00, 0x00, 0x00, 0x00, 0x00,
	0x00, 0x00, 0x00, 0x00, 0xfe, 0x00, 0x92, 0x00, 0x92, 0x00, 0x10, 0x00, 0x10, 0x00, 0x10, 0x00,
	0x10, 0x00, 0x10, 0x00, 0x38, 0x00, 0x00, 0x00, 0x00, 0x00, 0x00, 0x00, 0x00, 0x00, 0x00, 0x00,
	0xe3, 0x80, 0x41, 0x00, 0x22, 0x00, 0x14, 0x00, 0x08, 0x00, 0x08, 0x00, 0x08, 0x00, 0x08, 0x00,
	0x1c, 0x00, 0x00, 0x00, 0x00, 0x00, 0x00, 0x00, 0x00, 0x00, 0x00, 0x00, 0x00, 0x00, 0x00, 0x00,
	0x00, 0x00, 0x3c, 0x00, 0x40, 0x00, 0x40, 0x00, 0x40, 0x00, 0x60, 0x00, 0x38, 0x00, 0x04, 0x00,
	0x24, 0x00, 0x38, 0x00, 0x00, 0x00, 0x00, 0x00, 0x1e, 0x00, 0x33, 0x00, 0x21, 0x00, 0x40, 0x80,
	0x40, 0x80, 0x40, 0x80, 0x21, 0x00, 0x92, 0x40, 0xf3, 0xc0, 0x00, 0x00, 0x00, 0x00, 0x00, 0x00,
	0x00, 0x00, 0x00, 0x00, 0x7e, 0x00, 0x42, 0x00, 0x00, 0x00, 0x24, 0x00, 0x3c, 0x00, 0x24, 0x00,
	0x00, 0x00, 0x81, 0x00, 0xff, 0x00, 0x00, 0x00, 0x00, 0x00, 0x00, 0x00, 0x00, 0x00, 0x00, 0x00,
	0xdd, 0x80, 0x49, 0x00, 0x49, 0x00, 0x6b, 0x00, 0x3e, 0x00, 0x08, 0x00, 0x08, 0x00, 0x08, 0x00,
	0x1c, 0x00, 0x00, 0x00, 0x00, 0x00, 0x00, 0x00, 0x00, 0x00, 0x00, 0x00, 0x7e, 0x00, 0x42, 0x00,
	0x04, 0x00, 0x08, 0x00, 0x10, 0x00, 0x10, 0x00, 0x20, 0x00, 0x42, 0x00, 0x7e, 0x00, 0x00, 0x00,
	0x00, 0x00, 0x00, 0x00, 0x00, 0x00, 0x00, 0x00, 0x70, 0x00, 0x40, 0x00, 0x40, 0x00, 0x40, 0x00,
	0x40, 0x00, 0x40, 0x00, 0x40, 0x00, 0x40, 0x00, 0x40, 0x00, 0x40, 0x00, 0x40, 0x00, 0x70, 0x00,
	0x00, 0x00, 0x00, 0x00, 0x00, 0x00, 0x00, 0x00, 0x00, 0x00, 0x08, 0x00, 0x08, 0x00, 0x00, 0x00,
	0x00, 0x00, 0x41, 0x00, 0x41, 0x00, 0x00, 0x00, 0x00, 0x00, 0x00, 0x00, 0x00, 0x00, 0x00, 0x00,
	0xe0, 0x00, 0x20, 0x00, 0x20, 0x00, 0x20, 0x00, 0x20, 0x00, 0x20, 0x00, 0x20, 0x00, 0x20, 0x00,
	0x20, 0x00, 0x20, 0x00, 0x20, 0x00, 0xe0, 0x00, 0x00, 0x00, 0x00, 0x00, 0x10, 0x00, 0x10, 0x00,
	0x10, 0x00, 0x10, 0x00, 0x10, 0x00, 0x10, 0x00, 0x10, 0x00, 0x10, 0x00, 0xfe, 0x00, 0x00, 0x00,
	0x00, 0x00, 0x00, 0x00, 0x00, 0x00, 0x00, 0x00, 0x00, 0x00, 0x00, 0x00, 0x00, 0x00, 0x00, 0x00,
	0x00, 0x00, 0x00, 0x00, 0x00, 0x00, 0x00, 0x00, 0x00, 0x00, 0x00, 0x00, 0x00, 0x00, 0xfc, 0x00,
	0x00, 0x00, 0x00, 0x00, 0x00, 0x00, 0x00, 0x00, 0x00, 0x00, 0x00, 0x00, 0x00, 0x00, 0x00, 0x00,
	0x00, 0x00, 0x00, 0x00, 0x00, 0x00, 0x00, 0x00, 0x00, 0x00, 0x00, 0x00, 0x00, 0x00, 0x00, 0x00,
	0x00, 0x00, 0x00, 0x00, 0x00, 0x00, 0x3a, 0x00, 0x6a, 0x00, 0x44, 0x00, 0x44, 0x00, 0x6a, 0x00,
	0x33, 0x00, 0x00, 0x00, 0x00, 0x00, 0x00, 0x00, 0x00, 0x00, 0x38, 0x00, 0x44, 0x00, 0x44, 0x00,
	0x44, 0x00, 0x58, 0x00, 0x44, 0x00, 0x44, 0x00, 0x44, 0x00, 0x64, 0x00, 0x58, 0x00, 0x40, 0x00,
	0x40, 0x00, 0x40, 0x00, 0x00, 0x00, 0x00, 0x00, 0x00, 0x00, 0x00, 0x00, 0x00, 0x00, 0xc6, 0x00,
	0xac, 0x00, 0x28, 0x00, 0x18, 0x00, 0x30, 0x00, 0x28, 0x00, 0x68, 0x00, 0x4a, 0x00, 0xc6, 0x00,
	0x00, 0x00, 0x38, 0x00, 0x4c, 0x00, 0x40, 0x00, 0x20, 0x00, 0x38, 0x00, 0x44, 0x00, 0x44, 0x00,
	0x44, 0x00, 0x44, 0x00, 0x38, 0x00, 0x00, 0x00, 0x00, 0x00, 0x00, 0x00, 0x00, 0x00, 0x00, 0x00,
	0x00, 0x00, 0x00, 0x00, 0x00, 0x00, 0x38, 0x00, 0x40, 0x00, 0x70, 0x00, 0x40, 0x00, 0x48, 0x00,
	0x38, 0x00, 0x00, 0x00, 0x00, 0x00, 0x00, 0x00, 0x00, 0x00, 0x00, 0x00, 0x00, 0x00, 0x10, 0x00,
	0x10, 0x00, 0x38, 0x00, 0x54, 0x00, 0x92, 0x00, 0x92, 0x00, 0x54, 0x00, 0x38, 0x00, 0x10, 0x00,
	0x10, 0x00, 0x10, 0x00, 0x00, 0x00, 0x00, 0x00, 0x00, 0x00, 0x00, 0x00, 0x00, 0x00, 0xc4, 0x00,
	0xa4, 0x00, 0x24, 0x00, 0x24, 0x00, 0x28, 0x00, 0x18, 0x00, 0x10, 0x00, 0x30, 0x00, 0x20, 0x00,
	0x00, 0x00, 0x00, 0x00, 0x00, 0x00, 0x00, 0x00, 0x00, 0x00, 0x6c, 0x00, 0xb2, 0x00, 0x22, 0x00,
	0x22, 0x00, 0x22, 0x00, 0x22, 0x00, 0x02, 0x00, 0x02, 0x00, 0x02, 0x00, 0x00, 0x00, 0x00, 0x00,
	0x00, 0x00, 0x00, 0x00, 0x00, 0x00, 0xc0, 0x00, 0x40, 0x00, 0x40, 0x00, 0x40, 0x00, 0x40, 0x00,
	0x60, 0x00, 0x00, 0x00, 0x00, 0x00, 0x00, 0x00, 0x00, 0x00, 0x00, 0x00, 0x00, 0x00, 0x00, 0x00,
	0x00, 0x00, 0x18, 0x00, 0x54, 0x00, 0x92, 0x00, 0x92, 0x00, 0x54, 0x00, 0x38, 0x00, 0x10, 0x00,
	0x10, 0x00, 0x10, 0x00, 0x00, 0x00, 0x00, 0x00, 0x00, 0x00, 0x00, 0x00, 0x00, 0x00, 0x4c, 0x00,
	0xd4, 0x00, 0x60, 0x00, 0x70, 0x00, 0x58, 0x00, 0x4c, 0x00, 0x00, 0x00, 0x00, 0x00, 0x00, 0x00,
	0x00, 0x00, 0x00, 0x00, 0x60, 0x00, 0x50, 0x00, 0x10, 0x00, 0x30, 0x00, 0x28, 0x00, 0x48, 0x00,
	0x48, 0x00, 0x8a, 0x00, 0x86, 0x00, 0x00, 0x00, 0x00, 0x00, 0x00, 0x00, 0x00, 0x00, 0x00, 0x00,
	0x00, 0x00, 0x00, 0x00, 0x00, 0x00, 0x44, 0x00, 0x44, 0x00, 0x44, 0x00, 0x44, 0x00, 0x4d, 0x00,
	0x76, 0x00, 0x40, 0x00, 0x40, 0x00, 0x60, 0x00, 0x00, 0x00, 0x00, 0x00, 0x00, 0x00, 0x00, 0x00,
	0x00, 0x00, 0xcc, 0x00, 0x44, 0x00, 0x44, 0x00, 0x28, 0x00, 0x28, 0x00, 0x30, 0x00, 0x00, 0x00,
	0x00, 0x00, 0x00, 0x00, 0x00, 0x00, 0x00, 0x00, 0x00, 0x00, 0x00, 0x00, 0x00, 0x00, 0x38, 0x00,
	0x44, 0x00, 0x44, 0x00, 0x44, 0x00, 0x44, 0x00, 0x38, 0x00, 0x00, 0x00, 0x00, 0x00, 0x00, 0x00,
	0x00, 0x00, 0x00, 0x00, 0x00, 0x00, 0x00, 0x00, 0x00, 0x00, 0x7e, 0x00, 0xa4, 0x00, 0x24, 0x00,
	0x24, 0x00, 0x26, 0x00, 0x64, 0x00, 0x00, 0x00, 0x00, 0x00, 0x00, 0x00, 0x00, 0x00, 0x00, 0x00,
	0x38, 0x00, 0x44, 0x00, 0x44, 0x00, 0x44, 0x00, 0x7c, 0x00, 0x44, 0x00, 0x44, 0x00, 0x44, 0x00,
	0x38, 0x00, 0x00, 0x00, 0x00, 0x00, 0x00, 0x00, 0x00, 0x00, 0x00, 0x00, 0x00, 0x00, 0x00, 0x00,
	0x00, 0x00, 0x38, 0x00, 0x44, 0x00, 0x44, 0x00, 0x44, 0x00, 0x64, 0x00, 0x58, 0x00, 0x40, 0x00,
	0x40, 0x00, 0x40, 0x00, 0x00, 0x00, 0x00, 0x00, 0x00, 0x00, 0x00, 0x00, 0x00, 0x00, 0x3e, 0x00,
	0x48, 0x00, 0x44, 0x00, 0x44, 0x00, 0x44, 0x00, 0x38, 0x00, 0x00, 0x00, 0x00, 0x00, 0x00, 0x00,
	0x00, 0x00, 0x00, 0x00, 0x00, 0x00, 0x00, 0x00, 0x00, 0x00, 0x78, 0x00, 0xa0, 0x00, 0x20, 0x00,
	0x20, 0x00, 0x28, 0x00, 0x30, 0x00, 0x00, 0x00, 0x00, 0x00, 0x00, 0x00, 0x00, 0x00, 0x00, 0x00,
	0x00, 0x00, 0x00, 0x00, 0x00, 0x00, 0x64, 0x00, 0xa2, 0x00, 0x22, 0x00, 0x22, 0x00, 0x26, 0x00,
	0x1c, 0x00, 0x00, 0x00, 0x00, 0x00, 0x00, 0x00, 0x00, 0x00, 0x00, 0x00, 0x00, 0x00, 0x00, 0x00,
	0x7f, 0x00, 0xa2, 0x00, 0x49, 0x00, 0x49, 0x00, 0x49, 0x00, 0x49, 0x00, 0x36, 0x00, 0x00, 0x00,
	0x00, 0x00, 0x00, 0x00, 0x00, 0x00, 0x00, 0x00, 0x00, 0x00, 0x00, 0x00, 0x00, 0x00, 0x22, 0x00,
	0x49, 0x00, 0x49, 0x00, 0x49, 0x00, 0x49, 0x00, 0x36, 0x00, 0x00, 0x00, 0x00, 0x00, 0x00, 0x00,
	0x20, 0x00, 0x40, 0x00, 0x38, 0x00, 0x60, 0x00, 0x40, 0x00, 0x78, 0x00, 0x20, 0x00, 0x40, 0x00,
	0x40, 0x00, 0x60, 0x00, 0x38, 0x00, 0x04, 0x00, 0x24, 0x00, 0x38, 0x00, 0x00, 0x00, 0x00, 0x00,
	0x00, 0x00, 0x00, 0x00, 0x00, 0x00, 0x88, 0x80, 0x49, 0x00, 0x49, 0x00, 0x49, 0x00, 0x6b, 0x00,
	0x3e, 0x00, 0x08, 0x00, 0x08, 0x00, 0x08, 0x00, 0x00, 0x00, 0x20, 0x00, 0x4c, 0x00, 0x38, 0x00,
	0x20, 0x00, 0x40, 0x00, 0x40, 0x00, 0x40, 0x00, 0x40, 0x00, 0x60, 0x00, 0x38, 0x00, 0x04, 0x00,
	0x24, 0x00, 0x38, 0x00, 0x00, 0x00, 0x00, 0x00, 0x18, 0x00, 0x20, 0x00, 0x20, 0x00, 0x20, 0x00,
	0x40, 0x00, 0x80, 0x00, 0x40, 0x00, 0x20, 0x00, 0x20, 0x00, 0x20, 0x00, 0x20, 0x00, 0x18, 0x00,
	0x00, 0x00, 0x00, 0x00, 0x40, 0x00, 0x40, 0x00, 0x40, 0x00, 0x40, 0x00, 0x40, 0x00, 0x40, 0x00,
	0x40, 0x00, 0x40, 0x00, 0x40, 0x00, 0x40, 0x00, 0x40, 0x00, 0x40, 0x00, 0x00, 0x00, 0x00, 0x00,
	0xc0, 0x00, 0x20, 0x00, 0x20, 0x00, 0x20, 0x00, 0x10, 0x00, 0x08, 0x00, 0x10, 0x00, 0x20, 0x00,
	0x20, 0x00, 0x20, 0x00, 0x20, 0x00, 0xc0, 0x00, 0x00, 0x00, 0x00, 0x00, 0x00, 0x00, 0x00, 0x00,
	0x00, 0x00, 0x00, 0x00, 0x62, 0x00, 0x92, 0x00, 0x8c, 0x00, 0x00, 0x00, 0x00, 0x00, 0x00, 0x00,
	0x00, 0x00, 0x00, 0x00, 0x00, 0x00, 0x00, 0x00, 0x00, 0x00, 0x00, 0x00, 0x00, 0x00, 0x00, 0x00,
	0x00, 0x00, 0x00, 0x00, 0x00, 0x00, 0x00, 0x00, 0x00, 0x00, 0x00, 0x00, 0x00, 0x00, 0x00, 0x00,
	0x00, 0x00, 0x00, 0x00, 0x00, 0x00, 0x00, 0x00, 0x00, 0x00, 0x00, 0x00, 0x00, 0x00, 0x00, 0x00,
	0x00, 0x00, 0x00, 0x00, 0x00, 0x00, 0x00, 0x00, 0x00, 0x00, 0x00, 0x00, 0x00, 0x00, 0x00, 0x00,
	0x00, 0x00, 0x00, 0x00, 0x00, 0x00, 0x00, 0x00, 0x00, 0x00, 0x00, 0x00, 0x00, 0x00, 0x00, 0x00,
	0x00, 0x00, 0x00, 0x00, 0x00, 0x00, 0x00, 0x00, 0x00, 0x00, 0x00, 0x00, 0x00, 0x00, 0x00, 0x00,
	0x00, 0x00, 0x00, 0x00, 0x00, 0x00, 0x00, 0x00, 0x00, 0x00, 0x00, 0x00, 0x00, 0x00, 0x00, 0x00,
	0x00, 0x00, 0x00, 0x00, 0x00, 0x00, 0x00, 0x00, 0x00, 0x00, 0x00, 0x00, 0x00, 0x00, 0x00, 0x00,
	0x00, 0x00, 0x00, 0x00, 0x00, 0x00, 0x00, 0x00, 0x00, 0x00, 0x00, 0x00, 0x00, 0x00, 0x00, 0x00,
	0x00, 0x00, 0x00, 0x00, 0x00, 0x00, 0x00, 0x00, 0x00, 0x00, 0x00, 0x00, 0x00, 0x00, 0x00, 0x00,
	0x00, 0x00, 0x00, 0x00, 0x00, 0x00, 0x00, 0x00, 0x00, 0x00, 0x00, 0x00, 0x00, 0x00, 0x00, 0x00,
	0x00, 0x00, 0x00, 0x00, 0x00, 0x00, 0x00, 0x00, 0x00, 0x00, 0x00, 0x00, 0x00, 0x00, 0x00, 0x00,
	0x00, 0x00, 0x00, 0x00, 0x00, 0x00, 0x00, 0x00, 0x00, 0x00, 0x00, 0x00, 0x00, 0x00, 0x00, 0x00,
	0x00, 0x00, 0x00, 0x00, 0x00, 0x00, 0x00, 0x00, 0x00, 0x00, 0x00, 0x00, 0x00, 0x00, 0x00, 0x00,
	0x00, 0x00, 0x00, 0x00, 0x00, 0x00, 0x00, 0x00, 0x00, 0x00, 0x00, 0x00, 0x00, 0x00, 0x00, 0x00,
	0x00, 0x00, 0x00, 0x00, 0x00, 0x00, 0x00, 0x00, 0x00, 0x00, 0x00, 0x00, 0x00, 0x00, 0x00, 0x00,
	0x00, 0x00, 0x00, 0x00, 0x00, 0x00, 0x00, 0x00, 0x00, 0x00, 0x00, 0x00, 0x00, 0x00, 0x00, 0x00,
	0x00, 0x00, 0x00, 0x00, 0x00, 0x00, 0x00, 0x00, 0x00, 0x00, 0x00, 0x00, 0x00, 0x00, 0x00, 0x00,
	0x00, 0x00, 0x00, 0x00, 0x00, 0x00, 0x00, 0x00, 0x00, 0x00, 0x00, 0x00, 0x00, 0x00, 0x00, 0x00,
	0x00, 0x00, 0x00, 0x00, 0x00, 0x00, 0x00, 0x00, 0x00, 0x00, 0x00, 0x00, 0x00, 0x00, 0x00, 0x00,
	0x00, 0x00, 0x00, 0x00, 0x00, 0x00, 0x00, 0x00, 0x00, 0x00, 0x00, 0x00, 0x00, 0x00, 0x00, 0x00,
	0x00, 0x00, 0x00, 0x00, 0x00, 0x00, 0x00, 0x00, 0x00, 0x00, 0x00, 0x00, 0x00, 0x00, 0x00, 0x00,
	0x00, 0x00, 0x00, 0x00, 0x00, 0x00, 0x00, 0x00, 0x00, 0x00, 0x00, 0x00, 0x00, 0x00, 0x00, 0x00,
	0x00, 0x00, 0x00, 0x00, 0x00, 0x00, 0x00, 0x00, 0x00, 0x00, 0x00, 0x00, 0x00, 0x00, 0x00, 0x00,
	0x00, 0x00, 0x00, 0x00, 0x00, 0x00, 0x00, 0x00, 0x00, 0x00, 0x00, 0x00, 0x00, 0x00, 0x00, 0x00,
	0x00, 0x00, 0x00, 0x00, 0x00, 0x00, 0x00, 0x00, 0x00, 0x00, 0x00, 0x00, 0x00, 0x00, 0x00, 0x00,
	0x00, 0x00, 0x00, 0x00, 0x00, 0x00, 0x00, 0x00, 0x00, 0x00, 0x00, 0x00, 0x00, 0x00, 0x00, 0x00,
	0x00, 0x00, 0x00, 0x00, 0x00, 0x00, 0x00, 0x00, 0x00, 0x00, 0x00, 0x00, 0x00, 0x00, 0x00, 0x00,
	0x00, 0x00, 0x00, 0x00, 0x00, 0x00, 0x00, 0x00, 0x00, 0x00, 0x00, 0x00, 0x00, 0x00, 0x00, 0x00,
	0x00, 0x00, 0x00, 0x00, 0x00, 0x00, 0x00, 0x00, 0x00, 0x00, 0x00, 0x00, 0x00, 0x00, 0x00, 0x00,
	0x00, 0x00, 0x00, 0x00, 0x00, 0x00, 0x00, 0x00, 0x00, 0x00, 0x00, 0x00, 0x00, 0x00, 0x00, 0x00,
	0x00, 0x00, 0x00, 0x00, 0x00, 0x00, 0x00, 0x00, 0x00, 0x00, 0x00, 0x00, 0x00, 0x00, 0x00, 0x00,
	0x00, 0x00, 0x00, 0x00, 0x00, 0x00, 0x00, 0x00, 0x00, 0x00, 0x00, 0x00, 0x00, 0x00, 0x00, 0x00,
	0x00, 0x00, 0x00, 0x00, 0x00, 0x00, 0x00, 0x00, 0x00, 0x00, 0x00, 0x00, 0x00, 0x00, 0x00, 0x00,
	0x00, 0x00, 0x00, 0x00, 0x00, 0x00, 0x00, 0x00, 0x00, 0x00, 0x00, 0x00, 0x00, 0x00, 0x00, 0x00,
	0x00, 0x00, 0x00, 0x00, 0x00, 0x00, 0x00, 0x00, 0x00, 0x00, 0x00, 0x00, 0x00, 0x00, 0x00, 0x00,
	0x00, 0x00, 0x00, 0x00, 0x00, 0x00, 0x00, 0x00, 0x00, 0x00, 0x00, 0x00, 0x00, 0x00, 0x00, 0x00,
	0x00, 0x00, 0x00, 0x00, 0x00, 0x00, 0x00, 0x00, 0x00, 0x00, 0x00, 0x00, 0x00, 0x00, 0x00, 0x00,
	0x00, 0x00, 0x00, 0x00, 0x00, 0x00, 0x00, 0x00, 0x00, 0x00, 0x00, 0x00, 0x00, 0x00, 0x00, 0x00,
	0x00, 0x00, 0x00, 0x00, 0x00, 0x00, 0x00, 0x00, 0x00, 0x00, 0x00, 0x00, 0x00, 0x00, 0x00, 0x00,
	0x00, 0x00, 0x00, 0x00, 0x00, 0x00, 0x00, 0x00, 0x00, 0x00, 0x00, 0x00, 0x00, 0x00, 0x00, 0x00,
	0x00, 0x00, 0x00, 0x00, 0x00, 0x00, 0x00, 0x00, 0x00, 0x00, 0x00, 0x00, 0x00, 0x00, 0x00, 0x00,
	0x00, 0x00, 0x00, 0x00, 0x00, 0x00, 0x00, 0x00, 0x00, 0x00, 0x00, 0x00, 0x00, 0x00, 0x00, 0x00,
	0x00, 0x00, 0x00, 0x00, 0x00, 0x00, 0x00, 0x00, 0x00, 0x00, 0x00, 0x00, 0x00, 0x00, 0x00, 0x00,
	0x00, 0x00, 0x00, 0x00, 0x00, 0x00, 0x00, 0x00, 0x00, 0x00, 0x00, 0x00, 0x00, 0x00, 0x00, 0x00,
	0x00, 0x00, 0x00, 0x00, 0x00, 0x00, 0x00, 0x00, 0x00, 0x00, 0x00, 0x00, 0x00, 0x00, 0x00, 0x00,
	0x00, 0x00, 0x00, 0x00, 0x00, 0x00, 0x00, 0x00, 0x00, 0x00, 0x00, 0x00, 0x00, 0x00, 0x00, 0x00,
	0x00, 0x00, 0x00, 0x00, 0x00, 0x00, 0x00, 0x00, 0x00, 0x00, 0x00, 0x00, 0x00, 0x00, 0x00, 0x00,
	0x00, 0x00, 0x00, 0x00, 0x00, 0x00, 0x00, 0x00, 0x00, 0x00, 0x00, 0x00, 0x00, 0x00, 0x00, 0x00,
	0x00, 0x00, 0x00, 0x00, 0x00, 0x00, 0x00, 0x00, 0x00, 0x00, 0x00, 0x00, 0x00, 0x00, 0x00, 0x00,
	0x00, 0x00, 0x00, 0x00, 0x00, 0x00, 0x00, 0x00, 0x00, 0x00, 0x00, 0x00, 0x00, 0x00, 0x00, 0x00,
	0x00, 0x00, 0x00, 0x00, 0x00, 0x00, 0x00, 0x00, 0x00, 0x00, 0x00, 0x00, 0x00, 0x00, 0x00, 0x00,
	0x00, 0x00, 0x00, 0x00, 0x00, 0x00, 0x00, 0x00, 0x00, 0x00, 0x00, 0x00, 0x00, 0x00, 0x00, 0x00,
	0x00, 0x00, 0x00, 0x00, 0x00, 0x00, 0x00, 0x00, 0x00, 0x00, 0x00, 0x00, 0x00, 0x00, 0x00, 0x00,
	0x00, 0x00, 0x00, 0x00, 0x00, 0x00, 0x00, 0x00, 0x00, 0x00, 0x00, 0x00, 0x00, 0x00, 0x00, 0x00,
	0x00, 0x00, 0x00, 0x00, 0x00, 0x00, 0x00, 0x00, 0x00, 0x00, 0x00, 0x00, 0x00, 0x00, 0x00, 0x00,
	0x00, 0x00, 0x00, 0x00, 0x00, 0x00, 0x00, 0x00, 0x00, 0x00, 0x00, 0x00, 0x00, 0x00, 0x00, 0x00,
	0x00, 0x00, 0x00, 0x00, 0x00, 0x00, 0x00, 0x00, 0x00, 0x00, 0x00, 0x00, 0x00, 0x00, 0x00, 0x00,
	0x00, 0x00, 0x00, 0x00, 0x00, 0x00, 0x00, 0x00, 0x00, 0x00, 0x00, 0x00, 0x00, 0x00, 0x00, 0x00,
	0x00, 0x00, 0x00, 0x00, 0x00, 0x00, 0x00, 0x00, 0x00, 0x00, 0x00, 0x00, 0x00, 0x00, 0x00, 0x00,
	0xc6, 0x00, 0x49, 0x00, 0x2b, 0x00, 0x10, 0x00, 0x10, 0x00, 0x10, 0x00, 0x10, 0x00, 0x10, 0x00,
	0x38, 0x00, 0x00, 0x00, 0x00, 0x00, 0x00, 0x00, 0x00, 0x00, 0x00, 0x00, 0x10, 0x00, 0x20, 0x00,
	0x40, 0x00, 0x00, 0x00, 0x00, 0x00, 0x00, 0x00, 0x00, 0x00, 0x00, 0x00, 0x00, 0x00, 0x00, 0x00,
	0x00, 0x00, 0x00, 0x00, 0x00, 0x00, 0x00, 0x00, 0x00, 0x00, 0x00, 0x00, 0x0c, 0x00, 0x30, 0x00,
	0xc0, 0x00, 0x30, 0x00, 0x0c, 0x00, 0x00, 0x00, 0xfc, 0x00, 0x00, 0x00, 0x00, 0x00, 0x00, 0x00,
	0x00, 0x00, 0x00, 0x00, 0x10, 0x00, 0x20, 0x00, 0x20, 0x00, 0x40, 0x00, 0x40, 0x00, 0x80, 0x00,
	0x80, 0x00, 0x00, 0x00, 0x00, 0x00, 0x00, 0x00, 0x00, 0x00, 0x00, 0x00, 0x00, 0x00, 0x00, 0x00,
	0x00, 0x00, 0x00, 0x00, 0x00, 0x00, 0x00, 0x00, 0x77, 0x00, 0x98, 0x80, 0x8c, 0x80, 0x77, 0x00,
	0x00, 0x00, 0x00, 0x00, 0x00, 0x00, 0x00, 0x00, 0x00, 0x00, 0x00, 0x00, 0x0c, 0x00, 0x14, 0x00,
	0x10, 0x00, 0x7c, 0x00, 0x10, 0x00, 0x10, 0x00, 0x10, 0x00, 0x20, 0x00, 0x20, 0x00, 0x20, 0x00,
	0xa0, 0x00, 0xc0, 0x00, 0x00, 0x00, 0x00, 0x00, 0x00, 0x00, 0x00, 0x00, 0x00, 0x00, 0x1c, 0x00,
	0x1c, 0x00, 0x6b, 0x00, 0x7f, 0x00, 0x6b, 0x00, 0x08, 0x00, 0x08, 0x00, 0x00, 0x00, 0x00, 0x00,
	0x00, 0x00, 0x00, 0x00, 0x00, 0x00, 0x00, 0x00, 0x00, 0x00, 0x10, 0x00, 0x38, 0x00, 0x7c, 0x00,
	0x7c, 0x00, 0x38, 0x00, 0x10, 0x00, 0x00, 0x00, 0x00, 0x00, 0x00, 0x00, 0x00, 0x00, 0x00, 0x00,
	0x00, 0x00, 0x00, 0x00, 0x00, 0x00, 0x36, 0x00, 0x7f, 0x00, 0x7f, 0x00, 0x3e, 0x00, 0x1c, 0x00,
	0x08, 0x00, 0x00, 0x00, 0x00, 0x00, 0x00, 0x00, 0x00, 0x00, 0x00, 0x00, 0x00, 0x00, 0x00, 0x00,
	0x00, 0x00, 0x08, 0x00, 0x1c, 0x00, 0x3e, 0x00, 0x7f, 0x00, 0x6b, 0x00, 0x08, 0x00, 0x08, 0x00,
	0x00, 0x00, 0x00, 0x00, 0x00, 0x00, 0x00, 0x00, 0x00, 0x00, 0x00, 0x00, 0x00, 0x00, 0x10, 0x40,
	0x20, 0x20, 0x7f, 0xf0, 0x20, 0x20, 0x10, 0x40, 0x00, 0x00, 0x00, 0x00, 0x00, 0x00, 0x00, 0x00,
	0x00, 0x00, 0x00, 0x00, 0x00, 0x00, 0x00, 0x00, 0x00, 0x00, 0x20, 0x00, 0x40, 0x00, 0xff, 0xf0,
	0x40, 0x00, 0x20, 0x00, 0x00, 0x00, 0x00, 0x00, 0x00, 0x00, 0x00, 0x00, 0x38, 0x00, 0x54, 0x00,
	0x10, 0x00, 0x10, 0x00, 0x10, 0x00, 0x10, 0x00, 0x10, 0x00, 0x10, 0x00, 0x10, 0x00, 0x10, 0x00,
	0x10, 0x00, 0x10, 0x00, 0x10, 0x00, 0x10, 0x00, 0x00, 0x00, 0x00, 0x00, 0x00, 0x00, 0x00, 0x00,
	0x00, 0x00, 0x00, 0x40, 0x00, 0x20, 0xff, 0xf0, 0x00, 0x20, 0x00, 0x40, 0x00, 0x00, 0x00, 0x00,
	0x00, 0x00, 0x00, 0x00, 0x10, 0x00, 0x10, 0x00, 0x10, 0x00, 0x10, 0x00, 0x10, 0x00, 0x10, 0x00,
	0x10, 0x00, 0x10, 0x00, 0x10, 0x00, 0x10, 0x00, 0x10, 0x00, 0x54, 0x00, 0x38, 0x00, 0x10, 0x00,
	0x00, 0x00, 0x00, 0x00, 0x60, 0x00, 0x90, 0x00, 0x90, 0x00, 0x60, 0x00, 0x00, 0x00, 0x00, 0x00,
	0x00, 0x00, 0x00, 0x00, 0x00, 0x00, 0x00, 0x00, 0x00, 0x00, 0x00, 0x00, 0x00, 0x00, 0x00, 0x00,
	0x00, 0x00, 0x00, 0x00, 0x10, 0x00, 0x10, 0x00, 0x7c, 0x00, 0x10, 0x00, 0x10, 0x00, 0x00, 0x00,
	0x7c, 0x00, 0x00, 0x00, 0x00, 0x00, 0x00, 0x00, 0x00, 0x00, 0x00, 0x00, 0x28, 0x00, 0x50, 0x00,
	0xa0, 0x00, 0x00, 0x00, 0x00, 0x00, 0x00, 0x00, 0x00, 0x00, 0x00, 0x00, 0x00, 0x00, 0x00, 0x00,
	0x00, 0x00, 0x00, 0x00, 0x00, 0x00, 0x00, 0x00, 0x00, 0x00, 0x00, 0x00, 0xc0, 0x00, 0x30, 0x00,
	0x0c, 0x00, 0x30, 0x00, 0xc0, 0x00, 0x00, 0x00, 0xfc, 0x00, 0x00, 0x00, 0x00, 0x00, 0x00, 0x00,
	0x00, 0x00, 0x00, 0x00, 0x00, 0x00, 0x00, 0x00, 0x00, 0x00, 0x44, 0x00, 0x28, 0x00, 0x10, 0x00,
	0x28, 0x00, 0x44, 0x00, 0x00, 0x00, 0x00, 0x00, 0x00, 0x00, 0x00, 0x00, 0x00, 0x00, 0x00, 0x00,
	0x00, 0x00, 0x00, 0x00, 0x00, 0x00, 0x00, 0x00, 0x77, 0x00, 0x88, 0x00, 0x88, 0x00, 0x77, 0x00,
	0x00, 0x00, 0x00, 0x00, 0x00, 0x00, 0x00, 0x00, 0x00, 0x00, 0x60, 0x00, 0x90, 0x00, 0x08, 0x00,
	0x08, 0x00, 0x68, 0x00, 0x98, 0x00, 0x88, 0x00, 0x88, 0x00, 0x88, 0x00, 0x70, 0x00, 0x00, 0x00,
	0x00, 0x00, 0x00, 0x00, 0x00, 0x00, 0x00, 0x00, 0x00, 0x00, 0x00, 0x00, 0x00, 0x00, 0x00, 0x00,
	0x30, 0x00, 0x78, 0x00, 0x78, 0x00, 0x30, 0x00, 0x00, 0x00, 0x00, 0x00, 0x00, 0x00, 0x00, 0x00,
	0x00, 0x00, 0x00, 0x00, 0x00, 0x00, 0x00, 0x00, 0x00, 0x00, 0x10, 0x00, 0x00, 0x00, 0x7c, 0x00,
	0x00, 0x00, 0x10, 0x00, 0x00, 0x00, 0x00, 0x00, 0x00, 0x00, 0x00, 0x00, 0x00, 0x00, 0x00, 0x00,
	0x00, 0x00, 0x00, 0x00, 0x04, 0x00, 0x08, 0x00, 0x7c, 0x00, 0x10, 0x00, 0x7c, 0x00, 0x20, 0x00,
	0x40, 0x00, 0x00, 0x00, 0x00, 0x00, 0x00, 0x00, 0x00, 0x00, 0x00, 0x00, 0x00, 0x00, 0x00, 0x00,
	0x00, 0x00, 0x7c, 0x00, 0x00, 0x00, 0x7c, 0x00, 0x00, 0x00, 0x7c, 0x00, 0x00, 0x00, 0x00, 0x00,
	0x00, 0x00, 0x00, 0x00, 0x00, 0x00, 0x00, 0x00, 0x00, 0x00, 0x00, 0x00, 0x00, 0x00, 0x64, 0x00,
	0x98, 0x00, 0x00, 0x00, 0x64, 0x00, 0x98, 0x00, 0x00, 0x00, 0x00, 0x00, 0x00, 0x00, 0x00, 0x00,
	0x00, 0x00, 0x00, 0x00, 0x00, 0x00, 0x00, 0x00, 0x00, 0x00, 0x00, 0x00, 0x00, 0x00, 0x00, 0x00,
	0x00, 0x00, 0x00, 0x00, 0x44, 0x40, 0x00, 0x00, 0x00, 0x00, 0x00, 0x00, 0x10, 0x00, 0x10, 0x00,
	0x10, 0x00, 0x10, 0x00, 0x10, 0x00, 0x10, 0x00, 0x10, 0x00, 0x10, 0x00, 0x10, 0x00, 0x10, 0x00,
	0x10, 0x00, 0x10, 0x00, 0x10, 0x00, 0x10, 0x00, 0x00, 0x00, 0x00, 0x00, 0x00, 0x00, 0x00, 0x00,
	0x00, 0x00, 0x00, 0x00, 0x00, 0x00, 0xff, 0xf8, 0x00, 0x00, 0x00, 0x00, 0x00, 0x00, 0x00, 0x00,
	0x00, 0x00, 0x00, 0x00, 0x00, 0x00, 0x00, 0x00, 0x00, 0x00, 0x02, 0x00, 0x02, 0x00, 0x02, 0x00,
	0x02, 0x00, 0x02, 0x00, 0x42, 0x00, 0xfe, 0x00, 0x40, 0x00, 0x00, 0x00, 0x00, 0x00, 0x00, 0x00,
	0x00, 0x00, 0x00, 0x00, 0x44, 0x00, 0x67, 0x00, 0x33, 0x00, 0x1a, 0x00, 0x6a, 0x00, 0x4e, 0x00,
	0x26, 0x00, 0x33, 0x00, 0x71, 0x00, 0x00, 0x00, 0x00, 0x00, 0x00, 0x00, 0x00, 0x00, 0x3f, 0x00,
	0x61, 0x00, 0x42, 0x00, 0x64, 0x00, 0x0c, 0x00, 0x06, 0x00, 0x03, 0x00, 0x01, 0x00, 0x61, 0x00,
	0xb2, 0x00, 0x1c, 0x00, 0x00, 0x00, 0x00, 0x00, 0x00, 0x00, 0x66, 0x00, 0x99, 0x00, 0x93, 0x00,
	0xd6, 0x00, 0x5c, 0x00, 0x14, 0x00, 0x12, 0x00, 0x12, 0x00, 0x52, 0x00, 0xb1, 0x80, 0x00, 0x00,
	0x00, 0x00, 0x00, 0x00, 0x00, 0x00, 0x00, 0x00, 0x00, 0x00, 0x08, 0x00, 0x13, 0x00, 0x25, 0x80,
	0x48, 0x80, 0x50, 0x80, 0x55, 0x80, 0x65, 0x00, 0x32, 0x00, 0x58, 0x00, 0x48, 0x00, 0x30, 0x00,
	0x00, 0x00, 0x00, 0x00, 0x1c, 0x00, 0x63, 0x00, 0x63, 0x00, 0x94, 0x80, 0x88, 0x80, 0x94, 0x80,
	0x63, 0x00, 0x63, 0x00, 0x1c, 0x00, 0x00, 0x00, 0x00, 0x00, 0x00, 0x00, 0x00, 0x00, 0x00, 0x00,
	0x1c, 0x00, 0x63, 0x00, 0x49, 0x00, 0x88, 0x80, 0xbe, 0x80, 0x88, 0x80, 0x49, 0x00, 0x63, 0x00,
	0x1c, 0x00, 0x00, 0x00, 0x00, 0x00, 0x00, 0x00, 0x00, 0x00, 0x00, 0x00, 0x1c, 0x80, 0x63, 0x00,
	0x43, 0x00, 0x84, 0x80, 0x88, 0x80, 0x90, 0x80, 0x61, 0x00, 0x63, 0x00, 0x9c, 0x00, 0x00, 0x00,
	0x00, 0x00, 0x00, 0x00, 0x00, 0x00, 0x00, 0x00, 0x00, 0x00, 0x00, 0x00, 0x00, 0x00, 0x1e, 0x00,
	0x21, 0x00, 0x40, 0x80, 0x40, 0x80, 0x40, 0x80, 0x40, 0x80, 0x00, 0x00, 0x00, 0x00, 0x00, 0x00,
	0x00, 0x00, 0x00, 0x00, 0x00, 0x00, 0x00, 0x00, 0x00, 0x00, 0x40, 0x80, 0x40, 0x80, 0x40, 0x80,
	0x40, 0x80, 0x21, 0x00, 0x1e, 0x00, 0x00, 0x00, 0x00, 0x00, 0x00, 0x00, 0x00, 0x00, 0x00, 0x00,
	0x00, 0x00, 0x00, 0x00, 0x00, 0x00, 0x7e, 0x00, 0x01, 0x00, 0x00, 0x80, 0x00, 0x80, 0x01, 0x00,
	0x7e, 0x00, 0x00, 0x00, 0x00, 0x00, 0x00, 0x00, 0x00, 0x00, 0x00, 0x00, 0x00, 0x00, 0x00, 0x00,
	0x00, 0x00, 0x7e, 0x00, 0x01, 0x00, 0x00, 0x80, 0x00, 0x80, 0x01, 0x00, 0x7e, 0x00, 0x00, 0x00,
	0x7f, 0x80, 0x00, 0x00, 0x00, 0x00, 0x00, 0x00, 0x00, 0x00, 0x00, 0x00, 0x02, 0x00, 0x3f, 0x00,
	0x44, 0x00, 0x88, 0x00, 0x88, 0x00, 0x50, 0x00, 0x3f, 0x00, 0x20, 0x00, 0x00, 0x00, 0x00, 0x00,
	0x00, 0x00, 0x00, 0x00, 0x00, 0x00, 0x00, 0x00, 0x00, 0x00, 0x3f, 0x00, 0x40, 0x00, 0x80, 0x00,
	0x80, 0x00, 0x40, 0x00, 0x3f, 0x00, 0x00, 0x00, 0x00, 0x00, 0x00, 0x00, 0x00, 0x00, 0x00, 0x00,
	0x00, 0x00, 0x00, 0x00, 0x00, 0x00, 0x3f, 0x00, 0x40, 0x00, 0x80, 0x00, 0x80, 0x00, 0x40, 0x00,
	0x3f, 0x00, 0x00, 0x00, 0xff, 0x00, 0x00, 0x00, 0x00, 0x00, 0x00, 0x00, 0x00, 0x00, 0x00, 0x00,
	0x00, 0x00, 0x3e, 0x00, 0x40, 0x00, 0x7e, 0x00, 0x40, 0x00, 0x40, 0x00, 0x3e, 0x00, 0x00, 0x00,
	0x00, 0x00, 0x00, 0x00, 0x00, 0x00, 0x00, 0x00, 0x00, 0x00, 0x00, 0x00, 0x02, 0x00, 0x3e, 0x00,
	0x44, 0x00, 0x7e, 0x00, 0x48, 0x00, 0x50, 0x00, 0x3e, 0x00, 0x20, 0x00, 0x00, 0x00, 0x00, 0x00,
	0x00, 0x00, 0x00, 0x00, 0x00, 0x80, 0x01, 0x00, 0x02, 0x00, 0x04, 0x00, 0x08, 0x00, 0x10, 0x00,
	0x20, 0x00, 0x40, 0x00, 0xff, 0x80, 0x00, 0x00, 0x00, 0x00, 0x00, 0x00, 0x00, 0x00, 0x00, 0x00,
	0xff, 0x00, 0x81, 0x00, 0x42, 0x00, 0x42, 0x00, 0x24, 0x00, 0x24, 0x00, 0x24, 0x00, 0x18, 0x00,
	0x18, 0x00, 0x00, 0x00, 0x00, 0x00, 0x00, 0x00, 0x00, 0x00, 0x00, 0x00, 0x1e, 0x00, 0x21, 0x00,
	0x7c, 0x80, 0x52, 0x80, 0x5c, 0x80, 0x54, 0x80, 0x76, 0x80, 0x21, 0x00, 0x1e, 0x00, 0x00, 0x00,
	0x00, 0x00, 0x00, 0x00, 0x00, 0x00, 0x00, 0x00, 0x1e, 0x00, 0x21, 0x00, 0x4c, 0x80, 0x54, 0x80,
	0x50, 0x80, 0x52, 0x80, 0x4c, 0x80, 0x21, 0x00, 0x1e, 0x00, 0x00, 0x00, 0x00, 0x00, 0x00, 0x00,
	0x00, 0x00, 0x00, 0x00, 0xfa, 0x80, 0xaa, 0x80, 0x25, 0x40, 0x25, 0x40, 0x25, 0x40, 0x77, 0x60,
	0x00, 0x00, 0x00, 0x00, 0x00, 0x00, 0x00, 0x00, 0x00, 0x00, 0x00, 0x00, 0x00, 0x00, 0xff, 0x80,
	0x41, 0x00, 0x41, 0x00, 0x41, 0x00, 0x41, 0x00, 0x41, 0x00, 0x41, 0x00, 0x41, 0x00, 0x41, 0x00,
	0x41, 0x00, 0xe3, 0x80, 0x00, 0x00, 0x00, 0x00, 0x02, 0x00, 0x02, 0x00, 0x04, 0x00, 0x04, 0x00,
	0x04, 0x00, 0x64, 0x00, 0xa8, 0x00, 0x28, 0x00, 0x28, 0x00, 0x10, 0x00, 0x10, 0x00, 0x00, 0x00,
	0x00, 0x00, 0x00, 0x00, 0x00, 0x00, 0x00, 0x00, 0x00, 0x00, 0x00, 0x00, 0x00, 0x00, 0x00, 0x00,
	0x00, 0x00, 0x60, 0x00, 0x00, 0x00, 0x00, 0x00, 0x00, 0x00, 0x00, 0x00, 0x00, 0x00, 0x00, 0x00,
	0x00, 0x00, 0x00, 0x00, 0x00, 0x00, 0x00, 0x00, 0x00, 0x00, 0x00, 0x00, 0x00, 0x00, 0x7f, 0x00,
	0x01, 0x00, 0x01, 0x00, 0x01, 0x00, 0x00, 0x00, 0x00, 0x00, 0x00, 0x00, 0x00, 0x00, 0x00, 0x00,
	0x00, 0x00, 0x00, 0x00, 0x00, 0x00, 0x18, 0x00, 0x18, 0x00, 0x24, 0x00, 0x24, 0x00, 0x42, 0x00,
	0x42, 0x00, 0x00, 0x00, 0x00, 0x00, 0x00, 0x00, 0x00, 0x00, 0x00, 0x00, 0x00, 0x00, 0x00, 0x00,
	0x00, 0x00, 0x42, 0x00, 0x42, 0x00, 0x24, 0x00, 0x24, 0x00, 0x18, 0x00, 0x18, 0x00, 0x00, 0x00,
	0x00, 0x00, 0x00, 0x00, 0x00, 0x00, 0x00, 0x00, 0x00, 0x00, 0x00, 0x00, 0x00, 0x00, 0x10, 0x40,
	0x3f, 0xe0, 0x60, 0x30, 0x3f, 0xe0, 0x10, 0x40, 0x00, 0x00, 0x00, 0x00, 0x00, 0x00, 0x00, 0x00,
	0x00, 0x00, 0x00, 0x00, 0x00, 0x00, 0x00, 0x00, 0x00, 0x00, 0x20, 0x00, 0x7f, 0xe0, 0xc0, 0x00,
	0x7f, 0xe0, 0x20, 0x00, 0x00, 0x00, 0x00, 0x00, 0x00, 0x00, 0x00, 0x00, 0x10, 0x00, 0x38, 0x00,
	0x6c, 0x00, 0x28, 0x00, 0x28, 0x00, 0x28, 0x00, 0x28, 0x00, 0x28, 0x00, 0x28, 0x00, 0x28, 0x00,
	0x28, 0x00, 0x28, 0x00, 0x00, 0x00, 0x00, 0x00, 0x00, 0x00, 0x00, 0x00, 0x00, 0x00, 0x00, 0x00,
	0x00, 0x00, 0x00, 0x40, 0x7f, 0xe0, 0x00, 0x30, 0x7f, 0xe0, 0x00, 0x40, 0x00, 0x00, 0x00, 0x00,
	0x00, 0x00, 0x00, 0x00, 0x28, 0x00, 0x28, 0x00, 0x28, 0x00, 0x28, 0x00, 0x28, 0x00, 0x28, 0x00,
	0x28, 0x00, 0x28, 0x00, 0x6c, 0x00, 0x38, 0x00, 0x10, 0x00, 0x00, 0x00, 0x00, 0x00, 0x00, 0x00,
	0x00, 0x00, 0x00, 0x00, 0x30, 0x00, 0x30, 0x00, 0x48, 0x00, 0x84, 0x00, 0x84, 0x00, 0x48, 0x00,
	0x48, 0x00, 0x30, 0x00, 0x30, 0x00, 0x00, 0x00, 0x00, 0x00, 0x00, 0x00, 0x00, 0x00, 0x10, 0x00,
	0x20, 0x00, 0x20, 0x00, 0x40, 0x00, 0x40, 0x00, 0x80, 0x00, 0x40, 0x00, 0x40, 0x00, 0x20, 0x00,
	0x20, 0x00, 0x10, 0x00, 0x00, 0x00, 0x00, 0x00, 0x00, 0x00, 0x00, 0x00, 0x1e, 0x00, 0x21, 0x00,
	0x5c, 0x80, 0x52, 0x80, 0x5c, 0x80, 0x52, 0x80, 0x52, 0x80, 0x21, 0x00, 0x1e, 0x00, 0x00, 0x00,
	0x00, 0x00, 0x00, 0x00, 0x00, 0x00, 0x00, 0x00, 0x1e, 0x00, 0x21, 0x00, 0x4c, 0x80, 0x52, 0x80,
	0x50, 0x80, 0x52, 0x80, 0x4c, 0x80, 0x21, 0x00, 0x1e, 0x00, 0x00, 0x00, 0x00, 0x00, 0x00, 0x00,
	0x00, 0x00, 0x00, 0x00, 0xfa, 0x80, 0x22, 0x80, 0x25, 0x40, 0x25, 0x40, 0x25, 0x40, 0x25, 0x40,
	0x00, 0x00, 0x00, 0x00, 0x00, 0x00, 0x00, 0x00, 0x00, 0x00, 0x00, 0x00, 0x00, 0x00, 0xfe, 0x00,
	0x82, 0x00, 0x40, 0x00, 0x20, 0x00, 0x10, 0x00, 0x08, 0x00, 0x10, 0x00, 0x20, 0x00, 0x40, 0x00,
	0x81, 0x00, 0xff, 0x00, 0x00, 0x00, 0x00, 0x00, 0x10, 0x00, 0x10, 0x00, 0x20, 0x00, 0x20, 0x00,
	0x20, 0x00, 0x40, 0x00, 0x40, 0x00, 0x40, 0x00, 0x40, 0x00, 0x40, 0x00, 0x40, 0x00, 0x40, 0x00,
	0x40, 0x00, 0x40, 0x00, 0x40, 0x00, 0x40, 0x00, 0x40, 0x00, 0x40, 0x00, 0x40, 0x00, 0x40, 0x00,
	0x40, 0x00, 0x40, 0x00, 0x40, 0x00, 0x40, 0x00, 0x40, 0x00, 0x40, 0x00, 0x40, 0x00, 0x40, 0x00,
	0x40, 0x00, 0x40, 0x00, 0x40, 0x00, 0x40, 0x00, 0x40, 0x00, 0x40, 0x00, 0x40, 0x00, 0x40, 0x00,
	0x40, 0x00, 0x20, 0x00, 0x20, 0x00, 0x20, 0x00, 0x10, 0x00, 0x10, 0x00, 0x40, 0x00, 0x40, 0x00,
	0x40, 0x00, 0x40, 0x00, 0x40, 0x00, 0x40, 0x00, 0x40, 0x00, 0x40, 0x00, 0x40, 0x00, 0x40, 0x00,
	0x40, 0x00, 0x40, 0x00, 0x40, 0x00, 0x40, 0x00, 0x40, 0x00, 0x40, 0x00, 0x40, 0x00, 0x40, 0x00,
	0x40, 0x00, 0x40, 0x00, 0x40, 0x00, 0x40, 0x00, 0x40, 0x00, 0x40, 0x00, 0x40, 0x00, 0x40, 0x00,
	0x40, 0x00, 0x40, 0x00, 0x40, 0x00, 0x40, 0x00, 0x40, 0x00, 0x40, 0x00, 0x40, 0x00, 0x40, 0x00,
	0x40, 0x00, 0x40, 0x00, 0x40, 0x00, 0x40, 0x00, 0x40, 0x00, 0x40, 0x00, 0x40, 0x00, 0x70, 0x00,
	0x20, 0x00, 0x20, 0x00, 0x20, 0x00, 0x20, 0x00, 0x20, 0x00, 0x20, 0x00, 0x20, 0x00, 0x20, 0x00,
	0x20, 0x00, 0x20, 0x00, 0x20, 0x00, 0x20, 0x00, 0x20, 0x00, 0x20, 0x00, 0x20, 0x00, 0x20, 0x00,
	0x20, 0x00, 0x20, 0x00, 0x20, 0x00, 0x40, 0x00, 0x80, 0x00, 0x40, 0x00, 0x20, 0x00, 0x20, 0x00,
	0x20, 0x00, 0x20, 0x00, 0x20, 0x00, 0x20, 0x00, 0x20, 0x00, 0x20, 0x00, 0x20, 0x00, 0x20, 0x00,
	0x20, 0x00, 0x20, 0x00, 0x20, 0x00, 0x20, 0x00, 0x20, 0x00, 0x20, 0x00, 0x20, 0x00, 0x20, 0x00,
	0x20, 0x00, 0x18, 0x00, 0x20, 0x00, 0x20, 0x00, 0x20, 0x00, 0x20, 0x00, 0x20, 0x00, 0x20, 0x00,
	0x20, 0x00, 0x20, 0x00, 0x20, 0x00, 0x20, 0x00, 0x20, 0x00, 0x20, 0x00, 0x20, 0x00, 0x20, 0x00,
	0x00, 0x00, 0x00, 0x00, 0x00, 0x00, 0x00, 0x00, 0x00, 0x00, 0x00, 0x00, 0x00, 0x00, 0x00, 0x00,
	0x00, 0x00, 0x00, 0x00, 0x00, 0x00, 0x00, 0x00, 0x00, 0x00, 0x00, 0x00, 0x00, 0x00, 0x80, 0x00,
	0x40, 0x00, 0x40, 0x00, 0x20, 0x00, 0x20, 0x00, 0x10, 0x00, 0x10, 0x00, 0x20, 0x00, 0x20, 0x00,
	0x40, 0x00, 0x40, 0x00, 0x80, 0x00, 0x00, 0x00, 0x28, 0x00, 0x20, 0x00, 0x20, 0x00, 0x20, 0x00,
	0x20, 0x00, 0x20, 0x00, 0x20, 0x00, 0x20, 0x00, 0x20, 0x00, 0x20, 0x00, 0x20, 0x00, 0x20, 0x00,
	0xa0, 0x00, 0xc0, 0x00, 0x05, 0x80, 0x08, 0x00, 0x08, 0x00, 0x08, 0x00, 0x08, 0x00, 0x08, 0x00,
	0x08, 0x00, 0x08, 0x00, 0x08, 0x00, 0x08, 0x00, 0x08, 0x00, 0x08, 0x00, 0x08, 0x00, 0x08, 0x00,
	0x40, 0x00, 0x40, 0x00, 0x40, 0x00, 0x40, 0x00, 0x40, 0x00, 0x40, 0x00, 0x40, 0x00, 0x40, 0x00,
	0x40, 0x00, 0x40, 0x00, 0x40, 0x00, 0x40, 0x00, 0x40, 0x00, 0x40, 0x00, 0x08, 0x00, 0x08, 0x00,
	0x08, 0x00, 0x08, 0x00, 0x08, 0x00, 0x08, 0x00, 0x08, 0x00, 0x08, 0x00, 0x08, 0x00, 0x08, 0x00,
	0x08, 0x00, 0x08, 0x00, 0xd0, 0x00, 0xe0, 0x00, 0x40, 0x00, 0x40, 0x00, 0x20, 0x00, 0x20, 0x00,
	0x20, 0x00, 0x10, 0x00, 0x10, 0x00, 0x10, 0x00, 0x10, 0x00, 0x10, 0x00, 0x10, 0x00, 0x10, 0x00,
	0x10, 0x00, 0x10, 0x00, 0x10, 0x00, 0x10, 0x00, 0x10, 0x00, 0x10, 0x00, 0x10, 0x00, 0x10, 0x00,
	0x10, 0x00, 0x10, 0x00, 0x10, 0x00, 0x10, 0x00, 0x10, 0x00, 0x10, 0x00, 0x10, 0x00, 0x10, 0x00,
	0x10, 0x00, 0x10, 0x00, 0x10, 0x00, 0x10, 0x00, 0x10, 0x00, 0x10, 0x00, 0x10, 0x00, 0x10, 0x00,
	0x10, 0x00, 0x20, 0x00, 0x20, 0x00, 0x20, 0x00, 0x40, 0x00, 0x40, 0x00, 0x10, 0x00, 0x10, 0x00,
	0x10, 0x00, 0x10, 0x00, 0x10, 0x00, 0x10, 0x00, 0x10, 0x00, 0x10, 0x00, 0x10, 0x00, 0x10, 0x00,
	0x10, 0x00, 0x10, 0x00, 0x10, 0x00, 0x10, 0x00, 0x10, 0x00, 0x10, 0x00, 0x10, 0x00, 0x10, 0x00,
	0x10, 0x00, 0x10, 0x00, 0x10, 0x00, 0x10, 0x00, 0x10, 0x00, 0x10, 0x00, 0x10, 0x00, 0x10, 0x00,
	0x10, 0x00, 0x10, 0x00, 0x10, 0x00, 0x10, 0x00, 0x10, 0x00, 0x10, 0x00, 0x10, 0x00, 0x10, 0x00,
	0x10, 0x00, 0x10, 0x00, 0x10, 0x00, 0x10, 0x00, 0x10, 0x00, 0x10, 0x00, 0x10, 0x00, 0x70, 0x00,
	0x20, 0x00, 0x20, 0x00, 0x20, 0x00, 0x20, 0x00, 0x20, 0x00, 0x20, 0x00, 0x20, 0x00, 0x20, 0x00,
	0x20, 0x00, 0x20, 0x00, 0x20, 0x00, 0x20, 0x00, 0x20, 0x00, 0x20, 0x00, 0x20, 0x00, 0x20, 0x00,
	0x20, 0x00, 0x20, 0x00, 0x20, 0x00, 0x10, 0x00, 0x08, 0x00, 0x10, 0x00, 0x20, 0x00, 0x20, 0x00,
	0x20, 0x00, 0x20, 0x00, 0x20, 0x00, 0x20, 0x00, 0x20, 0x00, 0x20, 0x00, 0x20, 0x00, 0x20, 0x00,
	0x20, 0x00, 0x20, 0x00, 0x20, 0x00, 0x20, 0x00, 0x20, 0x00, 0x20, 0x00, 0x20, 0x00, 0x20, 0x00,
	0x20, 0x00, 0xc0, 0x00,
};
static const unsigned char xfa_symb12[] = {
	0x03, 0x04, 0x09, 0x07, 0x07, 0x0a, 0x0a, 0x06, 0x05, 0x05, 0x06, 0x07, 0x03, 0x07, 0x03, 0x03,
	0x06, 0x06, 0x06, 0x06, 0x06, 0x06, 0x06, 0x06, 0x06, 0x06, 0x03, 0x03, 0x07, 0x07, 0x07, 0x06,
	0x07, 0x09, 0x08, 0x09, 0x08, 0x08, 0x0a, 0x08, 0x09, 0x04, 0x08, 0x09, 0x09, 0x0b, 0x09, 0x09,
	0x09, 0x09, 0x07, 0x07, 0x08, 0x09, 0x07, 0x0a, 0x08, 0x0a, 0x08, 0x05, 0x09, 0x05, 0x08, 0x06,
	0x06, 0x08, 0x07, 0x07, 0x07, 0x06, 0x08, 0x07, 0x08, 0x03, 0x08, 0x07, 0x07, 0x08, 0x07, 0x07,
	0x07, 0x07, 0x07, 0x08, 0x06, 0x08, 0x09, 0x09, 0x06, 0x09, 0x06, 0x06, 0x03, 0x06, 0x07, 0x00,
	0x00, 0x00, 0x00, 0x00, 0x00, 0x00, 0x00, 0x00, 0x00, 0x00, 0x00, 0x00, 0x00, 0x00, 0x00, 0x00,
	0x00, 0x00, 0x00, 0x00, 0x00, 0x00, 0x00, 0x00, 0x00, 0x00, 0x00, 0x00, 0x00, 0x00, 0x00, 0x00,
	0x00, 0x08, 0x03, 0x07, 0x04, 0x09, 0x06, 0x09, 0x07, 0x09, 0x09, 0x0d, 0x0c, 0x07, 0x0c, 0x07,
	0x05, 0x07, 0x05, 0x07, 0x07, 0x09, 0x06, 0x06, 0x07, 0x07, 0x07, 0x07, 0x0b, 0x07, 0x0d, 0x08,
	0x0a, 0x09, 0x0a, 0x0a, 0x0a, 0x0a, 0x0a, 0x0a, 0x0a, 0x09, 0x09, 0x09, 0x09, 0x09, 0x08, 0x08,
	0x0a, 0x09, 0x0a, 0x0a, 0x0b, 0x0a, 0x07, 0x03, 0x09, 0x08, 0x08, 0x0d, 0x0c, 0x08, 0x0c, 0x08,
	0x06, 0x04, 0x0a, 0x0a, 0x0a, 0x09, 0x05, 0x05, 0x05, 0x05, 0x05, 0x05, 0x06, 0x06, 0x06, 0x06,
	0x00, 0x04, 0x04, 0x09, 0x09, 0x09, 0x05, 0x05, 0x05, 0x05, 0x05, 0x05, 0x06, 0x06, 0x06,
};

static const unsigned char xfb_symb14[] = {
	0x00, 0x00, 0x00, 0x00, 0x00, 0x00, 0x00, 0x00, 0x00, 0x00, 0x00, 0x00, 0x00, 0x00, 0x00, 0x00,
	0x00, 0x00, 0x00, 0x00, 0x00, 0x00, 0x00, 0x00, 0x00, 0x00, 0x00, 0x00, 0x00, 0x00, 0x00, 0x00,
	0x00, 0x00, 0x20, 0x00, 0x20, 0x00, 0x20, 0x00, 0x20, 0x00, 0x20, 0x00, 0x20, 0x00, 0x20, 0x00,
	0x00, 0x00, 0x20, 0x00, 0x20, 0x00, 0x00, 0x00, 0x00, 0x00, 0x00, 0x00, 0x00, 0x00, 0x00, 0x00,
	0x80, 0x80, 0x41, 0x00, 0x41, 0x00, 0x3e, 0x00, 0x22, 0x00, 0x22, 0x00, 0x14, 0x00, 0x14, 0x00,
	0x08, 0x00, 0x08, 0x00, 0x00, 0x00, 0x00, 0x00, 0x00, 0x00, 0x00, 0x00, 0x00, 0x00, 0x14, 0x00,
	0x14, 0x00, 0x14, 0x00, 0x7e, 0x00, 0x28, 0x00, 0x28, 0x00, 0xfc, 0x00, 0x50, 0x00, 0x50, 0x00,
	0x50, 0x00, 0x00, 0x00, 0x00, 0x00, 0x00, 0x00, 0x00, 0x00, 0x00, 0x00, 0x7e, 0x00, 0x02, 0x00,
	0x02, 0x00, 0x02, 0x00, 0x7e, 0x00, 0x02, 0x00, 0x02, 0x00, 0x02, 0x00, 0x02, 0x00, 0x7e, 0x00,
	0x00, 0x00, 0x00, 0x00, 0x00, 0x00, 0x00, 0x00, 0x00, 0x00, 0x3c, 0xc0, 0x4b, 0x80, 0x49, 0x00,
	0x4a, 0x00, 0x36, 0x00, 0x0d, 0x80, 0x0a, 0x40, 0x12, 0x40, 0x22, 0x40, 0x61, 0x80, 0x00, 0x00,
	0x00, 0x00, 0x00, 0x00, 0x00, 0x00, 0x00, 0x00, 0x18, 0x00, 0x24, 0x00, 0x24, 0x00, 0x38, 0x00,
	0x13, 0x80, 0x39, 0x00, 0x65, 0x00, 0x42, 0x00, 0x67, 0x40, 0x3d, 0x80, 0x00, 0x00, 0x00, 0x00,
	0x00, 0x00, 0x00, 0x00, 0x00, 0x00, 0x00, 0x00, 0x00, 0x00, 0x00, 0x00, 0xe0, 0x00, 0x10, 0x00,
	0x08, 0x00, 0x78, 0x00, 0x08, 0x00, 0x10, 0x00, 0xe0, 0x00, 0x00, 0x00, 0x00, 0x00, 0x00, 0x00,
	0x00, 0x00, 0x00, 0x00, 0x10, 0x00, 0x20, 0x00, 0x20, 0x00, 0x40, 0x00, 0x40, 0x00, 0x40, 0x00,
	0x40, 0x00, 0x40, 0x00, 0x40, 0x00, 0x40, 0x00, 0x20, 0x00, 0x20, 0x00, 0x10, 0x00, 0x00, 0x00,
	0x00, 0x00, 0x40, 0x00, 0x20, 0x00, 0x20, 0x00, 0x10, 0x00, 0x10, 0x00, 0x10, 0x00, 0x10, 0x00,
	0x10, 0x00, 0x10, 0x00, 0x10, 0x00, 0x20, 0x00, 0x20, 0x00, 0x40, 0x00, 0x00, 0x00, 0x00, 0x00,
	0x00, 0x00, 0x00, 0x00, 0x10, 0x00, 0x54, 0x00, 0x38, 0x00, 0x38, 0x00, 0x54, 0x00, 0x10, 0x00,
	0x00, 0x00, 0x00, 0x00, 0x00, 0x00, 0x00, 0x00, 0x00, 0x00, 0x00, 0x00, 0x00, 0x00, 0x00, 0x00,
	0x00, 0x00, 0x00, 0x00, 0x10, 0x00, 0x10, 0x00, 0x10, 0x00, 0xfe, 0x00, 0x10, 0x00, 0x10, 0x00,
	0x10, 0x00, 0x00, 0x00, 0x00, 0x00, 0x00, 0x00, 0x00, 0x00, 0x00, 0x00, 0x00, 0x00, 0x00, 0x00,
	0x00, 0x00, 0x00, 0x00, 0x00, 0x00, 0x00, 0x00, 0x00, 0x00, 0x00, 0x00, 0x40, 0x00, 0x40, 0x00,
	0x40, 0x00, 0x80, 0x00, 0x00, 0x00, 0x00, 0x00, 0x00, 0x00, 0x00, 0x00, 0x00, 0x00, 0x00, 0x00,
	0x00, 0x00, 0x00, 0x00, 0x00, 0x00, 0xfe, 0x00, 0x00, 0x00, 0x00, 0x00, 0x00, 0x00, 0x00, 0x00,
	0x00, 0x00, 0x00, 0x00, 0x00, 0x00, 0x00, 0x00, 0x00, 0x00, 0x00, 0x00, 0x00, 0x00, 0x00, 0x00,
	0x00, 0x00, 0x00, 0x00, 0x00, 0x00, 0x00, 0x00, 0x40, 0x00, 0x40, 0x00, 0x00, 0x00, 0x00, 0x00,
	0x00, 0x00, 0x00, 0x00, 0x00, 0x00, 0x10, 0x00, 0x10, 0x00, 0x20, 0x00, 0x20, 0x00, 0x20, 0x00,
	0x40, 0x00, 0x40, 0x00, 0x40, 0x00, 0x80, 0x00, 0x80, 0x00, 0x00, 0x00, 0x00, 0x00, 0x00, 0x00,
	0x00, 0x00, 0x00, 0x00, 0x78, 0x00, 0xcc, 0x00, 0x84, 0x00, 0x84, 0x00, 0x84, 0x00, 0x84, 0x00,
	0x84, 0x00, 0x84, 0x00, 0xcc, 0x00, 0x78, 0x00, 0x00, 0x00, 0x00, 0x00, 0x00, 0x00, 0x00, 0x00,
	0x00, 0x00, 0x10, 0x00, 0x70, 0x00, 0x10, 0x00, 0x10, 0x00, 0x10, 0x00, 0x10, 0x00, 0x10, 0x00,
	0x10, 0x00, 0x10, 0x00, 0x7c, 0x00, 0x00, 0x00, 0x00, 0x00, 0x00, 0x00, 0x00, 0x00, 0x00, 0x00,
	0x70, 0x00, 0xd8, 0x00, 0x88, 0x00, 0x08, 0x00, 0x18, 0x00, 0x10, 0x00, 0x20, 0x00, 0x40, 0x00,
	0xc4, 0x00, 0xfc, 0x00, 0x00, 0x00, 0x00, 0x00, 0x00, 0x00, 0x00, 0x00, 0x00, 0x00, 0x78, 0x00,
	0xcc, 0x00, 0x84, 0x00, 0x0c, 0x00, 0x38, 0x00, 0x0c, 0x00, 0x04, 0x00, 0x04, 0x00, 0xcc, 0x00,
	0x78, 0x00, 0x00, 0x00, 0x00, 0x00, 0x00, 0x00, 0x00, 0x00, 0x00, 0x00, 0x08, 0x00, 0x18, 0x00,
	0x18, 0x00, 0x28, 0x00, 0x68, 0x00, 0x48, 0x00, 0x88, 0x00, 0xfc, 0x00, 0x08, 0x00, 0x08, 0x00,
	0x00, 0x00, 0x00, 0x00, 0x00, 0x00, 0x00, 0x00, 0x00, 0x00, 0x3c, 0x00, 0x20, 0x00, 0x40, 0x00,
	0x70, 0x00, 0x18, 0x00, 0x0c, 0x00, 0x04, 0x00, 0x04, 0x00, 0x48, 0x00, 0x70, 0x00, 0x00, 0x00,
	0x00, 0x00, 0x00, 0x00, 0x00, 0x00, 0x00, 0x00, 0x1c, 0x00, 0x30, 0x00, 0x40, 0x00, 0x40, 0x00,
	0xf8, 0x00, 0x8c, 0x00, 0x84, 0x00, 0x84, 0x00, 0xcc, 0x00, 0x78, 0x00, 0x00, 0x00, 0x00, 0x00,
	0x00, 0x00, 0x00, 0x00, 0x00, 0x00, 0x7e, 0x00, 0x42, 0x00, 0x04, 0x00, 0x04, 0x00, 0x08, 0x00,
	0x08, 0x00, 0x10, 0x00, 0x10, 0x00, 0x20, 0x00, 0x20, 0x00, 0x00, 0x00, 0x00, 0x00, 0x00, 0x00,
	0x00, 0x00, 0x00, 0x00, 0x38, 0x00, 0x6c, 0x00, 0x44, 0x00, 0x44, 0x00, 0x38, 0x00, 0x44, 0x00,
	0x44, 0x00, 0x44, 0x00, 0x6c, 0x00, 0x38, 0x00, 0x00, 0x00, 0x00, 0x00, 0x00, 0x00, 0x00, 0x00,
	0x00, 0x00, 0x78, 0x00, 0xcc, 0x00, 0x84, 0x00, 0x84, 0x00, 0xc4, 0x00, 0x78, 0x00, 0x18, 0x00,
	0x10, 0x00, 0x60, 0x00, 0xc0, 0x00, 0x00, 0x00, 0x00, 0x00, 0x00, 0x00, 0x00, 0x00, 0x00, 0x00,
	0x00, 0x00, 0x00, 0x00, 0x00, 0x00, 0x20, 0x00, 0x20, 0x00, 0x00, 0x00, 0x00, 0x00, 0x00, 0x00,
	0x20, 0x00, 0x20, 0x00, 0x00, 0x00, 0x00, 0x00, 0x00, 0x00, 0x00, 0x00, 0x00, 0x00, 0x00, 0x00,
	0x00, 0x00, 0x00, 0x00, 0x20, 0x00, 0x20, 0x00, 0x00, 0x00, 0x00, 0x00, 0x00, 0x00, 0x20, 0x00,
	0x20, 0x00, 0x20, 0x00, 0x40, 0x00, 0x00, 0x00, 0x00, 0x00, 0x00, 0x00, 0x00, 0x00, 0x00, 0x00,
	0x00, 0x00, 0x01, 0x00, 0x06, 0x00, 0x18, 0x00, 0x60, 0x00, 0x18, 0x00, 0x06, 0x00, 0x01, 0x00,
	0x00, 0x00, 0x00, 0x00, 0x00, 0x00, 0x00, 0x00, 0x00, 0x00, 0x00, 0x00, 0x00, 0x00, 0x00, 0x00,
	0x00, 0x00, 0x00, 0x00, 0xfe, 0x00, 0x00, 0x00, 0xfe, 0x00, 0x00, 0x00, 0x00, 0x00, 0x00, 0x00,
	0x00, 0x00, 0x00, 0x00, 0x00, 0x00, 0x00, 0x00, 0x00, 0x00, 0x00, 0x00, 0x00, 0x00, 0x80, 0x00,
	0x60, 0x00, 0x18, 0x00, 0x06, 0x00, 0x18, 0x00, 0x60, 0x00, 0x80, 0x00, 0x00, 0x00, 0x00, 0x00,
	0x00, 0x00, 0x00, 0x00, 0x00, 0x00, 0x70, 0x00, 0x88, 0x00, 0x88, 0x00, 0x08, 0x00, 0x10, 0x00,
	0x20, 0x00, 0x20, 0x00, 0x00, 0x00, 0x20, 0x00, 0x20, 0x00, 0x00, 0x00, 0x00, 0x00, 0x00, 0x00,
	0x00, 0x00, 0x00, 0x00, 0x00, 0x00, 0x00, 0x00, 0x00, 0x00, 0x72, 0x00, 0x9c, 0x00, 0x00, 0x00,
	0xfe, 0x00, 0x00, 0x00, 0x00, 0x00, 0xfe, 0x00, 0x00, 0x00, 0x00, 0x00, 0x00, 0x00, 0x00, 0x00,
	0x00, 0x00, 0x04, 0x00, 0x0e, 0x00, 0x0a, 0x00, 0x0a, 0x00, 0x11, 0x00, 0x11, 0x00, 0x1f, 0x00,
	0x31, 0x80, 0x20, 0x80, 0x71, 0xc0, 0x00, 0x00, 0x00, 0x00, 0x00, 0x00, 0x00, 0x00, 0x00, 0x00,
	0x7e, 0x00, 0x23, 0x00, 0x21, 0x00, 0x23, 0x00, 0x3e, 0x00, 0x23, 0x00, 0x21, 0x00, 0x21, 0x00,
	0x23, 0x00, 0x7e, 0x00, 0x00, 0x00, 0x00, 0x00, 0x00, 0x00, 0x00, 0x00, 0x00, 0x00, 0x71, 0xc0,
	0x20, 0x80, 0x11, 0x00, 0x1b, 0x00, 0x0e, 0x00, 0x0a, 0x00, 0x11, 0x00, 0x31, 0x80, 0x20, 0x80,
	0x71, 0xc0, 0x00, 0x00, 0x00, 0x00, 0x00, 0x00, 0x00, 0x00, 0x00, 0x00, 0x08, 0x00, 0x08, 0x00,
	0x14, 0x00, 0x14, 0x00, 0x14, 0x00, 0x22, 0x00, 0x22, 0x00, 0x22, 0x00, 0x41, 0x00, 0x7f, 0x00,
	0x00, 0x00, 0x00, 0x00, 0x00, 0x00, 0x00, 0x00, 0x00, 0x00, 0x7f, 0x00, 0x21, 0x00, 0x20, 0x00,
	0x22, 0x00, 0x3e, 0x00, 0x22, 0x00, 0x20, 0x00, 0x21, 0x00, 0x21, 0x00, 0x7f, 0x00, 0x00, 0x00,
	0x00, 0x00, 0x00, 0x00, 0x00, 0x00, 0x00, 0x00, 0x0e, 0x00, 0x04, 0x00, 0x3f, 0x80, 0x64, 0xc0,
	0x44, 0x40, 0x44, 0x40, 0x64, 0xc0, 0x3f, 0x80, 0x04, 0x00, 0x0e, 0x00, 0x00, 0x00, 0x00, 0x00,
	0x00, 0x00, 0x00, 0x00, 0x00, 0x00, 0x7f, 0x00, 0x21, 0x00, 0x20, 0x00, 0x20, 0x00, 0x20, 0x00,
	0x20, 0x00, 0x20, 0x00, 0x20, 0x00, 0x20, 0x00, 0x70, 0x00, 0x00, 0x00, 0x00, 0x00, 0x00, 0x00,
	0x00, 0x00, 0x00, 0x00, 0x71, 0xc0, 0x20, 0x80, 0x20, 0x80, 0x20, 0x80, 0x3f, 0x80, 0x20, 0x80,
	0x20, 0x80, 0x20, 0x80, 0x20, 0x80, 0x71, 0xc0, 0x00, 0x00, 0x00, 0x00, 0x00, 0x00, 0x00, 0x00,
	0x00, 0x00, 0x70, 0x00, 0x20, 0x00, 0x20, 0x00, 0x20, 0x00, 0x20, 0x00, 0x20, 0x00, 0x20, 0x00,
	0x20, 0x00, 0x20, 0x00, 0x70, 0x00, 0x00, 0x00, 0x00, 0x00, 0x00, 0x00, 0x00, 0x00, 0x00, 0x00,
	0x0c, 0x00, 0x0a, 0x00, 0x0a, 0x00, 0x66, 0x00, 0xa3, 0x00, 0x22, 0x00, 0x22, 0x00, 0x22, 0x00,
	0x36, 0x00, 0x1c, 0x00, 0x00, 0x00, 0x00, 0x00, 0x00, 0x00, 0x00, 0x00, 0x00, 0x00, 0x77, 0x00,
	0x22, 0x00, 0x24, 0x00, 0x28, 0x00, 0x38, 0x00, 0x28, 0x00, 0x24, 0x00, 0x22, 0x00, 0x21, 0x00,
	0x73, 0x80, 0x00, 0x00, 0x00, 0x00, 0x00, 0x00, 0x00, 0x00, 0x00, 0x00, 0x08, 0x00, 0x08, 0x00,
	0x14, 0x00, 0x36, 0x00, 0x22, 0x00, 0x22, 0x00, 0x63, 0x00, 0x41, 0x00, 0x41, 0x00, 0xe3, 0x80,
	0x00, 0x00, 0x00, 0x00, 0x00, 0x00, 0x00, 0x00, 0x00, 0x00, 0x70, 0x70, 0x30, 0x60, 0x28, 0xa0,
	0x28, 0xa0, 0x2d, 0xa0, 0x25, 0x20, 0x25, 0x20, 0x27, 0x20, 0x22, 0x20, 0x72, 0x70, 0x00, 0x00,
	0x00, 0x00, 0x00, 0x00, 0x00, 0x00, 0x00, 0x00, 0x71, 0xc0, 0x30, 0x80, 0x28, 0x80, 0x2c, 0x80,
	0x24, 0x80, 0x26, 0x80, 0x22, 0x80, 0x23, 0x80, 0x21, 0x80, 0x70, 0x80, 0x00, 0x00, 0x00, 0x00,
	0x00, 0x00, 0x00, 0x00, 0x00, 0x00, 0x1e, 0x00, 0x33, 0x00, 0x21, 0x00, 0x40, 0x80, 0x40, 0x80,
	0x40, 0x80, 0x40, 0x80, 0x21, 0x00, 0x33, 0x00, 0x1e, 0x00, 0x00, 0x00, 0x00, 0x00, 0x00, 0x00,
	0x00, 0x00, 0x00, 0x00, 0x7f, 0xc0, 0x20, 0x80, 0x20, 0x80, 0x20, 0x80, 0x20, 0x80, 0x20, 0x80,
	0x20, 0x80, 0x20, 0x80, 0x20, 0x80, 0x71, 0xc0, 0x00, 0x00, 0x00, 0x00, 0x00, 0x00, 0x00, 0x00,
	0x00, 0x00, 0x1e, 0x00, 0x33, 0x00, 0x21, 0x00, 0x52, 0x80, 0x5e, 0x80, 0x52, 0x80, 0x40, 0x80,
	0x21, 0x00, 0x33, 0x00, 0x1e, 0x00, 0x00, 0x00, 0x00, 0x00, 0x00, 0x00, 0x00, 0x00, 0x00, 0x00,
	0x7c, 0x00, 0x26, 0x00, 0x22, 0x00, 0x22, 0x00, 0x26, 0x00, 0x3c, 0x00, 0x20, 0x00, 0x20, 0x00,
	0x20, 0x00, 0x70, 0x00, 0x00, 0x00, 0x00, 0x00, 0x00, 0x00, 0x00, 0x00, 0x00, 0x00, 0x7f, 0x00,
	0x61, 0x00, 0x30, 0x00, 0x18, 0x00, 0x0c, 0x00, 0x08, 0x00, 0x10, 0x00, 0x20, 0x00, 0x60, 0x80,
	0x7f, 0x80, 0x00, 0x00, 0x00, 0x00, 0x00, 0x00, 0x00, 0x00, 0x00, 0x00, 0x7f, 0x00, 0x49, 0x00,
	0x49, 0x00, 0x08, 0x00, 0x08, 0x00, 0x08, 0x00, 0x08, 0x00, 0x08, 0x00, 0x08, 0x00, 0x1c, 0x00,
	0x00, 0x00, 0x00, 0x00, 0x00, 0x00, 0x00, 0x00, 0x00, 0x00, 0xe3, 0x80, 0x41, 0x00, 0x22, 0x00,
	0x22, 0x00, 0x14, 0x00, 0x08, 0x00, 0x08, 0x00, 0x08, 0x00, 0x08, 0x00, 0x1c, 0x00, 0x00, 0x00,
	0x00, 0x00, 0x00, 0x00, 0x00, 0x00, 0x00, 0x00, 0x00, 0x00, 0x00, 0x00, 0x00, 0x00, 0x1c, 0x00,
	0x60, 0x00, 0x40, 0x00, 0x40, 0x00, 0x40, 0x00, 0x30, 0x00, 0x1c, 0x00, 0x02, 0x00, 0x12, 0x00,
	0x1c, 0x00, 0x00, 0x00, 0x00, 0x00, 0x0c, 0x00, 0x33, 0x00, 0x21, 0x00, 0x40, 0x80, 0x40, 0x80,
	0x40, 0x80, 0x40, 0x80, 0x21, 0x00, 0x92, 0x40, 0xf3, 0xc0, 0x00, 0x00, 0x00, 0x00, 0x00, 0x00,
	0x00, 0x00, 0x00, 0x00, 0x7f, 0x00, 0x41, 0x00, 0x00, 0x00, 0x22, 0x00, 0x3e, 0x00, 0x22, 0x00,
	0x00, 0x00, 0x00, 0x00, 0x80, 0x80, 0xff, 0x80, 0x00, 0x00, 0x00, 0x00, 0x00, 0x00, 0x00, 0x00,
	0x00, 0x00, 0xce, 0x60, 0x64, 0xc0, 0x24, 0x80, 0x24, 0x80, 0x1f, 0x00, 0x04, 0x00, 0x04, 0x00,
	0x04, 0x00, 0x04, 0x00, 0x0e, 0x00, 0x00, 0x00, 0x00, 0x00, 0x00, 0x00, 0x00, 0x00, 0x00, 0x00,
	0x7f, 0x00, 0x41, 0x00, 0x02, 0x00, 0x04, 0x00, 0x08, 0x00, 0x08, 0x00, 0x10, 0x00, 0x20, 0x00,
	0x41, 0x00, 0x7f, 0x00, 0x00, 0x00, 0x00, 0x00, 0x00, 0x00, 0x00, 0x00, 0x00, 0x00, 0x70, 0x00,
	0x40, 0x00, 0x40, 0x00, 0x40, 0x00, 0x40, 0x00, 0x40, 0x00, 0x40, 0x00, 0x40, 0x00, 0x40, 0x00,
	0x40, 0x00, 0x40, 0x00, 0x40, 0x00, 0x70, 0x00, 0x00, 0x00, 0x00, 0x00, 0x00, 0x00, 0x00, 0x00,
	0x00, 0x00, 0x0c, 0x00, 0x0c, 0x00, 0x00, 0x00, 0x00, 0x00, 0x00, 0x00, 0x61, 0x80, 0x61, 0x80,
	0x00, 0x00, 0x00, 0x00, 0x00, 0x00, 0x00, 0x00, 0x00, 0x00, 0x70, 0x00, 0x10, 0x00, 0x10, 0x00,
	0x10, 0x00, 0x10, 0x00, 0x10, 0x00, 0x10, 0x00, 0x10, 0x00, 0x10, 0x00, 0x10, 0x00, 0x10, 0x00,
	0x10, 0x00, 0x70, 0x00, 0x00, 0x00, 0x00, 0x00, 0x08, 0x00, 0x08, 0x00, 0x08, 0x00, 0x08, 0x00,
	0x08, 0x00, 0x08, 0x00, 0x08, 0x00, 0x08, 0x00, 0x08, 0x00, 0xff, 0x80, 0x00, 0x00, 0x00, 0x00,
	0x00, 0x00, 0x00, 0x00, 0x00, 0x00, 0x00, 0x00, 0x00, 0x00, 0x00, 0x00, 0x00, 0x00, 0x00, 0x00,
	0x00, 0x00, 0x00, 0x00, 0x00, 0x00, 0x00, 0x00, 0x00, 0x00, 0x00, 0x00, 0x00, 0x00, 0xfe, 0x00,
	0x00, 0x00, 0x00, 0x00, 0x00, 0x00, 0x00, 0x00, 0x00, 0x00, 0x00, 0x00, 0x00, 0x00, 0x00, 0x00,
	0x00, 0x00, 0x00, 0x00, 0x00, 0x00, 0x00, 0x00, 0x00, 0x00, 0x00, 0x00, 0x00, 0x00, 0x00, 0x00,
	0x00, 0x00, 0x00, 0x00, 0x00, 0x00, 0x00, 0x00, 0x3b, 0x00, 0x6a, 0x00, 0x44, 0x00, 0x44, 0x00,
	0x44, 0x00, 0x6a, 0x80, 0x33, 0x00, 0x00, 0x00, 0x00, 0x00, 0x00, 0x00, 0x00, 0x00, 0x3c, 0x00,
	0x66, 0x00, 0x42, 0x00, 0x46, 0x00, 0x4c, 0x00, 0x46, 0x00, 0x42, 0x00, 0x42, 0x00, 0x42, 0x00,
	0x66, 0x00, 0x5c, 0x00, 0x40, 0x00, 0x40, 0x00, 0x40, 0x00, 0x00, 0x00, 0x00, 0x00, 0x00, 0x00,
	0x00, 0x00, 0x00, 0x00, 0xc3, 0x00, 0xa6, 0x00, 0x24, 0x00, 0x3c, 0x00, 0x18, 0x00, 0x38, 0x00,
	0x28, 0x00, 0x64, 0x00, 0x45, 0x00, 0xc3, 0x00, 0x00, 0x00, 0x38, 0x00, 0x4c, 0x00, 0x40, 0x00,
	0x20, 0x00, 0x38, 0x00, 0x4c, 0x00, 0x44, 0x00, 0x44, 0x00, 0x44, 0x00, 0x6c, 0x00, 0x38, 0x00,
	0x00, 0x00, 0x00, 0x00, 0x00, 0x00, 0x00, 0x00, 0x00, 0x00, 0x00, 0x00, 0x00, 0x00, 0x00, 0x00,
	0x3c, 0x00, 0x64, 0x00, 0x40, 0x00, 0x30, 0x00, 0x40, 0x00, 0x64, 0x00, 0x38, 0x00, 0x00, 0x00,
	0x00, 0x00, 0x00, 0x00, 0x00, 0x00, 0x00, 0x00, 0x08, 0x00, 0x08, 0x00, 0x08, 0x00, 0x1c, 0x00,
	0x2a, 0x00, 0x49, 0x00, 0x49, 0x00, 0x49, 0x00, 0x2a, 0x00, 0x1c, 0x00, 0x08, 0x00, 0x08, 0x00,
	0x08, 0x00, 0x00, 0x00, 0x00, 0x00, 0x00, 0x00, 0x00, 0x00, 0x00, 0x00, 0xc4, 0x00, 0xa4, 0x00,
	0x24, 0x00, 0x28, 0x00, 0x28, 0x00, 0x18, 0x00, 0x18, 0x00, 0x10, 0x00, 0x30, 0x00, 0x30, 0x00,
	0x00, 0x00, 0x00, 0x00, 0x00, 0x00, 0x00, 0x00, 0x00, 0x00, 0x6c, 0x00, 0xb2, 0x00, 0x22, 0x00,
	0x22, 0x00, 0x22, 0x00, 0x22, 0x00, 0x22, 0x00, 0x02, 0x00, 0x02, 0x00, 0x02, 0x00, 0x00, 0x00,
	0x00, 0x00, 0x00, 0x00, 0x00, 0x00, 0x00, 0x00, 0x60, 0x00, 0xa0, 0x00, 0x20, 0x00, 0x20, 0x00,
	0x20, 0x00, 0x28, 0x00, 0x30, 0x00, 0x00, 0x00, 0x00, 0x00, 0x00, 0x00, 0x00, 0x00, 0x00, 0x00,
	0x00, 0x00, 0x00, 0x00, 0x00, 0x00, 0x0c, 0x00, 0x2a, 0x00, 0x69, 0x00, 0x49, 0x00, 0x49, 0x00,
	0x2a, 0x00, 0x1c, 0x00, 0x08, 0x00, 0x08, 0x00, 0x08, 0x00, 0x00, 0x00, 0x00, 0x00, 0x00, 0x00,
	0x00, 0x00, 0x00, 0x00, 0x46, 0x00, 0xca, 0x00, 0x50, 0x00, 0x70, 0x00, 0x58, 0x00, 0x4c, 0x00,
	0x46, 0x00, 0x00, 0x00, 0x00, 0x00, 0x00, 0x00, 0x00, 0x00, 0x00, 0x00, 0x30, 0x00, 0x28, 0x00,
	0x08, 0x00, 0x08, 0x00, 0x14, 0x00, 0x14, 0x00, 0x24, 0x00, 0x22, 0x00, 0x42, 0x80, 0x41, 0x80,
	0x00, 0x00, 0x00, 0x00, 0x00, 0x00, 0x00, 0x00, 0x00, 0x00, 0x00, 0x00, 0x00, 0x00, 0x00, 0x00,
	0x44, 0x00, 0x44, 0x00, 0x44, 0x00, 0x44, 0x00, 0x44, 0x00, 0x4d, 0x00, 0x7b, 0x00, 0x40, 0x00,
	0x60, 0x00, 0x00, 0x00, 0x00, 0x00, 0x00, 0x00, 0x00, 0x00, 0x00, 0x00, 0x00, 0x00, 0xc6, 0x00,
	0x42, 0x00, 0x22, 0x00, 0x22, 0x00, 0x14, 0x00, 0x14, 0x00, 0x08, 0x00, 0x00, 0x00, 0x00, 0x00,
	0x00, 0x00, 0x00, 0x00, 0x00, 0x00, 0x00, 0x00, 0x00, 0x00, 0x00, 0x00, 0x3c, 0x00, 0x66, 0x00,
	0x42, 0x00, 0x42, 0x00, 0x42, 0x00, 0x66, 0x00, 0x3c, 0x00, 0x00, 0x00, 0x00, 0x00, 0x00, 0x00,
	0x00, 0x00, 0x00, 0x00, 0x00, 0x00, 0x00, 0x00, 0x00, 0x00, 0x7e, 0x00, 0xa4, 0x00, 0x24, 0x00,
	0x24, 0x00, 0x24, 0x00, 0x25, 0x00, 0x66, 0x00, 0x00, 0x00, 0x00, 0x00, 0x00, 0x00, 0x00, 0x00,
	0x00, 0x00, 0x38, 0x00, 0x6c, 0x00, 0x44, 0x00, 0x44, 0x00, 0x7c, 0x00, 0x44, 0x00, 0x44, 0x00,
	0x44, 0x00, 0x6c, 0x00, 0x38, 0x00, 0x00, 0x00, 0x00, 0x00, 0x00, 0x00, 0x00, 0x00, 0x00, 0x00,
	0x00, 0x00, 0x00, 0x00, 0x00, 0x00, 0x3c, 0x00, 0x66, 0x00, 0x42, 0x00, 0x42, 0x00, 0x42, 0x00,
	0x66, 0x00, 0x5c, 0x00, 0x40, 0x00, 0x40, 0x00, 0x40, 0x00, 0x00, 0x00, 0x00, 0x00, 0x00, 0x00,
	0x00, 0x00, 0x00, 0x00, 0x3f, 0x00, 0x64, 0x00, 0x42, 0x00, 0x42, 0x00, 0x42, 0x00, 0x66, 0x00,
	0x3c, 0x00, 0x00, 0x00, 0x00, 0x00, 0x00, 0x00, 0x00, 0x00, 0x00, 0x00, 0x00, 0x00, 0x00, 0x00,
	0x00, 0x00, 0x78, 0x00, 0xa0, 0x00, 0x20, 0x00, 0x20, 0x00, 0x20, 0x00, 0x28, 0x00, 0x30, 0x00,
	0x00, 0x00, 0x00, 0x00, 0x00, 0x00, 0x00, 0x00, 0x00, 0x00, 0x00, 0x00, 0x00, 0x00, 0x00, 0x00,
	0x64, 0x00, 0xa2, 0x00, 0x22, 0x00, 0x22, 0x00, 0x22, 0x00, 0x26, 0x00, 0x1c, 0x00, 0x00, 0x00,
	0x00, 0x00, 0x00, 0x00, 0x00, 0x00, 0x00, 0x00, 0x00, 0x00, 0x00, 0x00, 0x7f, 0xc0, 0xa0, 0x80,
	0x44, 0x40, 0x44, 0x40, 0x44, 0x40, 0x44, 0x40, 0x64, 0xc0, 0x3b, 0x80, 0x00, 0x00, 0x00, 0x00,
	0x00, 0x00, 0x00, 0x00, 0x00, 0x00, 0x00, 0x00, 0x00, 0x00, 0x00, 0x00, 0x31, 0x80, 0x44, 0x40,
	0x44, 0x40, 0x44, 0x40, 0x44, 0x40, 0x64, 0xc0, 0x3b, 0x80, 0x00, 0x00, 0x00, 0x00, 0x00, 0x00,
	0x10, 0x00, 0x20, 0x00, 0x1c, 0x00, 0x10, 0x00, 0x20, 0x00, 0x3c, 0x00, 0x10, 0x00, 0x20, 0x00,
	0x40, 0x00, 0x40, 0x00, 0x60, 0x00, 0x3c, 0x00, 0x02, 0x00, 0x12, 0x00, 0x1c, 0x00, 0x00, 0x00,
	0x00, 0x00, 0x00, 0x00, 0x00, 0x00, 0x00, 0x00, 0x88, 0x80, 0x49, 0x00, 0x49, 0x00, 0x49, 0x00,
	0x6b, 0x00, 0x3e, 0x00, 0x08, 0x00, 0x08, 0x00, 0x08, 0x00, 0x08, 0x00, 0x00, 0x00, 0x10, 0x00,
	0x22, 0x00, 0x1e, 0x00, 0x08, 0x00, 0x10, 0x00, 0x20, 0x00, 0x20, 0x00, 0x40, 0x00, 0x40, 0x00,
	0x60, 0x00, 0x3c, 0x00, 0x02, 0x00, 0x12, 0x00, 0x1c, 0x00, 0x00, 0x00, 0x00, 0x00, 0x0c, 0x00,
	0x10, 0x00, 0x10, 0x00, 0x10, 0x00, 0x10, 0x00, 0x20, 0x00, 0x40, 0x00, 0x20, 0x00, 0x10, 0x00,
	0x10, 0x00, 0x10, 0x00, 0x10, 0x00, 0x0c, 0x00, 0x00, 0x00, 0x00, 0x00, 0x40, 0x00, 0x40, 0x00,
	0x40, 0x00, 0x40, 0x00, 0x40, 0x00, 0x40, 0x00, 0x40, 0x00, 0x40, 0x00, 0x40, 0x00, 0x40, 0x00,
	0x40, 0x00, 0x40, 0x00, 0x40, 0x00, 0x00, 0x00, 0x00, 0x00, 0x60, 0x00, 0x10, 0x00, 0x10, 0x00,
	0x10, 0x00, 0x10, 0x00, 0x08, 0x00, 0x04, 0x00, 0x08, 0x00, 0x10, 0x00, 0x10, 0x00, 0x10, 0x00,
	0x10, 0x00, 0x60, 0x00, 0x00, 0x00, 0x00, 0x00, 0x00, 0x00, 0x00, 0x00, 0x00, 0x00, 0x00, 0x00,
	0x00, 0x00, 0x31, 0x00, 0x49, 0x00, 0x46, 0x00, 0x00, 0x00, 0x00, 0x00, 0x00, 0x00, 0x00, 0x00,
	0x00, 0x00, 0x00, 0x00, 0x00, 0x00, 0x00, 0x00, 0x00, 0x00, 0x00, 0x00, 0x00, 0x00, 0x00, 0x00,
	0x00, 0x00, 0x00, 0x00, 0x00, 0x00, 0x00, 0x00, 0x00, 0x00, 0x00, 0x00, 0x00, 0x00, 0x00, 0x00,
	0x00, 0x00, 0x00, 0x00, 0x00, 0x00, 0x00, 0x00, 0x00, 0x00, 0x00, 0x00, 0x00, 0x00, 0x00, 0x00,
	0x00, 0x00, 0x00, 0x00, 0x00, 0x00, 0x00, 0x00, 0x00, 0x00, 0x00, 0x00, 0x00, 0x00, 0x00, 0x00,
	0x00, 0x00, 0x00, 0x00, 0x00, 0x00, 0x00, 0x00, 0x00, 0x00, 0x00, 0x00, 0x00, 0x00, 0x00, 0x00,
	0x00, 0x00, 0x00, 0x00, 0x00, 0x00, 0x00, 0x00, 0x00, 0x00, 0x00, 0x00, 0x00, 0x00, 0x00, 0x00,
	0x00, 0x00, 0x00, 0x00, 0x00, 0x00, 0x00, 0x00, 0x00, 0x00, 0x00, 0x00, 0x00, 0x00, 0x00, 0x00,
	0x00, 0x00, 0x00, 0x00, 0x00, 0x00, 0x00, 0x00, 0x00, 0x00, 0x00, 0x00, 0x00, 0x00, 0x00, 0x00,
	0x00, 0x00, 0x00, 0x00, 0x00, 0x00, 0x00, 0x00, 0x00, 0x00, 0x00, 0x00, 0x00, 0x00, 0x00, 0x00,
	0x00, 0x00, 0x00, 0x00, 0x00, 0x00, 0x00, 0x00, 0x00, 0x00, 0x00, 0x00, 0x00, 0x00, 0x00, 0x00,
	0x00, 0x00, 0x00, 0x00, 0x00, 0x00, 0x00, 0x00, 0x00, 0x00, 0x00, 0x00, 0x00, 0x00, 0x00, 0x00,
	0x00, 0x00, 0x00, 0x00, 0x00, 0x00, 0x00, 0x00, 0x00, 0x00, 0x00, 0x00, 0x00, 0x00, 0x00, 0x00,
	0x00, 0x00, 0x00, 0x00, 0x00, 0x00, 0x00, 0x00, 0x00, 0x00, 0x00, 0x00, 0x00, 0x00, 0x00, 0x00,
	0x00, 0x00, 0x00, 0x00, 0x00, 0x00, 0x00, 0x00, 0x00, 0x00, 0x00, 0x00, 0x00, 0x00, 0x00, 0x00,
	0x00, 0x00, 0x00, 0x00, 0x00, 0x00, 0x00, 0x00, 0x00, 0x00, 0x00, 0x00, 0x00, 0x00, 0x00, 0x00,
	0x00, 0x00, 0x00, 0x00, 0x00, 0x00, 0x00, 0x00, 0x00, 0x00, 0x00, 0x00, 0x00, 0x00, 0x00, 0x00,
	0x00, 0x00, 0x00, 0x00, 0x00, 0x00, 0x00, 0x00, 0x00, 0x00, 0x00, 0x00, 0x00, 0x00, 0x00, 0x00,
	0x00, 0x00, 0x00, 0x00, 0x00, 0x00, 0x00, 0x00, 0x00, 0x00, 0x00, 0x00, 0x00, 0x00, 0x00, 0x00,
	0x00, 0x00, 0x00, 0x00, 0x00, 0x00, 0x00, 0x00, 0x00, 0x00, 0x00, 0x00, 0x00, 0x00, 0x00, 0x00,
	0x00, 0x00, 0x00, 0x00, 0x00, 0x00, 0x00, 0x00, 0x00, 0x00, 0x00, 0x00, 0x00, 0x00, 0x00, 0x00,
	0x00, 0x00, 0x00, 0x00, 0x00, 0x00, 0x00, 0x00, 0x00, 0x00, 0x00, 0x00, 0x00, 0x00, 0x00, 0x00,
	0x00, 0x00, 0x00, 0x00, 0x00, 0x00, 0x00, 0x00, 0x00, 0x00, 0x00, 0x00, 0x00, 0x00, 0x00, 0x00,
	0x00, 0x00, 0x00, 0x00, 0x00, 0x00, 0x00, 0x00, 0x00, 0x00, 0x00, 0x00, 0x00, 0x00, 0x00, 0x00,
	0x00, 0x00, 0x00, 0x00, 0x00, 0x00, 0x00, 0x00, 0x00, 0x00, 0x00, 0x00, 0x00, 0x00, 0x00, 0x00,
	0x00, 0x00, 0x00, 0x00, 0x00, 0x00, 0x00, 0x00, 0x00, 0x00, 0x00, 0x00, 0x00, 0x00, 0x00, 0x00,
	0x00, 0x00, 0x00, 0x00, 0x00, 0x00, 0x00, 0x00, 0x00, 0x00, 0x00, 0x00, 0x00, 0x00, 0x00, 0x00,
	0x00, 0x00, 0x00, 0x00, 0x00, 0x00, 0x00, 0x00, 0x00, 0x00, 0x00, 0x00, 0x00, 0x00, 0x00, 0x00,
	0x00, 0x00, 0x00, 0x00, 0x00, 0x00, 0x00, 0x00, 0x00, 0x00, 0x00, 0x00, 0x00, 0x00, 0x00, 0x00,
	0x00, 0x00, 0x00, 0x00, 0x00, 0x00, 0x00, 0x00, 0x00, 0x00, 0x00, 0x00, 0x00, 0x00, 0x00, 0x00,
	0x00, 0x00, 0x00, 0x00, 0x00, 0x00, 0x00, 0x00, 0x00, 0x00, 0x00, 0x00, 0x00, 0x00, 0x00, 0x00,
	0x00, 0x00, 0x00, 0x00, 0x00, 0x00, 0x00, 0x00, 0x00, 0x00, 0x00, 0x00, 0x00, 0x00, 0x00, 0x00,
	0x00, 0x00, 0x00, 0x00, 0x00, 0x00, 0x00, 0x00, 0x00, 0x00, 0x00, 0x00, 0x00, 0x00, 0x00, 0x00,
	0x00, 0x00, 0x00, 0x00, 0x00, 0x00, 0x00, 0x00, 0x00, 0x00, 0x00, 0x00, 0x00, 0x00, 0x00, 0x00,
	0x00, 0x00, 0x00, 0x00, 0x00, 0x00, 0x00, 0x00, 0x00, 0x00, 0x00, 0x00, 0x00, 0x00, 0x00, 0x00,
	0x00, 0x00, 0x00, 0x00, 0x00, 0x00, 0x00, 0x00, 0x00, 0x00, 0x00, 0x00, 0x00, 0x00, 0x00, 0x00,
	0x00, 0x00, 0x00, 0x00, 0x00, 0x00, 0x00, 0x00, 0x00, 0x00, 0x00, 0x00, 0x00, 0x00, 0x00, 0x00,
	0x00, 0x00, 0x00, 0x00, 0x00, 0x00, 0x00, 0x00, 0x00, 0x00, 0x00, 0x00, 0x00, 0x00, 0x00, 0x00,
	0x00, 0x00, 0x00, 0x00, 0x00, 0x00, 0x00, 0x00, 0x00, 0x00, 0x00, 0x00, 0x00, 0x00, 0x00, 0x00,
	0x00, 0x00, 0x00, 0x00, 0x00, 0x00, 0x00, 0x00, 0x00, 0x00, 0x00, 0x00, 0x00, 0x00, 0x00, 0x00,
	0x00, 0x00, 0x00, 0x00, 0x00, 0x00, 0x00, 0x00, 0x00, 0x00, 0x00, 0x00, 0x00, 0x00, 0x00, 0x00,
	0x00, 0x00, 0x00, 0x00, 0x00, 0x00, 0x00, 0x00, 0x00, 0x00, 0x00, 0x00, 0x00, 0x00, 0x00, 0x00,
	0x00, 0x00, 0x00, 0x00, 0x00, 0x00, 0x00, 0x00, 0x00, 0x00, 0x00, 0x00, 0x00, 0x00, 0x00, 0x00,
	0x00, 0x00, 0x00, 0x00, 0x00, 0x00, 0x00, 0x00, 0x00, 0x00, 0x00, 0x00, 0x00, 0x00, 0x00, 0x00,
	0x00, 0x00, 0x00, 0x00, 0x00, 0x00, 0x00, 0x00, 0x00, 0x00, 0x00, 0x00, 0x00, 0x00, 0x00, 0x00,
	0x00, 0x00, 0x00, 0x00, 0x00, 0x00, 0x00, 0x00, 0x00, 0x00, 0x00, 0x00, 0x00, 0x00, 0x00, 0x00,
	0x00, 0x00, 0x00, 0x00, 0x00, 0x00, 0x00, 0x00, 0x00, 0x00, 0x00, 0x00, 0x00, 0x00, 0x00, 0x00,
	0x00, 0x00, 0x00, 0x00, 0x00, 0x00, 0x00, 0x00, 0x00, 0x00, 0x00, 0x00, 0x00, 0x00, 0x00, 0x00,
	0x00, 0x00, 0x00, 0x00, 0x00, 0x00, 0x00, 0x00, 0x00, 0x00, 0x00, 0x00, 0x00, 0x00, 0x00, 0x00,
	0x00, 0x00, 0x00, 0x00, 0x00, 0x00, 0x00, 0x00, 0x00, 0x00, 0x00, 0x00, 0x00, 0x00, 0x00, 0x00,
	0x00, 0x00, 0x00, 0x00, 0x00, 0x00, 0x00, 0x00, 0x00, 0x00, 0x00, 0x00, 0x00, 0x00, 0x00, 0x00,
	0x00, 0x00, 0x00, 0x00, 0x00, 0x00, 0x00, 0x00, 0x00, 0x00, 0x00, 0x00, 0x00, 0x00, 0x00, 0x00,
	0x00, 0x00, 0x00, 0x00, 0x00, 0x00, 0x00, 0x00, 0x00, 0x00, 0x00, 0x00, 0x00, 0x00, 0x00, 0x00,
	0x00, 0x00, 0x00, 0x00, 0x00, 0x00, 0x00, 0x00, 0x00, 0x00, 0x00, 0x00, 0x00, 0x00, 0x00, 0x00,
	0x00, 0x00, 0x00, 0x00, 0x00, 0x00, 0x00, 0x00, 0x00, 0x00, 0x00, 0x00, 0x00, 0x00, 0x00, 0x00,
	0x00, 0x00, 0x00, 0x00, 0x00, 0x00, 0x00, 0x00, 0x00, 0x00, 0x00, 0x00, 0x00, 0x00, 0x00, 0x00,
	0x00, 0x00, 0x00, 0x00, 0x00, 0x00, 0x00, 0x00, 0x00, 0x00, 0x00, 0x00, 0x00, 0x00, 0x00, 0x00,
	0x00, 0x00, 0x00, 0x00, 0x00, 0x00, 0x00, 0x00, 0x00, 0x00, 0x00, 0x00, 0x00, 0x00, 0x00, 0x00,
	0x00, 0x00, 0x00, 0x00, 0x00, 0x00, 0x00, 0x00, 0x00, 0x00, 0x00, 0x00, 0x00, 0x00, 0x00, 0x00,
	0x00, 0x00, 0x00, 0x00, 0x00, 0x00, 0x00, 0x00, 0x00, 0x00, 0x00, 0x00, 0x00, 0x00, 0x00, 0x00,
	0x00, 0x00, 0x00, 0x00, 0x00, 0x00, 0x00, 0x00, 0x00, 0x00, 0x00, 0x00, 0x00, 0x00, 0x00, 0x00,
	0x00, 0x00, 0x00, 0x00, 0x00, 0x00, 0x00, 0x00, 0x00, 0x00, 0x00, 0x00, 0x00, 0x00, 0x00, 0x00,
	0x00, 0x00, 0x00, 0x00, 0x00, 0x00, 0x00, 0x00, 0x00, 0x00, 0x00, 0x00, 0x00, 0x00, 0x00, 0x00,
	0x00, 0x00, 0x00, 0x00, 0x00, 0x00, 0x00, 0x00, 0x00, 0x00, 0x00, 0x00, 0x00, 0x00, 0x00, 0x00,
	0x00, 0x00, 0x00, 0x00, 0x00, 0x00, 0x00, 0x00, 0x00, 0x00, 0x00, 0x00, 0x00, 0x00, 0x00, 0x00,
	0x00, 0x00, 0xc6, 0x00, 0x69, 0x00, 0x2b, 0x00, 0x10, 0x00, 0x10, 0x00, 0x10, 0x00, 0x10, 0x00,
	0x10, 0x00, 0x10, 0x00, 0x38, 0x00, 0x00, 0x00, 0x00, 0x00, 0x00, 0x00, 0x00, 0x00, 0x00, 0x00,
	0x30, 0x00, 0x60, 0x00, 0x80, 0x00, 0x00, 0x00, 0x00, 0x00, 0x00, 0x00, 0x00, 0x00, 0x00, 0x00,
	0x00, 0x00, 0x00, 0x00, 0x00, 0x00, 0x00, 0x00, 0x00, 0x00, 0x00, 0x00, 0x00, 0x00, 0x00, 0x00,
	0x02, 0x00, 0x0c, 0x00, 0x30, 0x00, 0xc0, 0x00, 0x30, 0x00, 0x0c, 0x00, 0x02, 0x00, 0x00, 0x00,
	0xfe, 0x00, 0x00, 0x00, 0x00, 0x00, 0x00, 0x00, 0x00, 0x00, 0x00, 0x00, 0x10, 0x00, 0x10, 0x00,
	0x20, 0x00, 0x20, 0x00, 0x40, 0x00, 0x40, 0x00, 0x80, 0x00, 0x80, 0x00, 0x00, 0x00, 0x00, 0x00,
	0x00, 0x00, 0x00, 0x00, 0x00, 0x00, 0x00, 0x00, 0x00, 0x00, 0x00, 0x00, 0x00, 0x00, 0x00, 0x00,
	0x00, 0x00, 0x77, 0x00, 0x98, 0x80, 0x8c, 0x80, 0x77, 0x00, 0x00, 0x00, 0x00, 0x00, 0x00, 0x00,
	0x00, 0x00, 0x00, 0x00, 0x00, 0x00, 0x00, 0x00, 0x06, 0x00, 0x0a, 0x00, 0x08, 0x00, 0x08, 0x00,
	0x3c, 0x00, 0x10, 0x00, 0x10, 0x00, 0x10, 0x00, 0x20, 0x00, 0x20, 0x00, 0x20, 0x00, 0xa0, 0x00,
	0xc0, 0x00, 0x00, 0x00, 0x00, 0x00, 0x00, 0x00, 0x00, 0x00, 0x00, 0x00, 0x0e, 0x00, 0x0e, 0x00,
	0x0e, 0x00, 0x75, 0xc0, 0x7f, 0xc0, 0x75, 0xc0, 0x04, 0x00, 0x04, 0x00, 0x00, 0x00, 0x00, 0x00,
	0x00, 0x00, 0x00, 0x00, 0x00, 0x00, 0x00, 0x00, 0x00, 0x00, 0x04, 0x00, 0x0e, 0x00, 0x1f, 0x00,
	0x3f, 0x80, 0x1f, 0x00, 0x0e, 0x00, 0x04, 0x00, 0x00, 0x00, 0x00, 0x00, 0x00, 0x00, 0x00, 0x00,
	0x00, 0x00, 0x00, 0x00, 0x00, 0x00, 0x00, 0x00, 0x1b, 0x00, 0x3f, 0x80, 0x3f, 0x80, 0x3f, 0x80,
	0x1f, 0x00, 0x0e, 0x00, 0x04, 0x00, 0x00, 0x00, 0x00, 0x00, 0x00, 0x00, 0x00, 0x00, 0x00, 0x00,
	0x00, 0x00, 0x00, 0x00, 0x00, 0x00, 0x04, 0x00, 0x0e, 0x00, 0x1f, 0x00, 0x3f, 0x80, 0x7f, 0xc0,
	0x35, 0x80, 0x04, 0x00, 0x04, 0x00, 0x00, 0x00, 0x00, 0x00, 0x00, 0x00, 0x00, 0x00, 0x00, 0x00,
	0x00, 0x00, 0x00, 0x00, 0x08, 0x20, 0x10, 0x10, 0x20, 0x08, 0x7f, 0xfc, 0x20, 0x08, 0x10, 0x10,
	0x08, 0x20, 0x00, 0x00, 0x00, 0x00, 0x00, 0x00, 0x00, 0x00, 0x00, 0x00, 0x00, 0x00, 0x00, 0x00,
	0x00, 0x00, 0x10, 0x00, 0x20, 0x00, 0x40, 0x00, 0xff, 0xfc, 0x40, 0x00, 0x20, 0x00, 0x10, 0x00,
	0x00, 0x00, 0x00, 0x00, 0x00, 0x00, 0x2a, 0x00, 0x49, 0x00, 0x08, 0x00, 0x08, 0x00, 0x08, 0x00,
	0x08, 0x00, 0x08, 0x00, 0x08, 0x00, 0x08, 0x00, 0x08, 0x00, 0x08, 0x00, 0x08, 0x00, 0x08, 0x00,
	0x08, 0x00, 0x08, 0x00, 0x00, 0x00, 0x00, 0x00, 0x00, 0x00, 0x00, 0x00, 0x00, 0x00, 0x00, 0x20,
	0x00, 0x10, 0x00, 0x08, 0xff, 0xfc, 0x00, 0x08, 0x00, 0x10, 0x00, 0x20, 0x00, 0x00, 0x00, 0x00,
	0x00, 0x00, 0x08, 0x00, 0x08, 0x00, 0x08, 0x00, 0x08, 0x00, 0x08, 0x00, 0x08, 0x00, 0x08, 0x00,
	0x08, 0x00, 0x08, 0x00, 0x08, 0x00, 0x08, 0x00, 0x49, 0x00, 0x2a, 0x00, 0x1c, 0x00, 0x08, 0x00,
	0x00, 0x00, 0x00, 0x00, 0x30, 0x00, 0x48, 0x00, 0x48, 0x00, 0x30, 0x00, 0x00, 0x00, 0x00, 0x00,
	0x00, 0x00, 0x00, 0x00, 0x00, 0x00, 0x00, 0x00, 0x00, 0x00, 0x00, 0x00, 0x00, 0x00, 0x00, 0x00,
	0x00, 0x00, 0x00, 0x00, 0x10, 0x00, 0x10, 0x00, 0x10, 0x00, 0xfe, 0x00, 0x10, 0x00, 0x10, 0x00,
	0x10, 0x00, 0x00, 0x00, 0xfe, 0x00, 0x00, 0x00, 0x00, 0x00, 0x00, 0x00, 0x00, 0x00, 0x00, 0x00,
	0x6c, 0x00, 0xd8, 0x00, 0x20, 0x00, 0x00, 0x00, 0x00, 0x00, 0x00, 0x00, 0x00, 0x00, 0x00, 0x00,
	0x00, 0x00, 0x00, 0x00, 0x00, 0x00, 0x00, 0x00, 0x00, 0x00, 0x00, 0x00, 0x00, 0x00, 0x00, 0x00,
	0x80, 0x00, 0x60, 0x00, 0x18, 0x00, 0x06, 0x00, 0x18, 0x00, 0x60, 0x00, 0x80, 0x00, 0x00, 0x00,
	0xfe, 0x00, 0x00, 0x00, 0x00, 0x00, 0x00, 0x00, 0x00, 0x00, 0x00, 0x00, 0x00, 0x00, 0x00, 0x00,
	0x00, 0x00, 0x82, 0x00, 0x44, 0x00, 0x28, 0x00, 0x10, 0x00, 0x28, 0x00, 0x44, 0x00, 0x82, 0x00,
	0x00, 0x00, 0x00, 0x00, 0x00, 0x00, 0x00, 0x00, 0x00, 0x00, 0x00, 0x00, 0x00, 0x00, 0x00, 0x00,
	0x00, 0x00, 0x77, 0x00, 0x88, 0x00, 0x88, 0x00, 0x77, 0x00, 0x00, 0x00, 0x00, 0x00, 0x00, 0x00,
	0x00, 0x00, 0x00, 0x00, 0x00, 0x00, 0x70, 0x00, 0x88, 0x00, 0x04, 0x00, 0x04, 0x00, 0x04, 0x00,
	0x74, 0x00, 0xcc, 0x00, 0x84, 0x00, 0x84, 0x00, 0xc8, 0x00, 0x70, 0x00, 0x00, 0x00, 0x00, 0x00,
	0x00, 0x00, 0x00, 0x00, 0x00, 0x00, 0x00, 0x00, 0x00, 0x00, 0x00, 0x00, 0x00, 0x00, 0x38, 0x00,
	0x7c, 0x00, 0x7c, 0x00, 0x7c, 0x00, 0x38, 0x00, 0x00, 0x00, 0x00, 0x00, 0x00, 0x00, 0x00, 0x00,
	0x00, 0x00, 0x00, 0x00, 0x00, 0x00, 0x00, 0x00, 0x00, 0x00, 0x10, 0x00, 0x10, 0x00, 0x00, 0x00,
	0xfe, 0x00, 0x00, 0x00, 0x10, 0x00, 0x10, 0x00, 0x00, 0x00, 0x00, 0x00, 0x00, 0x00, 0x00, 0x00,
	0x00, 0x00, 0x00, 0x00, 0x00, 0x00, 0x00, 0x00, 0x04, 0x00, 0x08, 0x00, 0xfe, 0x00, 0x10, 0x00,
	0xfe, 0x00, 0x20, 0x00, 0x40, 0x00, 0x00, 0x00, 0x00, 0x00, 0x00, 0x00, 0x00, 0x00, 0x00, 0x00,
	0x00, 0x00, 0x00, 0x00, 0x00, 0x00, 0x00, 0x00, 0xfe, 0x00, 0x00, 0x00, 0xfe, 0x00, 0x00, 0x00,
	0xfe, 0x00, 0x00, 0x00, 0x00, 0x00, 0x00, 0x00, 0x00, 0x00, 0x00, 0x00, 0x00, 0x00, 0x00, 0x00,
	0x00, 0x00, 0x00, 0x00, 0x00, 0x00, 0x72, 0x00, 0x9c, 0x00, 0x00, 0x00, 0x72, 0x00, 0x9c, 0x00,
	0x00, 0x00, 0x00, 0x00, 0x00, 0x00, 0x00, 0x00, 0x00, 0x00, 0x00, 0x00, 0x00, 0x00, 0x00, 0x00,
	0x00, 0x00, 0x00, 0x00, 0x00, 0x00, 0x00, 0x00, 0x00, 0x00, 0x00, 0x00, 0x22, 0x20, 0x22, 0x20,
	0x00, 0x00, 0x00, 0x00, 0x00, 0x00, 0x08, 0x00, 0x08, 0x00, 0x08, 0x00, 0x08, 0x00, 0x08, 0x00,
	0x08, 0x00, 0x08, 0x00, 0x08, 0x00, 0x08, 0x00, 0x08, 0x00, 0x08, 0x00, 0x08, 0x00, 0x08, 0x00,
	0x08, 0x00, 0x08, 0x00, 0x00, 0x00, 0x00, 0x00, 0x00, 0x00, 0x00, 0x00, 0x00, 0x00, 0x00, 0x00,
	0x00, 0x00, 0x00, 0x00, 0xff, 0xfe, 0x00, 0x00, 0x00, 0x00, 0x00, 0x00, 0x00, 0x00, 0x00, 0x00,
	0x00, 0x00, 0x00, 0x00, 0x00, 0x00, 0x00, 0x00, 0x01, 0x00, 0x01, 0x00, 0x01, 0x00, 0x01, 0x00,
	0x01, 0x00, 0x01, 0x00, 0x41, 0x00, 0xff, 0x00, 0x40, 0x00, 0x00, 0x00, 0x00, 0x00, 0x00, 0x00,
	0x00, 0x00, 0x00, 0x00, 0x22, 0x00, 0x33, 0x80, 0x19, 0x80, 0x09, 0x00, 0x1d, 0x00, 0x27, 0x00,
	0x23, 0x00, 0x11, 0x80, 0x18, 0xc0, 0x38, 0x40, 0x00, 0x00, 0x00, 0x00, 0x00, 0x00, 0x00, 0x00,
	0x1f, 0x80, 0x30, 0x80, 0x21, 0x00, 0x23, 0x00, 0x12, 0x00, 0x03, 0x00, 0x01, 0x80, 0x00, 0x80,
	0x30, 0x80, 0x78, 0x80, 0x0d, 0x00, 0x06, 0x00, 0x00, 0x00, 0x00, 0x00, 0x00, 0x00, 0x39, 0x80,
	0x4e, 0xc0, 0x44, 0xc0, 0x45, 0x80, 0x67, 0x00, 0x35, 0x00, 0x14, 0x80, 0x04, 0x80, 0x04, 0x80,
	0x34, 0x80, 0x58, 0x60, 0x00, 0x00, 0x00, 0x00, 0x00, 0x00, 0x00, 0x00, 0x00, 0x00, 0x00, 0x00,
	0x08, 0x00, 0x11, 0x80, 0x22, 0xc0, 0x44, 0x40, 0x48, 0x40, 0x6a, 0x40, 0x34, 0x80, 0x35, 0x80,
	0x5b, 0x00, 0x48, 0x00, 0x48, 0x00, 0x30, 0x00, 0x00, 0x00, 0x00, 0x00, 0x00, 0x00, 0x0e, 0x00,
	0x31, 0x80, 0x31, 0x80, 0x4a, 0x40, 0x44, 0x40, 0x4a, 0x40, 0x31, 0x80, 0x31, 0x80, 0x0e, 0x00,
	0x00, 0x00, 0x00, 0x00, 0x00, 0x00, 0x00, 0x00, 0x00, 0x00, 0x00, 0x00, 0x0e, 0x00, 0x31, 0x80,
	0x24, 0x80, 0x44, 0x40, 0x5f, 0x40, 0x44, 0x40, 0x24, 0x80, 0x31, 0x80, 0x0e, 0x00, 0x00, 0x00,
	0x00, 0x00, 0x00, 0x00, 0x00, 0x00, 0x1f, 0x20, 0x60, 0xc0, 0x40, 0xc0, 0x81, 0x20, 0x82, 0x20,
	0x84, 0x20, 0x88, 0x20, 0x90, 0x20, 0x60, 0x40, 0x60, 0xc0, 0x9f, 0x00, 0x00, 0x00, 0x00, 0x00,
	0x00, 0x00, 0x00, 0x00, 0x00, 0x00, 0x00, 0x00, 0x00, 0x00, 0x00, 0x00, 0x1e, 0x00, 0x61, 0x80,
	0x40, 0x80, 0x80, 0x40, 0x80, 0x40, 0x80, 0x40, 0x80, 0x40, 0x00, 0x00, 0x00, 0x00, 0x00, 0x00,
	0x00, 0x00, 0x00, 0x00, 0x00, 0x00, 0x00, 0x00, 0x00, 0x00, 0x80, 0x40, 0x80, 0x40, 0x80, 0x40,
	0x80, 0x40, 0x40, 0x80, 0x61, 0x80, 0x1e, 0x00, 0x00, 0x00, 0x00, 0x00, 0x00, 0x00, 0x00, 0x00,
	0x00, 0x00, 0x00, 0x00, 0x00, 0x00, 0x00, 0x00, 0xfe, 0x00, 0x01, 0x00, 0x00, 0x80, 0x00, 0x80,
	0x00, 0x80, 0x01, 0x00, 0xfe, 0x00, 0x00, 0x00, 0x00, 0x00, 0x00, 0x00, 0x00, 0x00, 0x00, 0x00,
	0x00, 0x00, 0x00, 0x00, 0x00, 0x00, 0x7f, 0x00, 0x00, 0x80, 0x00, 0x40, 0x00, 0x40, 0x00, 0x40,
	0x00, 0x80, 0x7f, 0x00, 0x00, 0x00, 0x7f, 0xc0, 0x00, 0x00, 0x00, 0x00, 0x00, 0x00, 0x00, 0x00,
	0x00, 0x00, 0x01, 0x00, 0x3f, 0x80, 0x42, 0x00, 0x82, 0x00, 0x84, 0x00, 0x84, 0x00, 0x48, 0x00,
	0x3f, 0x80, 0x10, 0x00, 0x00, 0x00, 0x00, 0x00, 0x00, 0x00, 0x00, 0x00, 0x00, 0x00, 0x00, 0x00,
	0x00, 0x00, 0x1f, 0xc0, 0x20, 0x00, 0x40, 0x00, 0x40, 0x00, 0x40, 0x00, 0x20, 0x00, 0x1f, 0xc0,
	0x00, 0x00, 0x00, 0x00, 0x00, 0x00, 0x00, 0x00, 0x00, 0x00, 0x00, 0x00, 0x00, 0x00, 0x00, 0x00,
	0x3f, 0x80, 0x40, 0x00, 0x80, 0x00, 0x80, 0x00, 0x80, 0x00, 0x40, 0x00, 0x3f, 0x80, 0x00, 0x00,
	0xff, 0x80, 0x00, 0x00, 0x00, 0x00, 0x00, 0x00, 0x00, 0x00, 0x00, 0x00, 0x00, 0x00, 0x1f, 0x00,
	0x20, 0x00, 0x40, 0x00, 0x7f, 0x00, 0x40, 0x00, 0x20, 0x00, 0x1f, 0x00, 0x00, 0x00, 0x00, 0x00,
	0x00, 0x00, 0x00, 0x00, 0x00, 0x00, 0x00, 0x00, 0x00, 0x00, 0x04, 0x00, 0x3e, 0x00, 0x48, 0x00,
	0x90, 0x00, 0xfe, 0x00, 0x90, 0x00, 0x60, 0x00, 0x3e, 0x00, 0x40, 0x00, 0x00, 0x00, 0x00, 0x00,
	0x00, 0x00, 0x00, 0x00, 0x00, 0x40, 0x00, 0x80, 0x01, 0x00, 0x02, 0x00, 0x04, 0x00, 0x08, 0x00,
	0x10, 0x00, 0x20, 0x00, 0x40, 0x00, 0xff, 0xe0, 0x00, 0x00, 0x00, 0x00, 0x00, 0x00, 0x00, 0x00,
	0xff, 0x80, 0x80, 0x80, 0x41, 0x00, 0x41, 0x00, 0x22, 0x00, 0x22, 0x00, 0x22, 0x00, 0x14, 0x00,
	0x14, 0x00, 0x08, 0x00, 0x08, 0x00, 0x00, 0x00, 0x00, 0x00, 0x00, 0x00, 0x00, 0x00, 0x00, 0x00,
	0x0f, 0x00, 0x10, 0x80, 0x3e, 0x40, 0x49, 0x20, 0x49, 0x20, 0x4e, 0x20, 0x49, 0x20, 0x3c, 0xc0,
	0x10, 0x80, 0x0f, 0x00, 0x00, 0x00, 0x00, 0x00, 0x00, 0x00, 0x00, 0x00, 0x00, 0x00, 0x0f, 0x00,
	0x10, 0x80, 0x27, 0x40, 0x49, 0x20, 0x48, 0x20, 0x48, 0x20, 0x49, 0x20, 0x26, 0x40, 0x10, 0x80,
	0x0f, 0x00, 0x00, 0x00, 0x00, 0x00, 0x00, 0x00, 0x00, 0x00, 0x00, 0x00, 0xfa, 0x80, 0xaa, 0x80,
	0x26, 0xc0, 0x25, 0x40, 0x25, 0x40, 0x76, 0xe0, 0x00, 0x00, 0x00, 0x00, 0x00, 0x00, 0x00, 0x00,
	0x00, 0x00, 0x00, 0x00, 0x00, 0x00, 0x00, 0x00, 0x7f, 0xe0, 0x20, 0x40, 0x20, 0x40, 0x20, 0x40,
	0x20, 0x40, 0x20, 0x40, 0x20, 0x40, 0x20, 0x40, 0x20, 0x40, 0x20, 0x40, 0x20, 0x40, 0x70, 0xe0,
	0x00, 0x00, 0x00, 0x00, 0x01, 0x00, 0x02, 0x00, 0x02, 0x00, 0x02, 0x00, 0x02, 0x00, 0x64, 0x00,
	0xa4, 0x00, 0x24, 0x00, 0x14, 0x00, 0x14, 0x00, 0x08, 0x00, 0x08, 0x00, 0x00, 0x00, 0x00, 0x00,
	0x00, 0x00, 0x00, 0x00, 0x00, 0x00, 0x00, 0x00, 0x00, 0x00, 0x00, 0x00, 0x00, 0x00, 0x00, 0x00,
	0x40, 0x00, 0x40, 0x00, 0x00, 0x00, 0x00, 0x00, 0x00, 0x00, 0x00, 0x00, 0x00, 0x00, 0x00, 0x00,
	0x00, 0x00, 0x00, 0x00, 0x00, 0x00, 0x00, 0x00, 0x00, 0x00, 0x00, 0x00, 0x00, 0x00, 0xff, 0x80,
	0x00, 0x80, 0x00, 0x80, 0x00, 0x80, 0x00, 0x80, 0x00, 0x00, 0x00, 0x00, 0x00, 0x00, 0x00, 0x00,
	0x00, 0x00, 0x00, 0x00, 0x00, 0x00, 0x00, 0x00, 0x18, 0x00, 0x18, 0x00, 0x24, 0x00, 0x24, 0x00,
	0x42, 0x00, 0x42, 0x00, 0x81, 0x00, 0x00, 0x00, 0x00, 0x00, 0x00, 0x00, 0x00, 0x00, 0x00, 0x00,
	0x00, 0x00, 0x00, 0x00, 0x00, 0x00, 0x81, 0x00, 0x42, 0x00, 0x42, 0x00, 0x24, 0x00, 0x24, 0x00,
	0x18, 0x00, 0x18, 0x00, 0x00, 0x00, 0x00, 0x00, 0x00, 0x00, 0x00, 0x00, 0x00, 0x00, 0x00, 0x00,
	0x00, 0x00, 0x00, 0x00, 0x08, 0x20, 0x10, 0x10, 0x3f, 0xf8, 0x60, 0x0c, 0x3f, 0xf8, 0x10, 0x10,
	0x08, 0x20, 0x00, 0x00, 0x00, 0x00, 0x00, 0x00, 0x00, 0x00, 0x00, 0x00, 0x00, 0x00, 0x00, 0x00,
	0x00, 0x00, 0x10, 0x00, 0x20, 0x00, 0x7f, 0xf8, 0xc0, 0x00, 0x7f, 0xf8, 0x20, 0x00, 0x10, 0x00,
	0x00, 0x00, 0x00, 0x00, 0x00, 0x00, 0x1c, 0x00, 0x36, 0x00, 0x55, 0x00, 0x14, 0x00, 0x14, 0x00,
	0x14, 0x00, 0x14, 0x00, 0x14, 0x00, 0x14, 0x00, 0x14, 0x00, 0x14, 0x00, 0x14, 0x00, 0x00, 0x00,
	0x00, 0x00, 0x00, 0x00, 0x00, 0x00, 0x00, 0x00, 0x00, 0x00, 0x00, 0x00, 0x00, 0x00, 0x00, 0x20,
	0x00, 0x10, 0x7f, 0xf8, 0x00, 0x0c, 0x7f, 0xf8, 0x00, 0x10, 0x00, 0x20, 0x00, 0x00, 0x00, 0x00,
	0x00, 0x00, 0x14, 0x00, 0x14, 0x00, 0x14, 0x00, 0x14, 0x00, 0x14, 0x00, 0x14, 0x00, 0x14, 0x00,
	0x14, 0x00, 0x55, 0x00, 0x36, 0x00, 0x1c, 0x00, 0x08, 0x00, 0x00, 0x00, 0x00, 0x00, 0x00, 0x00,
	0x00, 0x00, 0x10, 0x00, 0x28, 0x00, 0x28, 0x00, 0x44, 0x00, 0x44, 0x00, 0x82, 0x00, 0x44, 0x00,
	0x44, 0x00, 0x28, 0x00, 0x28, 0x00, 0x10, 0x00, 0x00, 0x00, 0x00, 0x00, 0x00, 0x00, 0x00, 0x00,
	0x10, 0x00, 0x20, 0x00, 0x20, 0x00, 0x40, 0x00, 0x40, 0x00, 0x40, 0x00, 0x80, 0x00, 0x80, 0x00,
	0x80, 0x00, 0x40, 0x00, 0x40, 0x00, 0x40, 0x00, 0x20, 0x00, 0x20, 0x00, 0x00, 0x00, 0x00, 0x00,
	0x0f, 0x00, 0x10, 0x80, 0x2e, 0x40, 0x49, 0x20, 0x49, 0x20, 0x4e, 0x20, 0x49, 0x20, 0x29, 0x40,
	0x10, 0x80, 0x0f, 0x00, 0x00, 0x00, 0x00, 0x00, 0x00, 0x00, 0x00, 0x00, 0x00, 0x00, 0x0f, 0x00,
	0x10, 0x80, 0x26, 0x40, 0x49, 0x20, 0x48, 0x20, 0x48, 0x20, 0x49, 0x20, 0x26, 0x40, 0x10, 0x80,
	0x0f, 0x00, 0x00, 0x00, 0x00, 0x00, 0x00, 0x00, 0x00, 0x00, 0x00, 0x00, 0xfa, 0x80, 0x22, 0x80,
	0x26, 0xc0, 0x25, 0x40, 0x25, 0x40, 0x24, 0x40, 0x00, 0x00, 0x00, 0x00, 0x00, 0x00, 0x00, 0x00,
	0x00, 0x00, 0x00, 0x00, 0x00, 0x00, 0x00, 0x00, 0xff, 0x00, 0x81, 0x00, 0x40, 0x00, 0x20, 0x00,
	0x10, 0x00, 0x08, 0x00, 0x08, 0x00, 0x10, 0x00, 0x20, 0x00, 0x40, 0x00, 0x80, 0x80, 0xff, 0x80,
	0x00, 0x00, 0x00, 0x00, 0x20, 0x00, 0x20, 0x00, 0x40, 0x00, 0x40, 0x00, 0x40, 0x00, 0x40, 0x00,
	0x40, 0x00, 0x40, 0x00, 0x40, 0x00, 0x40, 0x00, 0x40, 0x00, 0x40, 0x00, 0x40, 0x00, 0x40, 0x00,
	0x40, 0x00, 0x40, 0x00, 0x40, 0x00, 0x40, 0x00, 0x40, 0x00, 0x40, 0x00, 0x40, 0x00, 0x40, 0x00,
	0x40, 0x00, 0x40, 0x00, 0x40, 0x00, 0x40, 0x00, 0x40, 0x00, 0x40, 0x00, 0x40, 0x00, 0x40, 0x00,
	0x40, 0x00, 0x40, 0x00, 0x40, 0x00, 0x40, 0x00, 0x40, 0x00, 0x40, 0x00, 0x40, 0x00, 0x40, 0x00,
	0x40, 0x00, 0x40, 0x00, 0x40, 0x00, 0x40, 0x00, 0x40, 0x00, 0x40, 0x00, 0x20, 0x00, 0x40, 0x00,
	0x40, 0x00, 0x40, 0x00, 0x40, 0x00, 0x40, 0x00, 0x40, 0x00, 0x40, 0x00, 0x40, 0x00, 0x40, 0x00,
	0x40, 0x00, 0x40, 0x00, 0x40, 0x00, 0x40, 0x00, 0x40, 0x00, 0x40, 0x00, 0x40, 0x00, 0x40, 0x00,
	0x40, 0x00, 0x40, 0x00, 0x40, 0x00, 0x40, 0x00, 0x40, 0x00, 0x40, 0x00, 0x40, 0x00, 0x40, 0x00,
	0x40, 0x00, 0x40, 0x00, 0x40, 0x00, 0x40, 0x00, 0x40, 0x00, 0x40, 0x00, 0x40, 0x00, 0x40, 0x00,
	0x40, 0x00, 0x40, 0x00, 0x40, 0x00, 0x40, 0x00, 0x40, 0x00, 0x40, 0x00, 0x40, 0x00, 0x40, 0x00,
	0x40, 0x00, 0x40, 0x00, 0x40, 0x00, 0x78, 0x00, 0x10, 0x00, 0x10, 0x00, 0x10, 0x00, 0x10, 0x00,
	0x10, 0x00, 0x10, 0x00, 0x10, 0x00, 0x10, 0x00, 0x10, 0x00, 0x10, 0x00, 0x10, 0x00, 0x10, 0x00,
	0x10, 0x00, 0x10, 0x00, 0x10, 0x00, 0x10, 0x00, 0x10, 0x00, 0x10, 0x00, 0x10, 0x00, 0x10, 0x00,
	0x10, 0x00, 0x20, 0x00, 0x40, 0x00, 0x20, 0x00, 0x10, 0x00, 0x10, 0x00, 0x10, 0x00, 0x10, 0x00,
	0x10, 0x00, 0x10, 0x00, 0x10, 0x00, 0x10, 0x00, 0x10, 0x00, 0x10, 0x00, 0x10, 0x00, 0x10, 0x00,
	0x10, 0x00, 0x10, 0x00, 0x10, 0x00, 0x10, 0x00, 0x10, 0x00, 0x10, 0x00, 0x10, 0x00, 0x08, 0x00,
	0x06, 0x00, 0x10, 0x00, 0x10, 0x00, 0x10, 0x00, 0x10, 0x00, 0x10, 0x00, 0x10, 0x00, 0x10, 0x00,
	0x10, 0x00, 0x10, 0x00, 0x10, 0x00, 0x10, 0x00, 0x10, 0x00, 0x10, 0x00, 0x10, 0x00, 0x10, 0x00,
	0x00, 0x00, 0x00, 0x00, 0x00, 0x00, 0x00, 0x00, 0x00, 0x00, 0x00, 0x00, 0x00, 0x00, 0x00, 0x00,
	0x00, 0x00, 0x00, 0x00, 0x00, 0x00, 0x00, 0x00, 0x00, 0x00, 0x00, 0x00, 0x00, 0x00, 0x00, 0x00,
	0x40, 0x00, 0x20, 0x00, 0x20, 0x00, 0x10, 0x00, 0x10, 0x00, 0x10, 0x00, 0x08, 0x00, 0x08, 0x00,
	0x08, 0x00, 0x10, 0x00, 0x10, 0x00, 0x10, 0x00, 0x20, 0x00, 0x20, 0x00, 0x18, 0x00, 0x28, 0x00,
	0x20, 0x00, 0x20, 0x00, 0x20, 0x00, 0x20, 0x00, 0x20, 0x00, 0x20, 0x00, 0x20, 0x00, 0x20, 0x00,
	0x20, 0x00, 0xa0, 0x00, 0xc0, 0x00, 0x00, 0x00, 0x00, 0x00, 0x02, 0x00, 0x04, 0x00, 0x04, 0x00,
	0x04, 0x00, 0x04, 0x00, 0x04, 0x00, 0x04, 0x00, 0x04, 0x00, 0x04, 0x00, 0x04, 0x00, 0x04, 0x00,
	0x04, 0x00, 0x04, 0x00, 0x04, 0x00, 0x04, 0x00, 0x40, 0x00, 0x40, 0x00, 0x40, 0x00, 0x40, 0x00,
	0x40, 0x00, 0x40, 0x00, 0x40, 0x00, 0x40, 0x00, 0x40, 0x00, 0x40, 0x00, 0x40, 0x00, 0x40, 0x00,
	0x40, 0x00, 0x40, 0x00, 0x40, 0x00, 0x04, 0x00, 0x04, 0x00, 0x04, 0x00, 0x04, 0x00, 0x04, 0x00,
	0x04, 0x00, 0x04, 0x00, 0x04, 0x00, 0x04, 0x00, 0x04, 0x00, 0x04, 0x00, 0x04, 0x00, 0x08, 0x00,
	0x68, 0x00, 0x70, 0x00, 0x10, 0x00, 0x10, 0x00, 0x08, 0x00, 0x08, 0x00, 0x08, 0x00, 0x08, 0x00,
	0x08, 0x00, 0x08, 0x00, 0x08, 0x00, 0x08, 0x00, 0x08, 0x00, 0x08, 0x00, 0x08, 0x00, 0x08, 0x00,
	0x08, 0x00, 0x08, 0x00, 0x08, 0x00, 0x08, 0x00, 0x08, 0x00, 0x08, 0x00, 0x08, 0x00, 0x08, 0x00,
	0x08, 0x00, 0x08, 0x00, 0x08, 0x00, 0x08, 0x00, 0x08, 0x00, 0x08, 0x00, 0x08, 0x00, 0x08, 0x00,
	0x08, 0x00, 0x08, 0x00, 0x08, 0x00, 0x08, 0x00, 0x08, 0x00, 0x08, 0x00, 0x08, 0x00, 0x08, 0x00,
	0x08, 0x00, 0x08, 0x00, 0x08, 0x00, 0x08, 0x00, 0x08, 0x00, 0x08, 0x00, 0x10, 0x00, 0x08, 0x00,
	0x08, 0x00, 0x08, 0x00, 0x08, 0x00, 0x08, 0x00, 0x08, 0x00, 0x08, 0x00, 0x08, 0x00, 0x08, 0x00,
	0x08, 0x00, 0x08, 0x00, 0x08, 0x00, 0x08, 0x00, 0x08, 0x00, 0x08, 0x00, 0x08, 0x00, 0x08, 0x00,
	0x08, 0x00, 0x08, 0x00, 0x08, 0x00, 0x08, 0x00, 0x08, 0x00, 0x08, 0x00, 0x08, 0x00, 0x08, 0x00,
	0x08, 0x00, 0x08, 0x00, 0x08, 0x00, 0x08, 0x00, 0x08, 0x00, 0x08, 0x00, 0x08, 0x00, 0x08, 0x00,
	0x08, 0x00, 0x08, 0x00, 0x08, 0x00, 0x08, 0x00, 0x08, 0x00, 0x08, 0x00, 0x08, 0x00, 0x08, 0x00,
	0x08, 0x00, 0x08, 0x00, 0x08, 0x00, 0x78, 0x00, 0x10, 0x00, 0x10, 0x00, 0x10, 0x00, 0x10, 0x00,
	0x10, 0x00, 0x10, 0x00, 0x10, 0x00, 0x10, 0x00, 0x10, 0x00, 0x10, 0x00, 0x10, 0x00, 0x10, 0x00,
	0x10, 0x00, 0x10, 0x00, 0x10, 0x00, 0x10, 0x00, 0x10, 0x00, 0x10, 0x00, 0x10, 0x00, 0x10, 0x00,
	0x10, 0x00, 0x08, 0x00, 0x04, 0x00, 0x08, 0x00, 0x10, 0x00, 0x10, 0x00, 0x10, 0x00, 0x10, 0x00,
	0x10, 0x00, 0x10, 0x00, 0x10, 0x00, 0x10, 0x00, 0x10, 0x00, 0x10, 0x00, 0x10, 0x00, 0x10, 0x00,
	0x10, 0x00, 0x10, 0x00, 0x10, 0x00, 0x10, 0x00, 0x10, 0x00, 0x10, 0x00, 0x10, 0x00, 0x20, 0x00,
	0xc0, 0x00,
};
static const unsigned char xfa_symb14[] = {
	0x04, 0x05, 0x09, 0x07, 0x08, 0x0c, 0x0b, 0x06, 0x05, 0x05, 0x07, 0x08, 0x03, 0x08, 0x03, 0x04,
	0x07, 0x07, 0x07, 0x07, 0x07, 0x07, 0x07, 0x07, 0x07, 0x07, 0x04, 0x04, 0x08, 0x08, 0x08, 0x06,
	0x08, 0x0b, 0x09, 0x0b, 0x09, 0x09, 0x0b, 0x09, 0x0b, 0x05, 0x09, 0x0a, 0x0a, 0x0d, 0x0b, 0x0a,
	0x0b, 0x0a, 0x08, 0x09, 0x09, 0x09, 0x07, 0x0b, 0x09, 0x0b, 0x09, 0x05, 0x0a, 0x05, 0x0a, 0x07,
	0x07, 0x09, 0x08, 0x08, 0x07, 0x06, 0x09, 0x06, 0x08, 0x05, 0x09, 0x08, 0x08, 0x08, 0x08, 0x08,
	0x08, 0x07, 0x08, 0x08, 0x06, 0x08, 0x0b, 0x0b, 0x07, 0x09, 0x07, 0x07, 0x03, 0x07, 0x08, 0x00,
	0x00, 0x00, 0x00, 0x00, 0x00, 0x00, 0x00, 0x00, 0x00, 0x00, 0x00, 0x00, 0x00, 0x00, 0x00, 0x00,
	0x00, 0x00, 0x00, 0x00, 0x00, 0x00, 0x00, 0x00, 0x00, 0x00, 0x00, 0x00, 0x00, 0x00, 0x00, 0x00,
	0x00, 0x09, 0x04, 0x08, 0x04, 0x0a, 0x07, 0x0b, 0x0b, 0x0b, 0x0b, 0x0f, 0x0e, 0x09, 0x0e, 0x09,
	0x06, 0x08, 0x06, 0x08, 0x08, 0x0a, 0x07, 0x07, 0x08, 0x08, 0x08, 0x08, 0x0d, 0x09, 0x0f, 0x0a,
	0x0c, 0x0a, 0x0c, 0x0c, 0x0b, 0x0b, 0x0c, 0x0a, 0x0a, 0x0a, 0x0a, 0x0a, 0x0a, 0x0a, 0x0a, 0x0a,
	0x0b, 0x0a, 0x0c, 0x0c, 0x0b, 0x0c, 0x08, 0x04, 0x0a, 0x09, 0x09, 0x0f, 0x0e, 0x09, 0x0e, 0x09,
	0x07, 0x05, 0x0c, 0x0c, 0x0b, 0x0a, 0x06, 0x06, 0x06, 0x06, 0x06, 0x06, 0x07, 0x07, 0x07, 0x07,
	0x00, 0x05, 0x04, 0x0a, 0x0a, 0x0a, 0x06, 0x06, 0x06, 0x06, 0x06, 0x06, 0x07, 0x07, 0x07,
};

struct xfont {
	const char *xlfd;
	const char *alias;	/* the short name, e.g. "8x13" */
	const unsigned char *bits;
	const unsigned char *adv;	/* NULL when monospace */
	unsigned short first, last;
	unsigned char w, h, box, bpr, ascent, descent;
};

static const struct xfont xfonts[] = {
	{ "-misc-fixed-medium-r-normal--13-120-75-75-c-80-iso8859-1", "8x13", xfb_8x13, NULL, 0, 255, 8, 13, 8, 1, 11, 2 },
	{ "-misc-fixed-medium-r-semicondensed--13-120-75-75-c-60-iso8859-1", "6x13", xfb_6x13, NULL, 0, 255, 6, 13, 6, 1, 11, 2 },
	{ "-misc-fixed-medium-r-normal--15-140-75-75-c-90-iso8859-1", "9x15", xfb_9x15, NULL, 0, 255, 9, 15, 9, 2, 12, 3 },
	{ "-misc-fixed-medium-r-normal--8-80-75-75-c-50-iso8859-1", "5x8", xfb_5x8, NULL, 0, 255, 5, 8, 5, 1, 7, 1 },
	{ "-adobe-symbol-medium-r-normal--12-120-75-75-p-74-adobe-fontspecific", "symb12", xfb_symb12, xfa_symb12, 32, 254, 0, 14, 13, 2, 11, 3 },
	{ "-adobe-symbol-medium-r-normal--14-140-75-75-p-85-adobe-fontspecific", "symb14", xfb_symb14, xfa_symb14, 32, 254, 0, 15, 15, 2, 12, 3 },
};

#define XFONT_N	(int)(sizeof(xfonts) / sizeof(xfonts[0]))

#endif /* LVDESK_XSHIM_FONT_H */
